{"stats":{"minecraft:dropped":{"minecraft:repeating_command_block":8,"minecraft:porkchop":59,"minecraft:lapis_lazuli":97,"minecraft:cooked_beef":64,"minecraft:glow_ink_sac":3,"minecraft:emerald_ore":2,"minecraft:diamond":37,"minecraft:spore_blossom":1,"minecraft:crafting_table":2,"minecraft:dark_oak_slab":1,"minecraft:turtle_spawn_egg":1,"minecraft:mossy_stone_brick_stairs":1,"minecraft:cracked_stone_bricks":1,"minecraft:saddle":1,"minecraft:elytra":3,"minecraft:red_carpet":4,"minecraft:item_frame":1,"minecraft:gold_block":64,"minecraft:emerald":148,"minecraft:dirt":10,"minecraft:grass":2,"minecraft:birch_fence":1,"minecraft:dark_oak_fence":2,"minecraft:conduit":64,"minecraft:large_fern":1,"minecraft:dark_oak_trapdoor":1,"minecraft:chain":3,"minecraft:jungle_sapling":1,"minecraft:bone_meal":72,"minecraft:sand":6,"minecraft:dark_oak_planks":2,"minecraft:fermented_spider_eye":1,"minecraft:white_wool":8,"minecraft:small_amethyst_bud":1,"minecraft:birch_stairs":1,"minecraft:bone":19,"minecraft:dark_oak_door":1,"minecraft:stone_axe":1,"minecraft:compass":17,"minecraft:sugar_cane":1,"minecraft:diamond_block":105,"minecraft:lever":2,"minecraft:cobbled_deepslate":89,"minecraft:birch_sapling":2,"minecraft:netherite_sword":6,"minecraft:wheat":14,"minecraft:obsidian":6,"minecraft:stripped_dark_oak_log":1,"minecraft:rotten_flesh":43,"minecraft:oak_planks":8,"minecraft:enchanted_golden_apple":55,"minecraft:netherite_shovel":1,"minecraft:end_stone":1,"minecraft:blaze_powder":1,"minecraft:deepslate_emerald_ore":1,"minecraft:quartz_bricks":1,"minecraft:golden_shovel":1,"minecraft:azure_bluet":1,"minecraft:salmon":1,"minecraft:orange_stained_glass":1,"minecraft:rabbit_foot":1,"minecraft:acacia_button":1,"minecraft:sea_lantern":2,"minecraft:brick_stairs":1,"minecraft:heavy_weighted_pressure_plate":1,"minecraft:coal_ore":1,"minecraft:charcoal":57,"minecraft:quartz_block":1,"minecraft:cod_bucket":1,"minecraft:leather_boots":1,"minecraft:ladder":2,"minecraft:leather_leggings":1,"minecraft:white_dye":1,"minecraft:spruce_slab":1,"minecraft:red_nether_bricks":1,"minecraft:beef":2,"minecraft:glass":24,"minecraft:strider_spawn_egg":1,"minecraft:ghast_tear":1,"minecraft:stone_brick_stairs":3,"minecraft:egg":6,"minecraft:enchanted_book":4,"minecraft:wheat_seeds":67,"minecraft:cyan_stained_glass":1,"minecraft:drowned_spawn_egg":2,"minecraft:deepslate_redstone_ore":1,"minecraft:tnt":41,"minecraft:smooth_quartz_stairs":2,"minecraft:creeper_spawn_egg":1,"minecraft:witch_spawn_egg":1,"minecraft:guardian_spawn_egg":1,"minecraft:oak_fence":3,"minecraft:cobblestone":2,"minecraft:iron_helmet":1,"minecraft:book":27,"minecraft:apple":48,"minecraft:granite":3,"minecraft:command_block":14,"minecraft:red_stained_glass":1,"minecraft:sheep_spawn_egg":3,"minecraft:chicken_spawn_egg":3,"minecraft:chainmail_helmet":2,"minecraft:yellow_carpet":2,"minecraft:end_rod":5,"minecraft:polished_andesite":1,"minecraft:pufferfish":1,"minecraft:oxeye_daisy":1,"minecraft:lava_bucket":2,"minecraft:cobweb":2,"minecraft:golden_carrot":1,"minecraft:wooden_hoe":1,"minecraft:lodestone":2,"minecraft:wooden_axe":30,"minecraft:rose_bush":1,"minecraft:diamond_helmet":2,"minecraft:cooked_salmon":54,"minecraft:lapis_ore":2,"minecraft:lime_carpet":2,"minecraft:potion":25,"minecraft:dead_bush":1,"minecraft:stripped_birch_log":2,"minecraft:oak_stairs":2,"minecraft:golden_hoe":1,"minecraft:heart_of_the_sea":1,"minecraft:iron_shovel":4,"minecraft:chainmail_leggings":2,"minecraft:smooth_sandstone":1,"minecraft:string":2,"minecraft:blue_carpet":4,"minecraft:lily_pad":2,"minecraft:gray_carpet":1,"minecraft:stone_brick_slab":1,"minecraft:snow_block":1,"minecraft:bricks":1,"minecraft:redstone_ore":2,"minecraft:zombie_spawn_egg":3,"minecraft:player_head":1,"minecraft:green_terracotta":2,"minecraft:light_blue_glazed_terracotta":1,"minecraft:cobblestone_wall":2,"minecraft:deepslate":3,"minecraft:experience_bottle":84,"minecraft:stone_shovel":3,"minecraft:chicken":54,"minecraft:white_carpet":2,"minecraft:iron_boots":1,"minecraft:damaged_anvil":1,"minecraft:name_tag":58,"minecraft:light_gray_concrete":5,"minecraft:light_blue_concrete":2,"minecraft:white_terracotta":3,"minecraft:white_shulker_box":1,"minecraft:budding_amethyst":1,"minecraft:diamond_ore":2,"minecraft:nether_bricks":1,"minecraft:oak_sign":12,"minecraft:spruce_fence":2,"minecraft:deepslate_lapis_ore":1,"minecraft:pumpkin_seeds":1,"minecraft:diamond_sword":7,"minecraft:shroomlight":1,"minecraft:rabbit_spawn_egg":2,"minecraft:stone":12,"minecraft:flower_pot":1,"minecraft:spruce_trapdoor":3,"minecraft:spruce_planks":3,"minecraft:small_dripleaf":2,"minecraft:redstone_torch":1,"minecraft:stone_pressure_plate":1,"minecraft:stone_bricks":5,"minecraft:barrel":1,"minecraft:bamboo":50,"minecraft:brown_carpet":2,"minecraft:sandstone":1,"minecraft:bow":1,"minecraft:magenta_dye":1,"minecraft:brick_slab":1,"minecraft:stripped_spruce_wood":1,"minecraft:dark_prismarine":1,"minecraft:quartz_slab":1,"minecraft:nether_brick_stairs":1,"minecraft:gold_ore":3,"minecraft:evoker_spawn_egg":3,"minecraft:crimson_nylium":1,"minecraft:vindicator_spawn_egg":3,"minecraft:moss_block":1,"minecraft:brown_mushroom":2,"minecraft:birch_planks":4,"minecraft:oak_log":5,"minecraft:large_amethyst_bud":1,"minecraft:mule_spawn_egg":1,"minecraft:golden_pickaxe":3,"minecraft:purple_glazed_terracotta":1,"minecraft:nether_star":190,"minecraft:dark_oak_sapling":14,"minecraft:lime_terracotta":4,"minecraft:scute":1,"minecraft:lantern":24,"minecraft:green_shulker_box":1,"minecraft:leather":5,"minecraft:honeycomb":1,"minecraft:red_wool":1,"minecraft:bedrock":3,"minecraft:raw_gold_block":1,"minecraft:cod":1,"minecraft:cobblestone_stairs":1,"minecraft:packed_ice":5,"minecraft:ice":4,"minecraft:polished_blackstone_pressure_plate":3,"minecraft:dispenser":1,"minecraft:cornflower":1,"minecraft:mutton":1,"minecraft:cut_sandstone":3,"minecraft:black_shulker_box":1,"minecraft:white_stained_glass_pane":1,"minecraft:pumpkin_pie":41,"minecraft:glistering_melon_slice":1,"minecraft:tropical_fish_spawn_egg":1,"minecraft:cauldron":1,"minecraft:armor_stand":1,"minecraft:gravel":2,"minecraft:pillager_spawn_egg":3,"minecraft:silverfish_spawn_egg":1,"minecraft:spyglass":1,"minecraft:infested_chiseled_stone_bricks":1,"minecraft:pig_spawn_egg":1,"minecraft:smooth_sandstone_stairs":1,"minecraft:soul_lantern":2,"minecraft:trader_llama_spawn_egg":1,"minecraft:diamond_shovel":1,"minecraft:infested_stone_bricks":1,"minecraft:chainmail_chestplate":2,"minecraft:poppy":1,"minecraft:rabbit_hide":2,"minecraft:leather_chestplate":1,"minecraft:gunpowder":1,"minecraft:ocelot_spawn_egg":2,"minecraft:birch_trapdoor":1,"minecraft:oak_wood":1,"minecraft:melon_seeds":1,"minecraft:lingering_potion":3,"minecraft:stone_brick_wall":1,"minecraft:glowstone":1,"minecraft:birch_door":1,"minecraft:chest":8,"minecraft:chainmail_boots":2,"minecraft:iron_ore":1,"minecraft:iron_bars":5,"minecraft:arrow":1,"minecraft:chain_command_block":35,"minecraft:written_book":33,"minecraft:oak_leaves":15,"minecraft:splash_potion":6,"minecraft:netherrack":1,"minecraft:firework_rocket":53,"minecraft:spawner":11,"minecraft:stone_hoe":1,"minecraft:water_bucket":1,"minecraft:oak_slab":4,"minecraft:stripped_spruce_log":1,"minecraft:vine":5,"minecraft:deepslate_iron_ore":1,"minecraft:mossy_cobblestone":1,"minecraft:bookshelf":3,"minecraft:lead":8,"minecraft:amethyst_block":2,"minecraft:tropical_fish":1,"minecraft:parrot_spawn_egg":2,"minecraft:spruce_stairs":2,"minecraft:grass_block":13,"minecraft:iron_block":1,"minecraft:diorite":12,"minecraft:brewing_stand":2,"minecraft:light_blue_stained_glass":1,"minecraft:torch":6,"minecraft:nether_wart_block":2,"minecraft:smooth_quartz":10,"minecraft:yellow_shulker_box":2,"minecraft:iron_door":4,"minecraft:green_carpet":2,"minecraft:iron_leggings":1,"minecraft:smooth_quartz_slab":2,"minecraft:music_disc_strad":2,"minecraft:wither_rose":1,"minecraft:polished_andesite_stairs":1,"minecraft:cactus":1,"minecraft:tripwire_hook":1,"minecraft:bucket":2,"minecraft:redstone_block":19,"minecraft:dandelion":4,"minecraft:redstone":1,"minecraft:farmland":1,"minecraft:red_concrete":1,"minecraft:anvil":5,"minecraft:ender_chest":1,"minecraft:nether_wart":1,"minecraft:light_gray_terracotta":1,"minecraft:jukebox":2,"minecraft:lime_concrete":1,"minecraft:tall_grass":1,"minecraft:villager_spawn_egg":2,"minecraft:iron_hoe":2,"minecraft:green_concrete":3,"minecraft:ender_eye":62,"minecraft:dirt_path":2,"minecraft:skeleton_spawn_egg":1,"minecraft:glass_pane":1,"minecraft:flint_and_steel":8,"minecraft:donkey_spawn_egg":1,"minecraft:snow":3,"minecraft:diamond_chestplate":1,"minecraft:iron_chestplate":1,"minecraft:fox_spawn_egg":2,"minecraft:quartz_stairs":1,"minecraft:mossy_stone_bricks":7,"minecraft:blue_ice":4,"minecraft:oak_boat":1,"minecraft:oak_sapling":2,"minecraft:end_portal_frame":1,"minecraft:birch_sign":2,"minecraft:cow_spawn_egg":6,"minecraft:slime_ball":11,"minecraft:stone_pickaxe":1,"minecraft:raw_gold":32,"minecraft:calcite":1,"minecraft:medium_amethyst_bud":1,"minecraft:amethyst_cluster":1},"minecraft:picked_up":{"minecraft:wooden_axe":50,"minecraft:birch_door":184,"minecraft:chainmail_boots":1,"minecraft:flower_pot":3,"minecraft:anvil":4,"minecraft:smithing_table":2,"minecraft:lead":24,"minecraft:diamond_sword":15,"minecraft:bee_spawn_egg":1,"minecraft:enchanted_book":2,"minecraft:golden_shovel":3,"minecraft:brewing_stand":1,"minecraft:amethyst_block":1,"minecraft:music_disc_cat":1,"minecraft:string":4,"minecraft:red_nether_bricks":1,"minecraft:pufferfish":2,"minecraft:shroomlight":1,"minecraft:cobbled_deepslate":87,"minecraft:written_book":2,"minecraft:dark_oak_door":3,"minecraft:mojang_banner_pattern":1,"minecraft:music_disc_blocks":4,"minecraft:composter":1,"minecraft:big_dripleaf":3,"minecraft:green_bed":1,"minecraft:golden_chestplate":1,"minecraft:black_dye":1,"minecraft:brown_carpet":4,"minecraft:lime_carpet":1,"minecraft:command_block":4,"minecraft:tropical_fish":16,"minecraft:cow_spawn_egg":1,"minecraft:red_tulip":1,"minecraft:end_rod":1,"minecraft:white_terracotta":1,"minecraft:feather":33,"minecraft:iron_door":54,"minecraft:water_bucket":1,"minecraft:brown_wool":1,"minecraft:smoker":3,"minecraft:lantern":26,"minecraft:rabbit":1,"minecraft:moss_block":1,"minecraft:honeycomb":1,"minecraft:loom":1,"minecraft:red_terracotta":1,"minecraft:barrel":2,"minecraft:iron_hoe":2,"minecraft:blue_terracotta":1,"minecraft:deepslate":1,"minecraft:blue_ice":2,"minecraft:granite":1,"minecraft:chainmail_helmet":1,"minecraft:bread":1,"minecraft:crimson_roots":1,"minecraft:diamond_pickaxe":1,"minecraft:crafting_table":4,"minecraft:bee_nest":3,"minecraft:nether_wart":2,"minecraft:golden_pickaxe":6,"minecraft:acacia_button":1,"minecraft:red_bed":1,"minecraft:acacia_door":1,"minecraft:flint_and_steel":5,"minecraft:compass":27,"minecraft:iron_shovel":9,"minecraft:cracked_stone_bricks":1,"minecraft:cartography_table":2,"minecraft:netherite_sword":3,"minecraft:music_disc_otherside":4,"minecraft:beef":12,"minecraft:jungle_sapling":3,"minecraft:poppy":1,"minecraft:quartz_stairs":1,"minecraft:chest":1,"minecraft:birch_sapling":1,"minecraft:diamond_hoe":4,"minecraft:egg":25,"minecraft:sandstone":1,"minecraft:stone":1,"minecraft:raw_gold_block":1,"minecraft:oak_door":10,"minecraft:music_disc_mellohi":1,"minecraft:white_dye":1,"minecraft:carrot":3,"minecraft:redstone":1,"minecraft:netherite_pickaxe":1,"minecraft:blue_carpet":1,"minecraft:repeating_command_block":4,"minecraft:stone_shovel":1,"minecraft:peony":10,"minecraft:sandstone_stairs":1,"minecraft:totem_of_undying":3,"minecraft:mutton":15,"minecraft:glow_berries":19,"minecraft:white_wool":11,"minecraft:oxeye_daisy":2,"minecraft:red_mushroom":2,"minecraft:oak_log":1,"minecraft:spawner":3,"minecraft:light_blue_banner":9,"minecraft:apple":2,"minecraft:kelp":101,"minecraft:spore_blossom":1,"minecraft:stone_pickaxe":2,"minecraft:tall_grass":1,"minecraft:flowering_azalea":2,"minecraft:prismarine_brick_stairs":1,"minecraft:chain_command_block":9,"minecraft:red_wool":2,"minecraft:gravel":1,"minecraft:birch_stairs":1,"minecraft:light_blue_stained_glass":1,"minecraft:deepslate_redstone_ore":1,"minecraft:painting":1,"minecraft:prismarine_stairs":1,"minecraft:music_disc_strad":12,"minecraft:wheat":1,"minecraft:light_blue_concrete":1,"minecraft:redstone_block":4,"minecraft:yellow_wool":1,"minecraft:potion":12,"minecraft:stone_brick_stairs":2,"minecraft:deepslate_lapis_ore":1,"minecraft:globe_banner_pattern":1,"minecraft:netherite_ingot":1,"minecraft:oak_sign":2,"minecraft:sea_pickle":9,"minecraft:red_dye":1,"minecraft:white_tulip":1,"minecraft:redstone_torch":2,"minecraft:calcite":1,"minecraft:smooth_quartz":1,"minecraft:iron_pickaxe":3,"minecraft:deepslate_iron_ore":1,"minecraft:furnace":2,"minecraft:tipped_arrow":58,"minecraft:stick":4,"minecraft:birch_trapdoor":1,"minecraft:oak_fence":4,"minecraft:torch":9,"minecraft:porkchop":22,"minecraft:diorite":11,"minecraft:pointed_dripstone":9,"minecraft:music_disc_pigstep":2,"minecraft:dirt_path":2,"minecraft:vine":34,"minecraft:light_gray_banner":1,"minecraft:quartz_block":2,"minecraft:cactus":6,"minecraft:rotten_flesh":17,"minecraft:music_disc_ward":1,"minecraft:cod":1,"minecraft:blaze_powder":63,"minecraft:enchanting_table":1,"minecraft:lilac":1,"minecraft:orange_carpet":1,"minecraft:potato":1,"minecraft:skull_banner_pattern":1,"minecraft:light_gray_dye":1,"minecraft:dirt":1,"minecraft:name_tag":1,"minecraft:glass":1,"minecraft:bone":11,"minecraft:bow":1,"minecraft:wheat_seeds":159,"minecraft:small_dripleaf":2,"minecraft:mossy_stone_bricks":1,"minecraft:fletching_table":2,"minecraft:bamboo":4254,"minecraft:stone_hoe":1,"minecraft:ghast_tear":1,"minecraft:red_sandstone_wall":3,"minecraft:music_disc_13":1,"minecraft:lily_of_the_valley":1,"minecraft:diamond_block":64,"minecraft:mossy_cobblestone":1,"minecraft:dark_prismarine":1,"minecraft:light_gray_concrete":2,"minecraft:light_gray_terracotta":1,"minecraft:yellow_carpet":2,"minecraft:light_blue_terracotta":1,"minecraft:soul_lantern":3,"minecraft:bone_meal":60,"minecraft:emerald":70,"minecraft:oak_sapling":79,"minecraft:charcoal":1,"minecraft:azure_bluet":1,"minecraft:splash_potion":36,"minecraft:chicken":7,"minecraft:ladder":1,"minecraft:packed_ice":2,"minecraft:gold_block":64,"minecraft:chain":1,"minecraft:orange_stained_glass":1,"minecraft:moss_carpet":3,"minecraft:item_frame":2,"minecraft:blackstone":1,"minecraft:blue_orchid":2,"minecraft:mossy_cobblestone_wall":1,"minecraft:oak_boat":1,"minecraft:spruce_trapdoor":1,"minecraft:copper_ingot":1,"minecraft:gray_dye":1,"minecraft:music_disc_11":2,"minecraft:light_blue_bed":1,"minecraft:brown_dye":23,"minecraft:stone_pressure_plate":1,"minecraft:arrow":8,"minecraft:pink_tulip":1,"minecraft:black_banner":1,"minecraft:skeleton_skull":1,"minecraft:salmon":5,"minecraft:leather":27,"minecraft:music_disc_stal":1,"minecraft:birch_planks":1,"minecraft:ice":1,"minecraft:chainmail_chestplate":1,"minecraft:nether_wart_block":1,"minecraft:gunpowder":2,"minecraft:cobblestone_stairs":1,"minecraft:red_carpet":2,"minecraft:gray_carpet":1,"minecraft:deepslate_emerald_ore":1,"minecraft:rabbit_hide":5,"minecraft:cooked_chicken":8,"minecraft:acacia_sapling":2,"minecraft:music_disc_chirp":1,"minecraft:dandelion":10,"minecraft:lava_bucket":2,"minecraft:amethyst_shard":12,"minecraft:soul_torch":2,"minecraft:red_banner":4,"minecraft:white_bed":4,"minecraft:mossy_stone_brick_slab":1,"minecraft:spruce_door":2,"minecraft:music_disc_mall":1,"minecraft:chainmail_leggings":1,"minecraft:damaged_anvil":2,"minecraft:coal":2},"minecraft:mined":{"minecraft:amethyst_cluster":5,"minecraft:bamboo":1,"minecraft:iron_door":3,"minecraft:oak_fence":1,"minecraft:small_dripleaf":1},"minecraft:killed_by":{"minecraft:panda":2},"minecraft:custom":{"minecraft:interact_with_crafting_table":5,"minecraft:open_barrel":48,"minecraft:bell_ring":118,"minecraft:leave_game":369,"minecraft:time_since_death":548010,"minecraft:play_time":12793481,"minecraft:deaths":19,"minecraft:jump":71592,"minecraft:interact_with_furnace":4,"minecraft:play_record":21,"minecraft:traded_with_villager":158,"minecraft:interact_with_cartography_table":2,"minecraft:sleep_in_bed":19,"minecraft:damage_dealt":25533,"minecraft:interact_with_smoker":17,"minecraft:inspect_dispenser":57,"minecraft:interact_with_anvil":73,"minecraft:sneak_time":1017373,"minecraft:interact_with_lectern":3,"minecraft:interact_with_blast_furnace":4,"minecraft:total_world_time":12959727,"minecraft:time_since_rest":548037,"minecraft:swim_one_cm":513410,"minecraft:fly_one_cm":178527840,"minecraft:open_chest":616,"minecraft:fall_one_cm":6659,"minecraft:animals_bred":3,"minecraft:open_shulker_box":380,"minecraft:sprint_one_cm":8100769,"minecraft:drop":1192,"minecraft:talked_to_villager":1041,"minecraft:interact_with_brewingstand":26,"minecraft:walk_on_water_one_cm":969804,"minecraft:interact_with_loom":18,"minecraft:open_enderchest":6,"minecraft:crouch_one_cm":461433,"minecraft:mob_kills":186,"minecraft:fill_cauldron":17,"minecraft:interact_with_campfire":8,"minecraft:climb_one_cm":263961,"minecraft:walk_one_cm":10058900,"minecraft:walk_under_water_one_cm":5186606,"minecraft:boat_one_cm":3495,"minecraft:pot_flower":26,"minecraft:interact_with_grindstone":1,"minecraft:damage_taken":3600,"minecraft:aviate_one_cm":158181},"minecraft:killed":{"minecraft:zombie_horse":1,"minecraft:skeleton":2,"minecraft:fox":4,"minecraft:chicken":2,"minecraft:skeleton_horse":1,"minecraft:parrot":13,"minecraft:salmon":4,"minecraft:pillager":4,"minecraft:goat":2,"minecraft:zombie":1,"minecraft:cow":2,"minecraft:evoker":2,"minecraft:vindicator":1,"minecraft:husk":1,"minecraft:rabbit":4,"minecraft:wandering_trader":12,"minecraft:bee":1,"minecraft:axolotl":10,"minecraft:piglin":2,"minecraft:pig":2,"minecraft:zombie_villager":1,"minecraft:strider":1,"minecraft:sheep":6,"minecraft:trader_llama":20,"minecraft:phantom":1,"minecraft:panda":2,"minecraft:llama":1,"minecraft:drowned":1,"minecraft:bat":23,"minecraft:villager":30},"minecraft:used":{"minecraft:peony":11,"minecraft:moss_block":50,"minecraft:nether_brick_fence":99,"minecraft:writable_book":32,"minecraft:jack_o_lantern":1,"minecraft:smooth_quartz_slab":1015,"minecraft:polished_blackstone":4,"minecraft:cut_red_sandstone_slab":36,"minecraft:dispenser":31,"minecraft:ladder":93,"minecraft:red_sandstone_slab":8,"minecraft:spruce_slab":462,"minecraft:poppy":12,"minecraft:black_carpet":6,"minecraft:chest":276,"minecraft:stone":8416,"minecraft:quartz_stairs":86,"minecraft:white_shulker_box":5,"minecraft:red_nether_brick_stairs":45,"minecraft:warped_sign":4,"minecraft:farmland":49,"minecraft:tube_coral":22,"minecraft:soul_sand":133,"minecraft:lily_of_the_valley":9,"minecraft:skeleton_spawn_egg":18,"minecraft:blue_stained_glass":59,"minecraft:brick_slab":24,"minecraft:allium":5,"minecraft:orange_wool":12,"minecraft:acacia_sapling":13,"minecraft:acacia_button":2,"minecraft:snowball":1,"minecraft:azure_bluet":20,"minecraft:stripped_spruce_log":14,"minecraft:wandering_trader_spawn_egg":2,"minecraft:jungle_sapling":722,"minecraft:polished_blackstone_slab":14,"minecraft:packed_ice":1764,"minecraft:honeycomb":3,"minecraft:lava_bucket":758,"minecraft:stripped_dark_oak_wood":32,"minecraft:quartz_pillar":25,"minecraft:villager_spawn_egg":30,"minecraft:music_disc_pigstep":2,"minecraft:red_wool":471,"minecraft:warped_hyphae":142,"minecraft:grass_block":2749,"minecraft:birch_sapling":18,"minecraft:polished_andesite_stairs":343,"minecraft:orange_shulker_box":14,"minecraft:music_disc_ward":1,"minecraft:quartz_block":784,"minecraft:music_disc_chirp":1,"minecraft:dark_oak_leaves":4,"minecraft:dark_oak_slab":393,"minecraft:diorite_wall":58,"minecraft:stone_brick_stairs":611,"minecraft:music_disc_stal":1,"minecraft:dolphin_spawn_egg":4,"minecraft:red_stained_glass_pane":31,"minecraft:infested_mossy_stone_bricks":1,"minecraft:snow":643,"minecraft:bow":10,"minecraft:guardian_spawn_egg":26,"minecraft:furnace":29,"minecraft:oak_sapling":154,"minecraft:acacia_fence":20,"minecraft:egg":18,"minecraft:potato":21,"minecraft:seagrass":209,"minecraft:dark_prismarine_stairs":77,"minecraft:magenta_shulker_box":1,"minecraft:spider_spawn_egg":9,"minecraft:light_blue_carpet":164,"minecraft:emerald_ore":53,"minecraft:mossy_stone_bricks":2027,"minecraft:diorite":204,"minecraft:damaged_anvil":14,"minecraft:cow_spawn_egg":32,"minecraft:spruce_door":25,"minecraft:brick_wall":2,"minecraft:stripped_birch_log":284,"minecraft:red_stained_glass":167,"minecraft:acacia_trapdoor":14,"minecraft:prismarine":536,"minecraft:blackstone":7,"minecraft:cactus":106,"minecraft:fox_spawn_egg":3,"minecraft:mossy_stone_brick_stairs":563,"minecraft:black_glazed_terracotta":81,"minecraft:composter":7,"minecraft:parrot_spawn_egg":30,"minecraft:clay":342,"minecraft:oak_leaves":859,"minecraft:smooth_quartz_stairs":2165,"minecraft:glow_berries":365,"minecraft:respawn_anchor":2,"minecraft:dark_oak_trapdoor":2,"minecraft:blue_dye":2,"minecraft:sand":1340,"minecraft:cut_sandstone_slab":122,"minecraft:blast_furnace":10,"minecraft:smooth_red_sandstone":33,"minecraft:acacia_leaves":39,"minecraft:blue_ice":2691,"minecraft:gray_concrete":40,"minecraft:squid_spawn_egg":32,"minecraft:red_sandstone_wall":52,"minecraft:birch_fence":1,"minecraft:enderman_spawn_egg":39,"minecraft:chiseled_sandstone":21,"minecraft:crying_obsidian":14,"minecraft:birch_slab":29,"minecraft:deepslate_iron_ore":5,"minecraft:stone_button":5,"minecraft:cyan_carpet":8,"minecraft:white_glazed_terracotta":5,"minecraft:spore_blossom":21,"minecraft:lectern":22,"minecraft:red_terracotta":3,"minecraft:polished_granite":1,"minecraft:oak_pressure_plate":7,"minecraft:diamond_ore":241,"minecraft:cut_red_sandstone":93,"minecraft:lilac":3,"minecraft:soul_lantern":89,"minecraft:magenta_stained_glass_pane":58,"minecraft:nether_wart_block":14,"minecraft:diamond_sword":143,"minecraft:dark_oak_fence":105,"minecraft:white_stained_glass":431,"minecraft:smithing_table":6,"minecraft:bubble_coral_block":62,"minecraft:birch_log":42,"minecraft:piglin_spawn_egg":48,"minecraft:ice":59,"minecraft:oak_boat":2,"minecraft:gray_stained_glass":22,"minecraft:iron_bars":174,"minecraft:polished_blackstone_brick_slab":34,"minecraft:acacia_log":9,"minecraft:enchanting_table":8,"minecraft:dead_bush":60,"minecraft:brain_coral_fan":19,"minecraft:red_concrete":1,"minecraft:armor_stand":18,"minecraft:light_gray_carpet":34,"minecraft:silverfish_spawn_egg":7,"minecraft:wither_skeleton_spawn_egg":2,"minecraft:bee_spawn_egg":2,"minecraft:structure_block":2,"minecraft:sandstone_wall":128,"minecraft:netherrack":813,"minecraft:torch":341,"minecraft:orange_bed":1,"minecraft:orange_stained_glass":51,"minecraft:light_gray_shulker_box":23,"minecraft:brewing_stand":38,"minecraft:anvil":39,"minecraft:light_blue_dye":1,"minecraft:nether_quartz_ore":3,"minecraft:twisting_vines":6,"minecraft:crimson_hyphae":9,"minecraft:nether_brick_slab":23,"minecraft:cod_bucket":29,"minecraft:yellow_carpet":40,"minecraft:golden_shovel":12,"minecraft:jungle_trapdoor":10,"minecraft:glow_lichen":81,"minecraft:oak_fence_gate":21,"minecraft:nether_brick_stairs":650,"minecraft:mossy_cobblestone_stairs":219,"minecraft:small_dripleaf":28,"minecraft:shroomlight":14,"minecraft:music_disc_mellohi":1,"minecraft:red_shulker_box":12,"minecraft:flowering_azalea":7,"minecraft:sea_lantern":825,"minecraft:cyan_shulker_box":5,"minecraft:iron_block":1209,"minecraft:iron_axe":35,"minecraft:brick_stairs":154,"minecraft:spawner":184,"minecraft:jungle_log":180,"minecraft:chicken_spawn_egg":15,"minecraft:smooth_quartz":16730,"minecraft:piglin_brute_spawn_egg":27,"minecraft:pink_stained_glass_pane":12,"minecraft:prismarine_slab":16,"minecraft:barrel":30,"minecraft:bamboo":238,"minecraft:tripwire_hook":71,"minecraft:glowstone":186,"minecraft:lime_concrete":22,"minecraft:tall_grass":55,"minecraft:iron_trapdoor":2,"minecraft:podzol":117,"minecraft:cobbled_deepslate":194,"minecraft:acacia_planks":61,"minecraft:orange_terracotta":51,"minecraft:magenta_dye":1,"minecraft:horn_coral_fan":29,"minecraft:hanging_roots":3,"minecraft:crimson_stem":70,"minecraft:pointed_dripstone":226,"minecraft:calcite":15,"minecraft:deepslate_emerald_ore":2,"minecraft:wheat_seeds":89,"minecraft:water_bucket":2701,"minecraft:nether_brick_wall":9,"minecraft:light_blue_shulker_box":8,"minecraft:light_blue_glazed_terracotta":73,"minecraft:tube_coral_block":58,"minecraft:dirt_path":316,"minecraft:sandstone_stairs":172,"minecraft:birch_planks":276,"minecraft:yellow_shulker_box":8,"minecraft:cartography_table":13,"minecraft:lime_wool":15,"minecraft:bubble_coral_fan":33,"minecraft:smooth_sandstone_slab":66,"minecraft:cauldron":26,"minecraft:fletching_table":14,"minecraft:sheep_spawn_egg":16,"minecraft:glow_ink_sac":9,"minecraft:spruce_fence_gate":8,"minecraft:horse_spawn_egg":6,"minecraft:gold_ore":345,"minecraft:polished_blackstone_bricks":57,"minecraft:conduit":1,"minecraft:cracked_stone_bricks":250,"minecraft:diamond_block":2,"minecraft:orange_carpet":157,"minecraft:mossy_cobblestone":383,"minecraft:light_gray_banner":4,"minecraft:lime_terracotta":32,"minecraft:rail":39,"minecraft:vine":744,"minecraft:red_bed":22,"minecraft:oak_slab":314,"minecraft:crafting_table":33,"minecraft:crimson_trapdoor":1,"minecraft:phantom_spawn_egg":19,"minecraft:birch_sign":26,"minecraft:white_bed":17,"minecraft:campfire":62,"minecraft:fire_coral":14,"minecraft:endermite_spawn_egg":15,"minecraft:cake":1,"minecraft:spruce_log":58,"minecraft:music_disc_strad":4,"minecraft:mushroom_stem":1,"minecraft:small_amethyst_bud":17,"minecraft:amethyst_cluster":44,"minecraft:oak_log":1055,"minecraft:blue_stained_glass_pane":226,"minecraft:dark_prismarine":430,"minecraft:cornflower":15,"minecraft:ender_eye":40,"minecraft:diamond_pickaxe":1,"minecraft:ghast_spawn_egg":3,"minecraft:oxeye_daisy":22,"minecraft:diamond_shovel":251,"minecraft:acacia_sign":1,"minecraft:sunflower":14,"minecraft:iron_pickaxe":1,"minecraft:pig_spawn_egg":7,"minecraft:tnt_minecart":3,"minecraft:cyan_concrete":105,"minecraft:spruce_trapdoor":81,"minecraft:spruce_sapling":13,"minecraft:music_disc_blocks":1,"minecraft:crimson_nylium":146,"minecraft:blue_carpet":89,"minecraft:green_carpet":23,"minecraft:chiseled_stone_bricks":155,"minecraft:cobblestone":926,"minecraft:potion":3,"minecraft:orange_banner":4,"minecraft:purple_bed":4,"minecraft:cooked_porkchop":1,"minecraft:andesite_stairs":26,"minecraft:sandstone_slab":83,"minecraft:glass_pane":97,"minecraft:repeating_command_block":105,"minecraft:end_portal_frame":71,"minecraft:goat_spawn_egg":4,"minecraft:stripped_oak_log":9,"minecraft:husk_spawn_egg":4,"minecraft:kelp":627,"minecraft:dandelion":89,"minecraft:jukebox":13,"minecraft:candle":29,"minecraft:green_stained_glass":9,"minecraft:moss_carpet":15,"minecraft:light_blue_stained_glass_pane":98,"minecraft:light_blue_banner":26,"minecraft:blue_terracotta":10,"minecraft:iron_shovel":153,"minecraft:melon":14,"minecraft:oak_sign":75,"minecraft:diamond_hoe":1,"minecraft:white_concrete_powder":1,"minecraft:axolotl_spawn_egg":7,"minecraft:donkey_spawn_egg":2,"minecraft:white_terracotta":171,"minecraft:zombie_spawn_egg":71,"minecraft:purple_shulker_box":19,"minecraft:stripped_jungle_wood":5,"minecraft:grass":49,"minecraft:vex_spawn_egg":44,"minecraft:bell":9,"minecraft:bubble_coral":18,"minecraft:mossy_stone_brick_slab":41,"minecraft:player_head":13,"minecraft:smooth_sandstone_stairs":309,"minecraft:green_terracotta":30,"minecraft:stripped_crimson_stem":97,"minecraft:white_candle":1,"minecraft:mooshroom_spawn_egg":6,"minecraft:birch_pressure_plate":2,"minecraft:stray_spawn_egg":43,"minecraft:carrot":24,"minecraft:nether_bricks":389,"minecraft:prismarine_brick_stairs":91,"minecraft:tuff":40,"minecraft:music_disc_11":2,"minecraft:music_disc_13":1,"minecraft:axolotl_bucket":1,"minecraft:obsidian":146,"minecraft:honey_bottle":2,"minecraft:big_dripleaf":30,"minecraft:red_sandstone_stairs":1,"minecraft:glass":2090,"minecraft:bricks":90,"minecraft:coal_ore":658,"minecraft:quartz_slab":57,"minecraft:lantern":188,"minecraft:blue_orchid":19,"minecraft:panda_spawn_egg":4,"minecraft:green_wool":4,"minecraft:polished_blackstone_brick_wall":30,"minecraft:warped_nylium":38,"minecraft:light_blue_bed":4,"minecraft:tropical_fish_spawn_egg":102,"minecraft:crimson_roots":5,"minecraft:raw_gold_block":51,"minecraft:stone_bricks":1003,"minecraft:slime_spawn_egg":8,"minecraft:item_frame":49,"minecraft:birch_button":10,"minecraft:bedrock":640,"minecraft:deepslate_diamond_ore":4,"minecraft:birch_trapdoor":303,"minecraft:repeater":3,"minecraft:red_carpet":149,"minecraft:redstone_lamp":23,"minecraft:red_nether_brick_wall":100,"minecraft:magma_block":8,"minecraft:brown_carpet":305,"minecraft:horn_coral":15,"minecraft:warped_fungus":3,"minecraft:hay_block":34,"minecraft:written_book":71,"minecraft:blue_shulker_box":17,"minecraft:gray_bed":6,"minecraft:beetroot_seeds":18,"minecraft:gold_block":188,"minecraft:skeleton_skull":5,"minecraft:fire_coral_fan":18,"minecraft:large_fern":3,"minecraft:stripped_spruce_wood":25,"minecraft:zoglin_spawn_egg":8,"minecraft:chiseled_polished_blackstone":2,"minecraft:zombie_horse_spawn_egg":1,"minecraft:dark_oak_stairs":62,"minecraft:tube_coral_fan":22,"minecraft:end_rod":492,"minecraft:stripped_acacia_log":76,"minecraft:witch_spawn_egg":36,"minecraft:elder_guardian_spawn_egg":6,"minecraft:gray_carpet":395,"minecraft:birch_wood":3,"minecraft:prismarine_stairs":202,"minecraft:oak_planks":1285,"minecraft:ender_pearl":6,"minecraft:sandstone":576,"minecraft:redstone_block":2165,"minecraft:sugar_cane":15,"minecraft:large_amethyst_bud":22,"minecraft:brain_coral":12,"minecraft:white_wool":453,"minecraft:light_blue_concrete":306,"minecraft:infested_chiseled_stone_bricks":262,"minecraft:loom":6,"minecraft:light_blue_wool":206,"minecraft:black_banner":9,"minecraft:light_gray_terracotta":66,"minecraft:mule_spawn_egg":2,"minecraft:deepslate_redstone_ore":6,"minecraft:crossbow":4,"minecraft:cave_spider_spawn_egg":5,"minecraft:sponge":260,"minecraft:lingering_potion":37,"minecraft:skeleton_horse_spawn_egg":2,"minecraft:dripstone_block":143,"minecraft:stone_brick_wall":72,"minecraft:deepslate_lapis_ore":5,"minecraft:end_stone":16,"minecraft:creeper_spawn_egg":4,"minecraft:redstone_torch":34,"minecraft:black_terracotta":481,"minecraft:lever":39,"minecraft:green_concrete":100,"minecraft:hoglin_spawn_egg":6,"minecraft:black_concrete":176,"minecraft:firework_rocket":26,"minecraft:gray_shulker_box":2,"minecraft:daylight_detector":7,"minecraft:acacia_door":7,"minecraft:music_disc_mall":1,"minecraft:heavy_weighted_pressure_plate":3,"minecraft:lime_carpet":64,"minecraft:light_gray_concrete":853,"minecraft:string":64,"minecraft:brown_wool":5,"minecraft:barrier":17,"minecraft:light_gray_candle":2,"minecraft:iron_door":60,"minecraft:deepslate":235,"minecraft:gravel":1148,"minecraft:stripped_warped_hyphae":2,"minecraft:evoker_spawn_egg":78,"minecraft:ocelot_spawn_egg":9,"minecraft:smooth_red_sandstone_slab":17,"minecraft:light_blue_concrete_powder":10,"minecraft:pufferfish_bucket":6,"minecraft:chainmail_boots":1,"minecraft:stripped_oak_wood":75,"minecraft:grindstone":1,"minecraft:medium_amethyst_bud":16,"minecraft:crimson_door":7,"minecraft:andesite":156,"minecraft:chain":125,"minecraft:mossy_cobblestone_wall":37,"minecraft:smooth_stone_slab":181,"minecraft:chest_minecart":1,"minecraft:white_concrete":49,"minecraft:coarse_dirt":210,"minecraft:tropical_fish_bucket":10,"minecraft:bone_meal":4978,"minecraft:experience_bottle":92,"minecraft:cobweb":287,"minecraft:netherite_sword":96,"minecraft:azalea":9,"minecraft:oak_fence":410,"minecraft:jungle_leaves":189,"minecraft:purpur_block":72,"minecraft:petrified_oak_slab":25,"minecraft:trident":12,"minecraft:rose_bush":12,"minecraft:trader_llama_spawn_egg":2,"minecraft:music_disc_otherside":5,"minecraft:crimson_fence":109,"minecraft:white_tulip":3,"minecraft:flint_and_steel":89,"minecraft:redstone_ore":163,"minecraft:redstone":84,"minecraft:pufferfish_spawn_egg":38,"minecraft:stone_shovel":46,"minecraft:zombie_villager_spawn_egg":5,"minecraft:light_blue_terracotta":344,"minecraft:spruce_planks":796,"minecraft:ender_chest":3,"minecraft:brown_shulker_box":3,"minecraft:deepslate_gold_ore":18,"minecraft:stripped_birch_wood":1,"minecraft:oak_door":27,"minecraft:dirt":2048,"minecraft:spyglass":46,"minecraft:red_nether_brick_slab":40,"minecraft:white_carpet":98,"minecraft:prismarine_bricks":2315,"minecraft:spruce_stairs":328,"minecraft:cobblestone_wall":27,"minecraft:warped_door":2,"minecraft:shulker_box":16,"minecraft:oak_wood":757,"minecraft:bee_nest":3,"minecraft:pink_carpet":3,"minecraft:granite":341,"minecraft:spruce_fence":109,"minecraft:light_blue_stained_glass":580,"minecraft:birch_door":246,"minecraft:purple_stained_glass_pane":15,"minecraft:iron_hoe":57,"minecraft:dark_oak_planks":1056,"minecraft:stone_brick_slab":142,"minecraft:ravager_spawn_egg":50,"minecraft:wooden_axe":221,"minecraft:red_tulip":2,"minecraft:light_gray_stained_glass":5,"minecraft:bookshelf":411,"minecraft:yellow_stained_glass":14,"minecraft:oak_stairs":938,"minecraft:smooth_sandstone":127,"minecraft:acacia_slab":120,"minecraft:polished_blackstone_brick_stairs":126,"minecraft:crimson_planks":178,"minecraft:light_gray_wool":88,"minecraft:black_stained_glass":62,"minecraft:soul_soil":5,"minecraft:black_dye":1,"minecraft:white_stained_glass_pane":283,"minecraft:drowned_spawn_egg":48,"minecraft:netherite_pickaxe":1,"minecraft:infested_cobblestone":4,"minecraft:stone_pressure_plate":8,"minecraft:horn_coral_block":48,"minecraft:cooked_beef":1,"minecraft:enchanted_golden_apple":1,"minecraft:red_dye":3,"minecraft:mossy_stone_brick_wall":71,"minecraft:powder_snow_bucket":7,"minecraft:turtle_egg":13,"minecraft:light_gray_bed":6,"minecraft:brain_coral_block":21,"minecraft:turtle_spawn_egg":2,"minecraft:quartz_bricks":123,"minecraft:pink_tulip":7,"minecraft:iron_ore":471,"minecraft:amethyst_block":400,"minecraft:cobblestone_stairs":136,"minecraft:lodestone":2,"minecraft:snow_block":1118,"minecraft:glass_bottle":1,"minecraft:polished_andesite":126,"minecraft:red_nether_bricks":109,"minecraft:llama_spawn_egg":2,"minecraft:blue_wool":6,"minecraft:copper_block":8,"minecraft:chiseled_nether_bricks":1,"minecraft:black_shulker_box":31,"minecraft:purple_glazed_terracotta":1,"minecraft:brown_mushroom":51,"minecraft:cut_sandstone":413,"minecraft:magenta_stained_glass":274,"minecraft:red_glazed_terracotta":2,"minecraft:white_dye":4,"minecraft:green_bed":1,"minecraft:vindicator_spawn_egg":188,"minecraft:stonecutter":6,"minecraft:cobblestone_slab":35,"minecraft:warped_roots":4,"minecraft:glow_item_frame":84,"minecraft:polished_blackstone_pressure_plate":5,"minecraft:music_disc_cat":1,"minecraft:rabbit_spawn_egg":20,"minecraft:stripped_dark_oak_log":75,"minecraft:terracotta":4,"minecraft:strider_spawn_egg":2,"minecraft:dark_prismarine_slab":55,"minecraft:magenta_bed":2,"minecraft:red_mushroom":2,"minecraft:yellow_stained_glass_pane":12,"minecraft:polar_bear_spawn_egg":6,"minecraft:painting":99,"minecraft:magenta_carpet":4,"minecraft:smoker":19,"minecraft:infested_stone_bricks":8,"minecraft:smooth_red_sandstone_stairs":5,"minecraft:dark_oak_door":23,"minecraft:cyan_stained_glass":14,"minecraft:nether_gold_ore":13,"minecraft:purple_stained_glass":131,"minecraft:netherite_block":74,"minecraft:wooden_hoe":2,"minecraft:flower_pot":29,"minecraft:acacia_stairs":34,"minecraft:command_block":160,"minecraft:lapis_ore":92,"minecraft:budding_amethyst":44,"minecraft:yellow_wool":9,"minecraft:stone_axe":1,"minecraft:fire_coral_block":19,"minecraft:green_shulker_box":6,"minecraft:cod_spawn_egg":1,"minecraft:crimson_fungus":2,"minecraft:cyan_stained_glass_pane":89,"minecraft:white_banner":1,"minecraft:jungle_door":6,"minecraft:red_banner":38,"minecraft:chain_command_block":378,"minecraft:yellow_bed":1,"minecraft:sea_pickle":200,"minecraft:polished_blackstone_button":4,"minecraft:purple_carpet":14,"minecraft:birch_stairs":155,"minecraft:smooth_stone":614,"minecraft:splash_potion":286,"minecraft:pillager_spawn_egg":132,"minecraft:soul_torch":112},"minecraft:crafted":{"minecraft:blaze_powder":2,"minecraft:tipped_arrow":1,"minecraft:emerald":146,"minecraft:cooked_porkchop":8,"minecraft:elytra":4,"minecraft:leather_leggings":1,"minecraft:experience_bottle":40,"minecraft:dried_kelp":6,"minecraft:enchanted_book":41,"minecraft:music_disc_strad":57,"minecraft:leather_chestplate":4,"minecraft:leather_boots":1,"minecraft:diamond_sword":1,"minecraft:nether_star":1032,"minecraft:air":0}},"DataVersion":2975}