{"stats":{"minecraft:killed_by":{"minecraft:skeleton":1},"minecraft:mined":{"minecraft:stripped_dark_oak_log":2,"minecraft:dandelion":28,"minecraft:cornflower":3,"minecraft:torch":1,"minecraft:dark_oak_fence":1,"minecraft:short_grass":208,"minecraft:grass_block":130,"minecraft:poppy":4,"minecraft:cobblestone":1,"minecraft:tall_grass":105,"minecraft:green_concrete":2,"minecraft:oak_planks":1,"minecraft:oxeye_daisy":3,"minecraft:birch_log":6,"minecraft:iron_ore":7,"minecraft:birch_leaves":6,"minecraft:azure_bluet":5,"minecraft:peony":1,"minecraft:oak_log":20,"minecraft:coal_ore":4,"minecraft:lime_terracotta":2,"minecraft:sand":1,"minecraft:dirt":112,"minecraft:stone":224,"minecraft:oak_leaves":50,"minecraft:birch_fence":1},"minecraft:dropped":{"minecraft:iron_ingot":3,"minecraft:dirt":31},"minecraft:crafted":{"minecraft:oak_planks":36,"minecraft:stone_shovel":2,"minecraft:crafting_table":1,"minecraft:furnace":1,"minecraft:birch_planks":24,"minecraft:dark_oak_fence":6,"minecraft:birch_fence":3,"minecraft:stick":24,"minecraft:birch_fence_gate":1,"minecraft:iron_ingot":3,"minecraft:stone_pickaxe":2,"minecraft:wooden_axe":1,"minecraft:chest":3,"minecraft:birch_door":3,"minecraft:dark_oak_planks":8,"minecraft:torch":4},"minecraft:custom":{"minecraft:interact_with_furnace":6,"minecraft:mob_kills":2,"minecraft:interact_with_crafting_table":19,"minecraft:leave_game":2,"minecraft:time_since_death":54638,"minecraft:climb_one_cm":2184,"minecraft:time_since_rest":54686,"minecraft:sprint_one_cm":22179,"minecraft:damage_taken":595,"minecraft:walk_one_cm":298116,"minecraft:drop":2,"minecraft:damage_dealt":262,"minecraft:fly_one_cm":2453,"minecraft:open_chest":13,"minecraft:crouch_one_cm":641,"minecraft:play_time":57565,"minecraft:deaths":3,"minecraft:sneak_time":217,"minecraft:walk_under_water_one_cm":5287,"minecraft:jump":307,"minecraft:walk_on_water_one_cm":7679,"minecraft:total_world_time":57565,"minecraft:fall_one_cm":4099},"minecraft:picked_up":{"minecraft:birch_log":6,"minecraft:azure_bluet":5,"minecraft:feather":1,"minecraft:chicken":1,"minecraft:oak_log":20,"minecraft:shield":1,"minecraft:gunpowder":3,"minecraft:cornflower":3,"minecraft:dirt":257,"minecraft:birch_fence":1,"minecraft:bone":1,"minecraft:apple":1,"minecraft:wheat_seeds":31,"minecraft:stone_pickaxe":1,"minecraft:poppy":4,"minecraft:birch_sapling":3,"minecraft:oak_planks":1,"minecraft:egg":3,"minecraft:stick":2,"minecraft:raw_iron":6,"minecraft:lime_terracotta":2,"minecraft:torch":2,"minecraft:dandelion":27,"minecraft:sand":2,"minecraft:grass_block":3,"minecraft:arrow":2,"minecraft:rotten_flesh":12,"minecraft:stone_shovel":1,"minecraft:green_concrete":2,"minecraft:stone_axe":1,"minecraft:peony":1,"minecraft:oak_sapling":9,"minecraft:dark_oak_fence":1,"minecraft:mutton":1,"minecraft:stripped_dark_oak_log":2,"minecraft:coal":4,"minecraft:white_wool":1,"minecraft:cobblestone":217,"minecraft:oxeye_daisy":3},"minecraft:killed":{"minecraft:skeleton":1,"minecraft:zombie":1},"minecraft:broken":{"minecraft:stone_pickaxe":1,"minecraft:stone_shovel":1},"minecraft:used":{"minecraft:wheat_seeds":18,"minecraft:stone_shovel":212,"minecraft:stone_pickaxe":241,"minecraft:poppy":1,"minecraft:oak_planks":1,"minecraft:chest":3,"minecraft:rotten_flesh":4,"minecraft:torch":4,"minecraft:dirt":77,"minecraft:sand":2,"minecraft:crafting_table":1,"minecraft:azure_bluet":5,"minecraft:birch_fence":4,"minecraft:birch_door":1,"minecraft:oak_log":4,"minecraft:wooden_axe":103,"minecraft:oxeye_daisy":1,"minecraft:birch_fence_gate":1,"minecraft:grass_block":3,"minecraft:stone_axe":43,"minecraft:furnace":1,"minecraft:dark_oak_fence":7,"minecraft:egg":3,"minecraft:dandelion":11}},"DataVersion":3955}