{"stats":{"minecraft:killed_by":{"minecraft:creeper":3,"minecraft:cave_spider":1,"minecraft:zombie":4,"minecraft:husk":5,"minecraft:spider":2,"minecraft:enderman":1,"minecraft:skeleton":3},"minecraft:dropped":{"minecraft:cooked_beef":5,"minecraft:baked_potato":1,"minecraft:ender_pearl":3,"minecraft:crafting_table":2,"minecraft:cooked_porkchop":3,"minecraft:music_disc_11":1,"minecraft:emerald":2,"minecraft:dirt":224,"minecraft:gold_nugget":8,"minecraft:bone_meal":48,"minecraft:sand":5,"minecraft:iron_pickaxe":1,"minecraft:bone":1,"minecraft:stone_axe":2,"minecraft:sugar_cane":806,"minecraft:cooked_chicken":21,"minecraft:music_disc_otherside":1,"minecraft:wheat":1,"minecraft:stripped_dark_oak_log":8,"minecraft:rotten_flesh":76,"minecraft:cooked_mutton":7,"minecraft:gunpowder":10,"minecraft:arrow":15,"minecraft:egg":9,"minecraft:iron_ingot":3,"minecraft:enchanted_book":2,"minecraft:bread":4,"minecraft:wheat_seeds":14,"minecraft:diamond_leggings":2,"minecraft:cobblestone":236,"minecraft:apple":2,"minecraft:coal":1,"minecraft:oxeye_daisy":1,"minecraft:torch":16,"minecraft:music_disc_wait":1,"minecraft:iron_shovel":1,"minecraft:string":7,"minecraft:bucket":3,"minecraft:dandelion":1,"minecraft:stone_sword":3,"minecraft:cobblestone_wall":198,"minecraft:raw_iron":3,"minecraft:green_concrete":5,"minecraft:diamond_sword":3,"minecraft:potato":1,"minecraft:shield":1,"minecraft:allium":4,"minecraft:diamond_chestplate":4,"minecraft:diamond_pickaxe":1,"minecraft:spider_eye":3,"minecraft:diamond_boots":1,"minecraft:sandstone":1,"minecraft:bow":3,"minecraft:stone_pickaxe":1},"minecraft:mined":{"minecraft:dark_oak_planks":1,"minecraft:potted_pink_tulip":1,"minecraft:spruce_planks":4,"minecraft:oak_sapling":15,"minecraft:jungle_leaves":5,"minecraft:cave_vines_plant":1,"minecraft:budding_amethyst":1,"minecraft:grass_block":3220,"minecraft:green_concrete":5,"minecraft:oxeye_daisy":21,"minecraft:tall_seagrass":1,"minecraft:fire":10,"minecraft:iron_ore":44,"minecraft:azure_bluet":21,"minecraft:dirt_path":4,"minecraft:oak_stairs":4,"minecraft:pink_tulip":4,"minecraft:blue_orchid":12,"minecraft:spruce_slab":4,"minecraft:deepslate_redstone_ore":3,"minecraft:cut_sandstone":5,"minecraft:kelp_plant":24,"minecraft:melon_stem":4,"minecraft:orange_terracotta":2,"minecraft:amethyst_cluster":1,"minecraft:torch":75,"minecraft:clay":1,"minecraft:poppy":35,"minecraft:melon":11,"minecraft:chest":12,"minecraft:dead_bush":1,"minecraft:glass":1,"minecraft:cobblestone":33,"minecraft:sugar_cane":481,"minecraft:oak_planks":31,"minecraft:smooth_sandstone_slab":2,"minecraft:wall_torch":33,"minecraft:seagrass":2,"minecraft:blue_terracotta":2,"minecraft:birch_log":85,"minecraft:wheat":264,"minecraft:birch_door":1,"minecraft:orange_tulip":3,"minecraft:oak_log":201,"minecraft:beetroots":1,"minecraft:oak_fence_gate":3,"minecraft:lime_terracotta":4,"minecraft:sand":18,"minecraft:dirt":1078,"minecraft:oak_leaves":209,"minecraft:diamond_ore":8,"minecraft:birch_fence_gate":1,"minecraft:dark_oak_fence":7,"minecraft:allium":4,"minecraft:redstone_wire":1,"minecraft:spruce_leaves":82,"minecraft:kelp":7,"minecraft:moss_block":1,"minecraft:sandstone":11,"minecraft:large_fern":1,"minecraft:redstone_ore":9,"minecraft:oak_trapdoor":2,"minecraft:carrots":216,"minecraft:green_terracotta":3,"minecraft:peony":4,"minecraft:potatoes":583,"minecraft:cobblestone_slab":7,"minecraft:deepslate_iron_ore":5,"minecraft:vine":2,"minecraft:stripped_oak_log":1,"minecraft:bamboo":31,"minecraft:stone":1355,"minecraft:white_tulip":2,"minecraft:oak_slab":4,"minecraft:stripped_dark_oak_log":60,"minecraft:dandelion":62,"minecraft:oak_fence":27,"minecraft:smooth_sandstone":45,"minecraft:crafting_table":4,"minecraft:cornflower":15,"minecraft:short_grass":810,"minecraft:emerald_ore":2,"minecraft:rose_bush":7,"minecraft:tall_grass":492,"minecraft:lapis_ore":5,"minecraft:diorite":22,"minecraft:spruce_stairs":5,"minecraft:cobblestone_wall":42,"minecraft:spruce_log":22,"minecraft:birch_leaves":20,"minecraft:coal_ore":74,"minecraft:gravel":17,"minecraft:cobweb":93,"minecraft:gold_ore":17,"minecraft:birch_fence":3},"minecraft:custom":{"minecraft:animals_bred":53,"minecraft:interact_with_crafting_table":140,"minecraft:open_barrel":1,"minecraft:bell_ring":3,"minecraft:leave_game":9,"minecraft:time_since_death":194,"minecraft:sprint_one_cm":2631163,"minecraft:damage_blocked_by_shield":255,"minecraft:drop":875,"minecraft:talked_to_villager":83,"minecraft:play_time":1328276,"minecraft:deaths":29,"minecraft:jump":6024,"minecraft:walk_on_water_one_cm":111605,"minecraft:interact_with_furnace":65,"minecraft:traded_with_villager":23,"minecraft:interact_with_cartography_table":1,"minecraft:sleep_in_bed":13,"minecraft:damage_dealt":104828,"minecraft:crouch_one_cm":379211,"minecraft:interact_with_smoker":44,"minecraft:mob_kills":991,"minecraft:interact_with_anvil":7,"minecraft:climb_one_cm":13292,"minecraft:walk_one_cm":4612106,"minecraft:sneak_time":199804,"minecraft:walk_under_water_one_cm":21753,"minecraft:interact_with_blast_furnace":6,"minecraft:total_world_time":1328276,"minecraft:pot_flower":1,"minecraft:interact_with_stonecutter":9,"minecraft:time_since_rest":235,"minecraft:damage_taken":11941,"minecraft:swim_one_cm":50195,"minecraft:fly_one_cm":407054,"minecraft:open_chest":895,"minecraft:fall_one_cm":93249},"minecraft:crafted":{"minecraft:oak_planks":436,"minecraft:cobblestone_slab":16,"minecraft:oak_sign":3,"minecraft:cooked_chicken":4,"minecraft:glass":10,"minecraft:bow":2,"minecraft:melon_seeds":5,"minecraft:birch_fence_gate":1,"minecraft:chest":29,"minecraft:birch_door":3,"minecraft:stone_hoe":6,"minecraft:oak_fence":15,"minecraft:smoker":1,"minecraft:emerald":18,"minecraft:cooked_porkchop":5,"minecraft:crafting_table":2,"minecraft:spruce_planks":20,"minecraft:wooden_pickaxe":1,"minecraft:baked_potato":134,"minecraft:red_wool":3,"minecraft:birch_planks":160,"minecraft:wooden_hoe":1,"minecraft:charcoal":84,"minecraft:shield":1,"minecraft:birch_fence":3,"minecraft:stick":288,"minecraft:iron_ingot":28,"minecraft:iron_pickaxe":1,"minecraft:stone_sword":2,"minecraft:shears":1,"minecraft:stone_shovel":22,"minecraft:fishing_rod":1,"minecraft:tripwire_hook":2,"minecraft:furnace":3,"minecraft:bone_meal":921,"minecraft:dark_oak_fence":6,"minecraft:stone_pickaxe":13,"minecraft:cobblestone_wall":7,"minecraft:dark_oak_planks":16,"minecraft:birch_sign":3,"minecraft:red_dye":3,"minecraft:crossbow":1,"minecraft:diamond_sword":1,"minecraft:red_bed":1,"minecraft:bucket":2,"minecraft:stone_axe":9,"minecraft:bread":90,"minecraft:air":0,"minecraft:oak_fence_gate":2,"minecraft:wooden_axe":1,"minecraft:iron_shovel":11,"minecraft:white_bed":1,"minecraft:torch":456,"minecraft:clay":1,"minecraft:diamond_chestplate":1},"minecraft:picked_up":{"minecraft:wooden_axe":2,"minecraft:birch_door":1,"minecraft:wheat":349,"minecraft:flower_pot":1,"minecraft:lead":4,"minecraft:diamond_sword":7,"minecraft:oak_stairs":4,"minecraft:potion":1,"minecraft:enchanted_book":6,"minecraft:string":151,"minecraft:oak_sign":2,"minecraft:beetroot":1,"minecraft:diamond_leggings":3,"minecraft:gold_nugget":3,"minecraft:cobbled_deepslate":1,"minecraft:bucket":6,"minecraft:spruce_planks":4,"minecraft:white_tulip":4,"minecraft:written_book":1,"minecraft:rose_bush":18,"minecraft:cobblestone_slab":45,"minecraft:iron_pickaxe":1,"minecraft:melon_slice":54,"minecraft:stick":147,"minecraft:oak_fence":28,"minecraft:torch":380,"minecraft:spruce_stairs":5,"minecraft:sandstone_wall":5,"minecraft:porkchop":13,"minecraft:diorite":22,"minecraft:green_terracotta":3,"minecraft:stone_sword":12,"minecraft:rotten_flesh":657,"minecraft:music_disc_wait":1,"minecraft:snowball":28,"minecraft:cobblestone":1533,"minecraft:birch_log":85,"minecraft:feather":27,"minecraft:cooked_beef":15,"minecraft:water_bucket":2,"minecraft:jungle_log":1,"minecraft:potato":1898,"minecraft:flint":1,"minecraft:smooth_sandstone_stairs":4,"minecraft:lapis_lazuli":35,"minecraft:dirt":5171,"minecraft:cut_sandstone_slab":1,"minecraft:lantern":3,"minecraft:bone":994,"minecraft:bow":76,"minecraft:wheat_seeds":974,"minecraft:orange_tulip":3,"minecraft:raw_gold":48,"minecraft:rabbit":1,"minecraft:diamond_helmet":2,"minecraft:bamboo":477,"minecraft:glowstone_dust":2,"minecraft:moss_block":1,"minecraft:stone_hoe":3,"minecraft:oak_planks":105,"minecraft:cooked_porkchop":18,"minecraft:red_sandstone_wall":4,"minecraft:lime_terracotta":8,"minecraft:poisonous_potato":12,"minecraft:birch_fence_gate":1,"minecraft:sand":42,"minecraft:grass_block":5,"minecraft:blue_terracotta":2,"minecraft:green_concrete":15,"minecraft:diamond":13,"minecraft:crossbow":1,"minecraft:bone_meal":209,"minecraft:emerald":25,"minecraft:bread":378,"minecraft:oak_sapling":140,"minecraft:dark_oak_fence":7,"minecraft:diamond_pickaxe":2,"minecraft:charcoal":39,"minecraft:crafting_table":10,"minecraft:allium":12,"minecraft:azure_bluet":34,"minecraft:chicken":6,"minecraft:clay_ball":4,"minecraft:cooked_rabbit":1,"minecraft:shield":7,"minecraft:cornflower":28,"minecraft:oak_trapdoor":2,"minecraft:flint_and_steel":4,"minecraft:iron_shovel":1,"minecraft:birch_fence":3,"minecraft:blue_orchid":24,"minecraft:music_disc_otherside":5,"minecraft:light_gray_wool":6,"minecraft:poppy":54,"minecraft:spruce_slab":4,"minecraft:chest":11,"minecraft:sugar_cane":938,"minecraft:birch_sapling":27,"minecraft:phantom_membrane":1,"minecraft:egg":71,"minecraft:raw_iron":60,"minecraft:sandstone":93,"minecraft:music_disc_11":2,"minecraft:carrot":784,"minecraft:redstone":71,"minecraft:dark_oak_planks":7,"minecraft:smooth_sandstone_slab":15,"minecraft:stone_shovel":19,"minecraft:arrow":1456,"minecraft:diamond_chestplate":5,"minecraft:beetroot_seeds":3,"minecraft:peony":7,"minecraft:shears":5,"minecraft:diamond_boots":3,"minecraft:pink_tulip":9,"minecraft:gold_ingot":10,"minecraft:glow_berries":1,"minecraft:mutton":1,"minecraft:white_wool":10,"minecraft:oxeye_daisy":39,"minecraft:stripped_oak_log":1,"minecraft:tripwire_hook":1,"minecraft:leather":8,"minecraft:cut_sandstone":19,"minecraft:birch_planks":17,"minecraft:oak_log":239,"minecraft:gunpowder":141,"minecraft:cobblestone_wall":226,"minecraft:wooden_hoe":1,"minecraft:paper":11,"minecraft:orange_terracotta":4,"minecraft:cooked_mutton":20,"minecraft:smooth_sandstone":72,"minecraft:apple":17,"minecraft:kelp":92,"minecraft:stone_pickaxe":15,"minecraft:iron_ingot":18,"minecraft:oak_fence_gate":3,"minecraft:cooked_chicken":28,"minecraft:cobweb":106,"minecraft:oak_slab":4,"minecraft:dandelion":103,"minecraft:gravel":18,"minecraft:amethyst_shard":4,"minecraft:spruce_sapling":8,"minecraft:spruce_log":22,"minecraft:spider_eye":19,"minecraft:firework_rocket":7,"minecraft:stone_axe":12,"minecraft:baked_potato":289,"minecraft:melon_seeds":4,"minecraft:coal":78,"minecraft:stripped_dark_oak_log":72,"minecraft:ender_pearl":10},"minecraft:broken":{"minecraft:iron_shovel":5,"minecraft:stone_pickaxe":12,"minecraft:stone_axe":4,"minecraft:wooden_axe":1,"minecraft:diamond_sword":1,"minecraft:stone_shovel":18,"minecraft:stone_sword":6,"minecraft:stone_hoe":3,"minecraft:iron_pickaxe":1,"minecraft:wooden_hoe":1},"minecraft:killed":{"minecraft:cave_spider":4,"minecraft:zombified_piglin":4,"minecraft:spider":17,"minecraft:skeleton":556,"minecraft:chicken":23,"minecraft:pig":6,"minecraft:creeper":52,"minecraft:sheep":8,"minecraft:zombie":70,"minecraft:cow":3,"minecraft:phantom":3,"minecraft:husk":171,"minecraft:rabbit":2,"minecraft:enderman":9},"minecraft:used":{"minecraft:iron_shovel":1394,"minecraft:poppy":3,"minecraft:oak_sign":1,"minecraft:chest":35,"minecraft:shield":9,"minecraft:rotten_flesh":5,"minecraft:carrot":255,"minecraft:snowball":28,"minecraft:azure_bluet":8,"minecraft:glass":8,"minecraft:lantern":2,"minecraft:grass_block":4,"minecraft:birch_sapling":11,"minecraft:bow":333,"minecraft:oak_sapling":63,"minecraft:furnace":2,"minecraft:beetroot_seeds":1,"minecraft:egg":28,"minecraft:potato":950,"minecraft:diamond_boots":1,"minecraft:stone_pickaxe":1485,"minecraft:oak_planks":2,"minecraft:ender_pearl":2,"minecraft:wooden_pickaxe":6,"minecraft:sandstone":52,"minecraft:sugar_cane":128,"minecraft:sand":3,"minecraft:cut_sandstone_slab":1,"minecraft:crossbow":40,"minecraft:shears":93,"minecraft:birch_fence":4,"minecraft:birch_fence_gate":2,"minecraft:bread":105,"minecraft:melon_slice":3,"minecraft:diamond_sword":1748,"minecraft:dark_oak_fence":7,"minecraft:cooked_rabbit":1,"minecraft:bone_meal":701,"minecraft:oak_fence":14,"minecraft:oak_trapdoor":2,"minecraft:stone_sword":652,"minecraft:flint_and_steel":5,"minecraft:stone_shovel":2518,"minecraft:redstone":1,"minecraft:spruce_planks":1,"minecraft:stone_hoe":668,"minecraft:cooked_chicken":11,"minecraft:torch":474,"minecraft:dirt":2797,"minecraft:spruce_stairs":5,"minecraft:cobblestone_wall":241,"minecraft:diamond_helmet":1,"minecraft:oak_fence_gate":5,"minecraft:birch_door":2,"minecraft:wooden_axe":120,"minecraft:dark_oak_planks":1,"minecraft:smooth_sandstone":2,"minecraft:melon_seeds":9,"minecraft:bamboo":1,"minecraft:diamond_chestplate":1,"minecraft:orange_terracotta":2,"minecraft:wheat_seeds":392,"minecraft:water_bucket":19,"minecraft:baked_potato":19,"minecraft:cut_sandstone":15,"minecraft:cobblestone_slab":294,"minecraft:crafting_table":3,"minecraft:red_bed":1,"minecraft:birch_sign":1,"minecraft:white_bed":1,"minecraft:smoker":1,"minecraft:oak_log":4,"minecraft:wooden_hoe":76,"minecraft:cornflower":4,"minecraft:apple":6,"minecraft:oxeye_daisy":4,"minecraft:iron_pickaxe":271,"minecraft:spruce_sapling":4,"minecraft:stone_axe":1082,"minecraft:cobblestone":16,"minecraft:cooked_porkchop":3,"minecraft:bucket":18,"minecraft:dandelion":16,"minecraft:diamond_leggings":1}},"DataVersion":3955}