{"stats":{"minecraft:killed_by":{"minecraft:skeleton":1},"minecraft:mined":{"minecraft:short_grass":14,"minecraft:oak_log":16,"minecraft:grass_block":8,"minecraft:poppy":3,"minecraft:tall_grass":50,"minecraft:oak_planks":1,"minecraft:oak_leaves":38},"minecraft:crafted":{"minecraft:oak_planks":4,"minecraft:crafting_table":1},"minecraft:custom":{"minecraft:time_since_rest":18686,"minecraft:damage_taken":560,"minecraft:walk_one_cm":112655,"minecraft:crouch_one_cm":641,"minecraft:play_time":21565,"minecraft:deaths":3,"minecraft:sneak_time":217,"minecraft:walk_under_water_one_cm":3663,"minecraft:mob_kills":1,"minecraft:jump":135,"minecraft:damage_dealt":14,"minecraft:leave_game":2,"minecraft:time_since_death":18638,"minecraft:walk_on_water_one_cm":2218,"minecraft:total_world_time":21565,"minecraft:fall_one_cm":2987,"minecraft:fly_one_cm":898},"minecraft:picked_up":{"minecraft:arrow":2,"minecraft:feather":1,"minecraft:chicken":1,"minecraft:wheat_seeds":7,"minecraft:oak_log":16,"minecraft:poppy":3,"minecraft:gunpowder":3,"minecraft:oak_sapling":5,"minecraft:mutton":1,"minecraft:oak_planks":1,"minecraft:white_wool":1,"minecraft:dirt":8},"minecraft:killed":{"minecraft:zombie":1},"minecraft:used":{"minecraft:oak_log":4}},"DataVersion":3955}