{"stats":{"minecraft:killed_by":{"minecraft:creeper":2,"minecraft:cave_spider":1,"minecraft:zombie":4,"minecraft:husk":2,"minecraft:spider":2,"minecraft:skeleton":2},"minecraft:dropped":{"minecraft:ender_pearl":3,"minecraft:cooked_porkchop":3,"minecraft:emerald":2,"minecraft:dirt":223,"minecraft:gold_nugget":5,"minecraft:sand":5,"minecraft:iron_pickaxe":1,"minecraft:bone":1,"minecraft:stone_axe":2,"minecraft:sugar_cane":375,"minecraft:cooked_chicken":3,"minecraft:music_disc_otherside":1,"minecraft:wheat":1,"minecraft:stripped_dark_oak_log":8,"minecraft:rotten_flesh":76,"minecraft:gunpowder":10,"minecraft:arrow":15,"minecraft:egg":8,"minecraft:iron_ingot":3,"minecraft:bread":4,"minecraft:wheat_seeds":13,"minecraft:cobblestone":236,"minecraft:apple":2,"minecraft:coal":1,"minecraft:oxeye_daisy":1,"minecraft:torch":16,"minecraft:music_disc_wait":1,"minecraft:iron_shovel":1,"minecraft:string":7,"minecraft:bucket":3,"minecraft:dandelion":1,"minecraft:stone_sword":3,"minecraft:cobblestone_wall":198,"minecraft:raw_iron":3,"minecraft:green_concrete":5,"minecraft:diamond_sword":1,"minecraft:potato":1,"minecraft:shield":1,"minecraft:allium":4,"minecraft:spider_eye":3,"minecraft:sandstone":1,"minecraft:bow":2,"minecraft:stone_pickaxe":1},"minecraft:mined":{"minecraft:dark_oak_planks":1,"minecraft:oak_sapling":15,"minecraft:jungle_leaves":5,"minecraft:cave_vines_plant":1,"minecraft:budding_amethyst":1,"minecraft:grass_block":3201,"minecraft:green_concrete":5,"minecraft:oxeye_daisy":19,"minecraft:iron_ore":43,"minecraft:azure_bluet":20,"minecraft:dirt_path":4,"minecraft:pink_tulip":4,"minecraft:blue_orchid":12,"minecraft:deepslate_redstone_ore":3,"minecraft:cut_sandstone":5,"minecraft:kelp_plant":20,"minecraft:amethyst_cluster":1,"minecraft:orange_terracotta":2,"minecraft:torch":60,"minecraft:poppy":19,"minecraft:melon":7,"minecraft:chest":7,"minecraft:dead_bush":1,"minecraft:cobblestone":29,"minecraft:oak_planks":1,"minecraft:sugar_cane":254,"minecraft:smooth_sandstone_slab":2,"minecraft:wall_torch":22,"minecraft:blue_terracotta":2,"minecraft:birch_log":55,"minecraft:wheat":139,"minecraft:orange_tulip":3,"minecraft:oak_log":151,"minecraft:beetroots":1,"minecraft:oak_fence_gate":3,"minecraft:lime_terracotta":4,"minecraft:sand":7,"minecraft:dirt":1025,"minecraft:oak_leaves":179,"minecraft:diamond_ore":8,"minecraft:birch_fence_gate":1,"minecraft:dark_oak_fence":7,"minecraft:allium":4,"minecraft:redstone_wire":1,"minecraft:spruce_leaves":82,"minecraft:kelp":4,"minecraft:moss_block":1,"minecraft:sandstone":11,"minecraft:large_fern":1,"minecraft:redstone_ore":9,"minecraft:oak_trapdoor":2,"minecraft:carrots":126,"minecraft:green_terracotta":3,"minecraft:peony":4,"minecraft:potatoes":223,"minecraft:vine":2,"minecraft:deepslate_iron_ore":5,"minecraft:cobblestone_slab":1,"minecraft:bamboo":31,"minecraft:white_tulip":2,"minecraft:stone":1355,"minecraft:stripped_dark_oak_log":60,"minecraft:dandelion":51,"minecraft:oak_fence":25,"minecraft:smooth_sandstone":45,"minecraft:crafting_table":4,"minecraft:cornflower":14,"minecraft:short_grass":608,"minecraft:emerald_ore":2,"minecraft:rose_bush":7,"minecraft:tall_grass":362,"minecraft:lapis_ore":5,"minecraft:diorite":22,"minecraft:cobblestone_wall":42,"minecraft:spruce_log":22,"minecraft:birch_leaves":13,"minecraft:coal_ore":74,"minecraft:gravel":17,"minecraft:cobweb":73,"minecraft:gold_ore":17,"minecraft:birch_fence":3},"minecraft:custom":{"minecraft:animals_bred":53,"minecraft:interact_with_crafting_table":101,"minecraft:open_barrel":1,"minecraft:leave_game":8,"minecraft:time_since_death":81248,"minecraft:sprint_one_cm":1607578,"minecraft:damage_blocked_by_shield":255,"minecraft:drop":535,"minecraft:talked_to_villager":35,"minecraft:play_time":782142,"minecraft:deaths":18,"minecraft:jump":4165,"minecraft:walk_on_water_one_cm":88678,"minecraft:interact_with_furnace":49,"minecraft:traded_with_villager":2,"minecraft:sleep_in_bed":10,"minecraft:damage_dealt":44639,"minecraft:crouch_one_cm":258179,"minecraft:interact_with_smoker":17,"minecraft:mob_kills":414,"minecraft:climb_one_cm":10467,"minecraft:walk_one_cm":3345541,"minecraft:sneak_time":92546,"minecraft:walk_under_water_one_cm":13333,"minecraft:interact_with_blast_furnace":5,"minecraft:total_world_time":782142,"minecraft:interact_with_stonecutter":7,"minecraft:time_since_rest":81288,"minecraft:damage_taken":6565,"minecraft:swim_one_cm":36420,"minecraft:fly_one_cm":245461,"minecraft:open_chest":537,"minecraft:fall_one_cm":57910},"minecraft:crafted":{"minecraft:oak_planks":300,"minecraft:cobblestone_slab":16,"minecraft:cooked_chicken":4,"minecraft:birch_fence_gate":1,"minecraft:chest":21,"minecraft:birch_door":3,"minecraft:stone_hoe":4,"minecraft:oak_fence":15,"minecraft:smoker":1,"minecraft:cooked_porkchop":5,"minecraft:crafting_table":2,"minecraft:red_wool":3,"minecraft:birch_planks":148,"minecraft:wooden_hoe":1,"minecraft:charcoal":53,"minecraft:birch_fence":3,"minecraft:stick":188,"minecraft:iron_ingot":27,"minecraft:iron_pickaxe":1,"minecraft:stone_sword":1,"minecraft:shears":1,"minecraft:stone_shovel":19,"minecraft:furnace":3,"minecraft:bone_meal":156,"minecraft:dark_oak_fence":6,"minecraft:stone_pickaxe":13,"minecraft:cobblestone_wall":7,"minecraft:dark_oak_planks":16,"minecraft:birch_sign":3,"minecraft:red_dye":3,"minecraft:diamond_sword":1,"minecraft:red_bed":1,"minecraft:bucket":2,"minecraft:stone_axe":5,"minecraft:bread":35,"minecraft:air":0,"minecraft:oak_fence_gate":2,"minecraft:wooden_axe":1,"minecraft:iron_shovel":11,"minecraft:white_bed":1,"minecraft:torch":300,"minecraft:diamond_chestplate":1},"minecraft:picked_up":{"minecraft:wooden_axe":2,"minecraft:wheat":212,"minecraft:diamond_sword":1,"minecraft:lead":4,"minecraft:potion":1,"minecraft:enchanted_book":2,"minecraft:string":59,"minecraft:beetroot":1,"minecraft:diamond_leggings":1,"minecraft:cobbled_deepslate":1,"minecraft:bucket":6,"minecraft:white_tulip":4,"minecraft:written_book":1,"minecraft:rose_bush":18,"minecraft:cobblestone_slab":39,"minecraft:iron_pickaxe":1,"minecraft:melon_slice":33,"minecraft:stick":98,"minecraft:oak_fence":26,"minecraft:torch":215,"minecraft:sandstone_wall":5,"minecraft:porkchop":5,"minecraft:diorite":22,"minecraft:green_terracotta":3,"minecraft:stone_sword":10,"minecraft:rotten_flesh":323,"minecraft:music_disc_wait":1,"minecraft:snowball":28,"minecraft:cobblestone":1477,"minecraft:birch_log":55,"minecraft:feather":8,"minecraft:water_bucket":1,"minecraft:jungle_log":1,"minecraft:potato":630,"minecraft:flint":1,"minecraft:smooth_sandstone_stairs":4,"minecraft:cut_sandstone_slab":1,"minecraft:lapis_lazuli":35,"minecraft:dirt":4966,"minecraft:bone":300,"minecraft:bow":26,"minecraft:orange_tulip":3,"minecraft:wheat_seeds":570,"minecraft:raw_gold":19,"minecraft:bamboo":383,"minecraft:rabbit":1,"minecraft:diamond_helmet":1,"minecraft:glowstone_dust":2,"minecraft:moss_block":1,"minecraft:stone_hoe":2,"minecraft:oak_planks":3,"minecraft:lime_terracotta":8,"minecraft:poisonous_potato":6,"minecraft:birch_fence_gate":1,"minecraft:sand":28,"minecraft:grass_block":5,"minecraft:blue_terracotta":2,"minecraft:green_concrete":15,"minecraft:diamond":13,"minecraft:bone_meal":153,"minecraft:emerald":10,"minecraft:bread":336,"minecraft:oak_sapling":127,"minecraft:dark_oak_fence":7,"minecraft:charcoal":39,"minecraft:crafting_table":6,"minecraft:allium":12,"minecraft:azure_bluet":33,"minecraft:chicken":6,"minecraft:shield":7,"minecraft:cornflower":27,"minecraft:oak_trapdoor":2,"minecraft:flint_and_steel":2,"minecraft:iron_shovel":1,"minecraft:birch_fence":3,"minecraft:blue_orchid":24,"minecraft:music_disc_otherside":1,"minecraft:poppy":38,"minecraft:light_gray_wool":2,"minecraft:sugar_cane":488,"minecraft:chest":5,"minecraft:birch_sapling":19,"minecraft:egg":57,"minecraft:raw_iron":59,"minecraft:sandstone":86,"minecraft:carrot":497,"minecraft:redstone":61,"minecraft:dark_oak_planks":7,"minecraft:smooth_sandstone_slab":15,"minecraft:arrow":558,"minecraft:stone_shovel":3,"minecraft:diamond_chestplate":1,"minecraft:beetroot_seeds":2,"minecraft:peony":7,"minecraft:shears":1,"minecraft:diamond_boots":1,"minecraft:pink_tulip":8,"minecraft:gold_ingot":10,"minecraft:glow_berries":1,"minecraft:mutton":1,"minecraft:white_wool":6,"minecraft:oxeye_daisy":37,"minecraft:leather":3,"minecraft:cut_sandstone":13,"minecraft:oak_log":189,"minecraft:gunpowder":132,"minecraft:cobblestone_wall":226,"minecraft:paper":11,"minecraft:orange_terracotta":4,"minecraft:smooth_sandstone":72,"minecraft:apple":16,"minecraft:kelp":78,"minecraft:stone_pickaxe":9,"minecraft:iron_ingot":1,"minecraft:oak_fence_gate":3,"minecraft:cobweb":68,"minecraft:dandelion":92,"minecraft:gravel":18,"minecraft:amethyst_shard":4,"minecraft:spruce_sapling":8,"minecraft:spruce_log":22,"minecraft:spider_eye":12,"minecraft:firework_rocket":7,"minecraft:stone_axe":8,"minecraft:baked_potato":1,"minecraft:coal":78,"minecraft:stripped_dark_oak_log":72,"minecraft:ender_pearl":5},"minecraft:broken":{"minecraft:iron_shovel":5,"minecraft:stone_pickaxe":12,"minecraft:stone_axe":3,"minecraft:wooden_axe":1,"minecraft:stone_shovel":18,"minecraft:stone_sword":1,"minecraft:stone_hoe":2,"minecraft:iron_pickaxe":1},"minecraft:killed":{"minecraft:cave_spider":4,"minecraft:spider":11,"minecraft:skeleton":202,"minecraft:chicken":5,"minecraft:pig":2,"minecraft:creeper":37,"minecraft:zombie":63,"minecraft:phantom":1,"minecraft:husk":63,"minecraft:rabbit":1,"minecraft:enderman":5},"minecraft:used":{"minecraft:iron_shovel":1394,"minecraft:poppy":3,"minecraft:chest":25,"minecraft:shield":9,"minecraft:rotten_flesh":5,"minecraft:carrot":191,"minecraft:snowball":28,"minecraft:azure_bluet":8,"minecraft:grass_block":4,"minecraft:birch_sapling":6,"minecraft:bow":184,"minecraft:oak_sapling":55,"minecraft:furnace":2,"minecraft:beetroot_seeds":1,"minecraft:egg":20,"minecraft:potato":271,"minecraft:diamond_boots":1,"minecraft:stone_pickaxe":1477,"minecraft:oak_planks":1,"minecraft:sandstone":49,"minecraft:sugar_cane":110,"minecraft:sand":2,"minecraft:cut_sandstone_slab":1,"minecraft:shears":73,"minecraft:birch_fence":4,"minecraft:birch_fence_gate":2,"minecraft:bread":69,"minecraft:diamond_sword":815,"minecraft:dark_oak_fence":7,"minecraft:bone_meal":88,"minecraft:oak_trapdoor":2,"minecraft:oak_fence":14,"minecraft:stone_sword":272,"minecraft:stone_shovel":2507,"minecraft:redstone":1,"minecraft:stone_hoe":325,"minecraft:cooked_chicken":1,"minecraft:torch":336,"minecraft:dirt":2726,"minecraft:cobblestone_wall":241,"minecraft:diamond_helmet":1,"minecraft:oak_fence_gate":5,"minecraft:birch_door":1,"minecraft:dark_oak_planks":1,"minecraft:wooden_axe":120,"minecraft:smooth_sandstone":2,"minecraft:diamond_chestplate":1,"minecraft:orange_terracotta":2,"minecraft:wheat_seeds":264,"minecraft:water_bucket":7,"minecraft:baked_potato":1,"minecraft:cut_sandstone":9,"minecraft:cobblestone_slab":7,"minecraft:crafting_table":3,"minecraft:red_bed":1,"minecraft:birch_sign":1,"minecraft:white_bed":1,"minecraft:smoker":1,"minecraft:oak_log":4,"minecraft:wooden_hoe":17,"minecraft:cornflower":4,"minecraft:apple":6,"minecraft:oxeye_daisy":3,"minecraft:iron_pickaxe":271,"minecraft:stone_axe":731,"minecraft:cobblestone":15,"minecraft:cooked_porkchop":2,"minecraft:bucket":6,"minecraft:dandelion":15,"minecraft:diamond_leggings":1}},"DataVersion":3955}