{"stats":{"minecraft:crafted":{"minecraft:oak_planks":532,"minecraft:cobblestone_slab":460,"minecraft:oak_sign":30,"minecraft:cooked_chicken":9,"minecraft:diamond_shovel":3,"minecraft:cooked_mutton":44,"minecraft:glass":10,"minecraft:diamond_helmet":7,"minecraft:bow":2,"minecraft:diamond_leggings":2,"minecraft:melon_seeds":5,"minecraft:birch_fence_gate":1,"minecraft:chest":35,"minecraft:birch_door":3,"minecraft:stone_hoe":6,"minecraft:oak_fence":15,"minecraft:smoker":1,"minecraft:oak_slab":24,"minecraft:emerald":120,"minecraft:cooked_porkchop":44,"minecraft:diamond_axe":1,"minecraft:crafting_table":5,"minecraft:spruce_planks":532,"minecraft:baked_potato":1204,"minecraft:wooden_pickaxe":1,"minecraft:spruce_door":3,"minecraft:red_wool":3,"minecraft:birch_planks":1088,"minecraft:paper":147,"minecraft:wooden_hoe":1,"minecraft:book":29,"minecraft:charcoal":945,"minecraft:shield":1,"minecraft:birch_fence":3,"minecraft:stick":874,"minecraft:light_blue_dye":4,"minecraft:iron_ingot":43,"minecraft:iron_pickaxe":2,"minecraft:stone_sword":10,"minecraft:shears":1,"minecraft:stone_shovel":22,"minecraft:fishing_rod":1,"minecraft:tripwire_hook":2,"minecraft:iron_nugget":81,"minecraft:furnace":3,"minecraft:bone_meal":1386,"minecraft:flint_and_steel":1,"minecraft:lantern":6,"minecraft:dark_oak_fence":6,"minecraft:iron_axe":2,"minecraft:ladder":105,"minecraft:stone_pickaxe":16,"minecraft:cobblestone_wall":7,"minecraft:diamond_boots":1,"minecraft:dark_oak_planks":16,"minecraft:birch_sign":3,"minecraft:cooked_beef":64,"minecraft:red_dye":3,"minecraft:crossbow":1,"minecraft:diamond_sword":2,"minecraft:enchanting_table":1,"minecraft:iron_sword":1,"minecraft:light_blue_wool":4,"minecraft:red_bed":1,"minecraft:bucket":4,"minecraft:stone_axe":9,"minecraft:bread":104,"minecraft:air":0,"minecraft:oak_fence_gate":2,"minecraft:birch_trapdoor":128,"minecraft:wooden_axe":1,"minecraft:iron_shovel":11,"minecraft:white_bed":3,"minecraft:torch":2472,"minecraft:clay":1,"minecraft:diamond_chestplate":3},"minecraft:broken":{"minecraft:iron_shovel":5,"minecraft:stone_pickaxe":12,"minecraft:stone_axe":6,"minecraft:wooden_axe":1,"minecraft:bow":2,"minecraft:diamond_sword":1,"minecraft:stone_shovel":18,"minecraft:stone_sword":7,"minecraft:stone_hoe":3,"minecraft:diamond_axe":1,"minecraft:iron_axe":3,"minecraft:iron_pickaxe":1,"minecraft:wooden_hoe":1},"minecraft:killed":{"minecraft:cave_spider":4,"minecraft:zombified_piglin":4,"minecraft:spider":23,"minecraft:skeleton":669,"minecraft:chicken":24,"minecraft:pig":25,"minecraft:creeper":59,"minecraft:strider":1,"minecraft:sheep":43,"minecraft:zombie":72,"minecraft:pillager":212,"minecraft:cow":35,"minecraft:evoker":3,"minecraft:vex":2,"minecraft:vindicator":15,"minecraft:phantom":3,"minecraft:husk":198,"minecraft:rabbit":2,"minecraft:enderman":9},"minecraft:picked_up":{"minecraft:birch_door":2,"minecraft:wheat":551,"minecraft:light_gray_shulker_box":14,"minecraft:anvil":1,"minecraft:flower_pot":4,"minecraft:lead":6,"minecraft:diamond_sword":14,"minecraft:oak_stairs":4,"minecraft:potion":6,"minecraft:enchanted_book":8,"minecraft:stone_brick_stairs":2,"minecraft:brewing_stand":9,"minecraft:amethyst_block":8,"minecraft:string":266,"minecraft:cooked_salmon":10,"minecraft:beetroot_soup":4,"minecraft:experience_bottle":13,"minecraft:oak_sign":6,"minecraft:beetroot":1,"minecraft:cobbled_deepslate":1,"minecraft:diamond_leggings":10,"minecraft:gold_nugget":3,"minecraft:black_shulker_box":24,"minecraft:smooth_stone":7,"minecraft:bucket":10,"minecraft:spruce_planks":51,"minecraft:white_tulip":9,"minecraft:redstone_torch":2,"minecraft:written_book":2,"minecraft:rose_bush":26,"minecraft:cobblestone_slab":481,"minecraft:ender_eye":1,"minecraft:smooth_quartz":1504,"minecraft:iron_pickaxe":4,"minecraft:melon_slice":145,"minecraft:smooth_quartz_stairs":11,"minecraft:furnace":11,"minecraft:stick":319,"minecraft:orange_shulker_box":5,"minecraft:birch_trapdoor":12,"minecraft:oak_fence":28,"minecraft:torch":1692,"minecraft:spruce_stairs":5,"minecraft:sandstone_wall":5,"minecraft:porkchop":52,"minecraft:diorite":22,"minecraft:light_gray_banner":2,"minecraft:gray_shulker_box":1,"minecraft:green_terracotta":5,"minecraft:cauldron":9,"minecraft:brown_carpet":519,"minecraft:light_blue_wool":4,"minecraft:stone_sword":15,"minecraft:rotten_flesh":814,"minecraft:red_tulip":2,"minecraft:music_disc_wait":1,"minecraft:obsidian":52,"minecraft:iron_bars":2,"minecraft:snowball":28,"minecraft:cobblestone":2148,"minecraft:birch_log":145,"minecraft:smoker":3,"minecraft:cooked_beef":40,"minecraft:feather":30,"minecraft:stripped_birch_log":37,"minecraft:water_bucket":4,"minecraft:jungle_log":1,"minecraft:orange_carpet":119,"minecraft:potato":7264,"minecraft:flint":35,"minecraft:smooth_sandstone_stairs":4,"minecraft:green_shulker_box":2,"minecraft:map":1,"minecraft:lapis_lazuli":35,"minecraft:dirt":5852,"minecraft:cut_sandstone_slab":1,"minecraft:lantern":6,"minecraft:bone":1158,"minecraft:stonecutter":1,"minecraft:bow":87,"minecraft:orange_tulip":3,"minecraft:wheat_seeds":1859,"minecraft:raw_gold":77,"minecraft:diamond_helmet":8,"minecraft:fletching_table":1,"minecraft:rabbit":1,"minecraft:glowstone_dust":2,"minecraft:bamboo":598,"minecraft:moss_block":2,"minecraft:oak_planks":120,"minecraft:stone_hoe":5,"minecraft:cooked_porkchop":173,"minecraft:red_sandstone_wall":5,"minecraft:warped_wart_block":3,"minecraft:lime_terracotta":10,"minecraft:poisonous_potato":64,"minecraft:stripped_crimson_stem":3,"minecraft:birch_fence_gate":1,"minecraft:sand":54,"minecraft:stripped_spruce_log":1,"minecraft:grass_block":5,"minecraft:shulker_box":16,"minecraft:yellow_carpet":27,"minecraft:light_gray_concrete":1,"minecraft:sugar":2,"minecraft:blue_terracotta":2,"minecraft:light_blue_terracotta":1,"minecraft:green_concrete":15,"minecraft:diamond":13,"minecraft:lever":2,"minecraft:crossbow":48,"minecraft:bone_meal":243,"minecraft:golden_apple":17,"minecraft:emerald":49,"minecraft:bread":378,"minecraft:oak_sapling":209,"minecraft:netherrack":117,"minecraft:dark_oak_fence":7,"minecraft:crimson_roots":22,"minecraft:diamond_pickaxe":10,"minecraft:lingering_potion":2,"minecraft:charcoal":145,"minecraft:crafting_table":18,"minecraft:allium":16,"minecraft:azure_bluet":66,"minecraft:ominous_bottle":46,"minecraft:chicken":7,"minecraft:ladder":139,"minecraft:clay_ball":4,"minecraft:cooked_rabbit":1,"minecraft:shield":10,"minecraft:cornflower":57,"minecraft:oak_trapdoor":2,"minecraft:iron_axe":7,"minecraft:flint_and_steel":7,"minecraft:quartz_slab":14,"minecraft:iron_shovel":1,"minecraft:birch_fence":3,"minecraft:blue_orchid":31,"minecraft:music_disc_otherside":6,"minecraft:beef":64,"minecraft:blue_shulker_box":2,"minecraft:iron_nugget":18,"minecraft:poppy":135,"minecraft:light_gray_wool":32,"minecraft:spruce_slab":4,"minecraft:sugar_cane":1076,"minecraft:chest":63,"minecraft:birch_sapling":37,"minecraft:piston":1,"minecraft:phantom_membrane":2,"minecraft:egg":131,"minecraft:raw_iron":61,"minecraft:sandstone":93,"minecraft:bowl":1,"minecraft:cookie":5,"minecraft:cake":2,"minecraft:music_disc_11":3,"minecraft:carrot":1539,"minecraft:redstone":214,"minecraft:dark_oak_planks":7,"minecraft:smooth_sandstone_slab":15,"minecraft:red_shulker_box":3,"minecraft:weeping_vines":3,"minecraft:arrow":2384,"minecraft:stone_shovel":19,"minecraft:diamond_chestplate":16,"minecraft:beetroot_seeds":6,"minecraft:peony":11,"minecraft:shears":7,"minecraft:diamond_boots":10,"minecraft:pink_tulip":15,"minecraft:totem_of_undying":27,"minecraft:gold_ingot":17,"minecraft:glow_berries":2,"minecraft:mutton":45,"minecraft:white_wool":184,"minecraft:oxeye_daisy":78,"minecraft:stripped_oak_log":1,"minecraft:yellow_shulker_box":1,"minecraft:tripwire_hook":9,"minecraft:crimson_stem":195,"minecraft:leather":42,"minecraft:cut_sandstone":19,"minecraft:birch_planks":134,"minecraft:oak_log":381,"minecraft:gunpowder":149,"minecraft:nether_wart_block":16,"minecraft:cobblestone_wall":240,"minecraft:wooden_hoe":1,"minecraft:paper":21,"minecraft:white_banner":42,"minecraft:orange_terracotta":4,"minecraft:cooked_mutton":23,"minecraft:smooth_sandstone":72,"minecraft:kelp":184,"minecraft:gray_carpet":128,"minecraft:apple":39,"minecraft:stone_bricks":8,"minecraft:warped_stem":100,"minecraft:oak_fence_gate":3,"minecraft:iron_ingot":27,"minecraft:stone_pickaxe":19,"minecraft:cooked_chicken":44,"minecraft:cobweb":128,"minecraft:glass_bottle":1,"minecraft:oak_slab":12,"minecraft:quartz":9,"minecraft:dandelion":322,"minecraft:gravel":346,"minecraft:birch_stairs":2,"minecraft:amethyst_shard":4,"minecraft:red_banner":14,"minecraft:spruce_sapling":67,"minecraft:white_bed":2,"minecraft:spruce_log":589,"minecraft:spider_eye":43,"minecraft:spruce_door":1,"minecraft:firework_rocket":18,"minecraft:diamond_shovel":1,"minecraft:stone_axe":15,"minecraft:diamond_axe":10,"minecraft:baked_potato":429,"minecraft:melon_seeds":4,"minecraft:stripped_dark_oak_log":72,"minecraft:coal":79,"minecraft:ender_pearl":19,"minecraft:wooden_axe":2},"minecraft:custom":{"minecraft:animals_bred":169,"minecraft:interact_with_crafting_table":203,"minecraft:open_barrel":6,"minecraft:open_shulker_box":337,"minecraft:bell_ring":12,"minecraft:eat_cake_slice":9,"minecraft:leave_game":16,"minecraft:time_since_death":88906,"minecraft:sprint_one_cm":4990241,"minecraft:damage_blocked_by_shield":330,"minecraft:drop":964,"minecraft:talked_to_villager":117,"minecraft:play_time":2276508,"minecraft:deaths":80,"minecraft:jump":11821,"minecraft:interact_with_brewingstand":6,"minecraft:walk_on_water_one_cm":223731,"minecraft:interact_with_furnace":205,"minecraft:traded_with_villager":135,"minecraft:interact_with_cartography_table":1,"minecraft:sleep_in_bed":17,"minecraft:open_enderchest":25,"minecraft:damage_dealt":158018,"minecraft:crouch_one_cm":564910,"minecraft:interact_with_smoker":179,"minecraft:use_cauldron":6,"minecraft:inspect_dispenser":3,"minecraft:mob_kills":1513,"minecraft:interact_with_anvil":7,"minecraft:climb_one_cm":41978,"minecraft:walk_one_cm":8509132,"minecraft:sneak_time":279001,"minecraft:walk_under_water_one_cm":31978,"minecraft:interact_with_blast_furnace":20,"minecraft:total_world_time":2276508,"minecraft:pot_flower":1,"minecraft:interact_with_stonecutter":11,"minecraft:time_since_rest":88940,"minecraft:damage_taken":32086,"minecraft:damage_absorbed":463,"minecraft:swim_one_cm":63333,"minecraft:fly_one_cm":733221,"minecraft:open_chest":1939,"minecraft:fall_one_cm":181698},"minecraft:dropped":{"minecraft:birch_planks":4,"minecraft:ominous_bottle":1,"minecraft:cooked_beef":9,"minecraft:baked_potato":20,"minecraft:ender_pearl":3,"minecraft:crafting_table":4,"minecraft:cooked_porkchop":45,"minecraft:crossbow":4,"minecraft:music_disc_11":1,"minecraft:emerald":86,"minecraft:dirt":224,"minecraft:orange_carpet":4,"minecraft:gold_nugget":8,"minecraft:bone_meal":48,"minecraft:sand":5,"minecraft:iron_pickaxe":1,"minecraft:birch_log":11,"minecraft:bone":1,"minecraft:white_tulip":1,"minecraft:stone_axe":2,"minecraft:sugar_cane":806,"minecraft:lever":1,"minecraft:cooked_chicken":24,"minecraft:wheat":1,"minecraft:music_disc_otherside":1,"minecraft:obsidian":6,"minecraft:stripped_dark_oak_log":8,"minecraft:rotten_flesh":76,"minecraft:diamond_shovel":1,"minecraft:cooked_mutton":16,"minecraft:gunpowder":11,"minecraft:chest":1,"minecraft:arrow":15,"minecraft:iron_ingot":3,"minecraft:egg":10,"minecraft:enchanted_book":4,"minecraft:stone_hoe":2,"minecraft:bread":4,"minecraft:wheat_seeds":15,"minecraft:diamond_leggings":4,"minecraft:cobblestone":236,"minecraft:apple":4,"minecraft:coal":1,"minecraft:golden_apple":1,"minecraft:oxeye_daisy":1,"minecraft:torch":86,"minecraft:nether_wart_block":1,"minecraft:smooth_quartz":2,"minecraft:diamond_helmet":4,"minecraft:music_disc_wait":1,"minecraft:string":7,"minecraft:iron_shovel":1,"minecraft:bucket":3,"minecraft:gray_carpet":39,"minecraft:dandelion":1,"minecraft:stone_sword":3,"minecraft:cobblestone_wall":198,"minecraft:raw_iron":3,"minecraft:green_concrete":5,"minecraft:ender_eye":1,"minecraft:diamond_sword":5,"minecraft:potato":325,"minecraft:cobblestone_slab":252,"minecraft:shield":1,"minecraft:allium":4,"minecraft:diamond_chestplate":11,"minecraft:diamond_pickaxe":4,"minecraft:spider_eye":3,"minecraft:diamond_boots":4,"minecraft:sandstone":1,"minecraft:bow":4,"minecraft:blue_orchid":1,"minecraft:stone_pickaxe":1},"minecraft:mined":{"minecraft:black_shulker_box":23,"minecraft:dark_oak_planks":1,"minecraft:potted_pink_tulip":1,"minecraft:red_shulker_box":3,"minecraft:spruce_planks":5,"minecraft:white_bed":2,"minecraft:oak_sapling":17,"minecraft:jungle_leaves":5,"minecraft:cave_vines_plant":1,"minecraft:budding_amethyst":1,"minecraft:grass_block":3784,"minecraft:yellow_carpet":1,"minecraft:green_concrete":5,"minecraft:oak_wall_sign":2,"minecraft:oxeye_daisy":39,"minecraft:light_blue_stained_glass":15,"minecraft:smooth_stone":3,"minecraft:tall_seagrass":1,"minecraft:weeping_vines_plant":3,"minecraft:fire":17,"minecraft:iron_ore":45,"minecraft:anvil":1,"minecraft:fletching_table":1,"minecraft:azure_bluet":47,"minecraft:dirt_path":16,"minecraft:oak_stairs":4,"minecraft:pink_tulip":5,"minecraft:blue_orchid":12,"minecraft:spruce_slab":4,"minecraft:deepslate_redstone_ore":3,"minecraft:cut_sandstone":5,"minecraft:smoker":3,"minecraft:kelp_plant":24,"minecraft:melon_stem":4,"minecraft:amethyst_cluster":1,"minecraft:orange_terracotta":2,"minecraft:clay":1,"minecraft:torch":88,"minecraft:poppy":99,"minecraft:melon":16,"minecraft:chest":59,"minecraft:dead_bush":1,"minecraft:glass":9,"minecraft:cobblestone":41,"minecraft:sugar_cane":551,"minecraft:oak_planks":43,"minecraft:smooth_sandstone_slab":2,"minecraft:wall_torch":75,"minecraft:seagrass":2,"minecraft:light_blue_terracotta":1,"minecraft:blue_terracotta":2,"minecraft:nether_wart_block":9,"minecraft:birch_log":123,"minecraft:wheat":461,"minecraft:birch_trapdoor":7,"minecraft:birch_door":2,"minecraft:orange_tulip":3,"minecraft:oak_log":339,"minecraft:beetroots":1,"minecraft:oak_fence_gate":3,"minecraft:lime_terracotta":5,"minecraft:smooth_quartz":238,"minecraft:sand":19,"minecraft:dirt":1125,"minecraft:blue_shulker_box":2,"minecraft:stonecutter":1,"minecraft:netherrack":10,"minecraft:stripped_crimson_stem":1,"minecraft:piston":1,"minecraft:oak_leaves":304,"minecraft:diamond_ore":8,"minecraft:stripped_birch_log":1,"minecraft:gray_shulker_box":1,"minecraft:shulker_box":15,"minecraft:birch_fence_gate":1,"minecraft:ladder":3,"minecraft:dark_oak_fence":7,"minecraft:allium":4,"minecraft:crimson_roots":5,"minecraft:orange_shulker_box":5,"minecraft:redstone_wire":1,"minecraft:spruce_leaves":177,"minecraft:kelp":7,"minecraft:moss_block":1,"minecraft:sandstone":11,"minecraft:crimson_stem":40,"minecraft:large_fern":1,"minecraft:redstone_ore":9,"minecraft:oak_trapdoor":2,"minecraft:spruce_sapling":1,"minecraft:furnace":11,"minecraft:carrots":375,"minecraft:light_gray_shulker_box":13,"minecraft:green_terracotta":4,"minecraft:stripped_spruce_log":1,"minecraft:peony":4,"minecraft:potatoes":1700,"minecraft:deepslate_iron_ore":5,"minecraft:cobblestone_slab":15,"minecraft:vine":2,"minecraft:warped_stem":50,"minecraft:stripped_oak_log":1,"minecraft:bamboo_sapling":4,"minecraft:bamboo":33,"minecraft:white_tulip":3,"minecraft:stone":1378,"minecraft:yellow_shulker_box":1,"minecraft:white_wool":2,"minecraft:oak_slab":12,"minecraft:birch_stairs":1,"minecraft:brown_carpet":10,"minecraft:stripped_dark_oak_log":60,"minecraft:dandelion":265,"minecraft:spruce_door":1,"minecraft:oak_fence":27,"minecraft:smooth_sandstone":45,"minecraft:crafting_table":8,"minecraft:cornflower":43,"minecraft:short_grass":2039,"minecraft:emerald_ore":2,"minecraft:rose_bush":7,"minecraft:tall_grass":1037,"minecraft:lapis_ore":5,"minecraft:diorite":22,"minecraft:orange_carpet":4,"minecraft:warped_wart_block":1,"minecraft:spruce_stairs":5,"minecraft:birch_planks":2,"minecraft:green_shulker_box":2,"minecraft:cobblestone_wall":56,"minecraft:ice":2,"minecraft:spruce_log":587,"minecraft:birch_leaves":27,"minecraft:coal_ore":75,"minecraft:gravel":368,"minecraft:gray_carpet":28,"minecraft:cobweb":93,"minecraft:gold_ore":17,"minecraft:birch_fence":3},"minecraft:used":{"minecraft:iron_shovel":1394,"minecraft:poppy":4,"minecraft:ladder":145,"minecraft:oak_sign":30,"minecraft:chest":121,"minecraft:shield":10,"minecraft:rotten_flesh":5,"minecraft:carrot":423,"minecraft:snowball":28,"minecraft:azure_bluet":8,"minecraft:glass":8,"minecraft:lantern":6,"minecraft:grass_block":4,"minecraft:birch_sapling":11,"minecraft:orange_shulker_box":2,"minecraft:quartz_block":2,"minecraft:birch_trapdoor":9,"minecraft:brown_carpet":2,"minecraft:bow":697,"minecraft:oak_sapling":92,"minecraft:furnace":13,"minecraft:beetroot_seeds":1,"minecraft:egg":105,"minecraft:potato":1748,"minecraft:dark_oak_sapling":1,"minecraft:diamond_boots":4,"minecraft:gray_carpet":1,"minecraft:spruce_door":2,"minecraft:stone_pickaxe":1627,"minecraft:oak_planks":25,"minecraft:ender_pearl":3,"minecraft:wooden_pickaxe":16,"minecraft:sandstone":52,"minecraft:diamond_axe":915,"minecraft:sugar_cane":128,"minecraft:white_wool":1,"minecraft:golden_apple":8,"minecraft:sand":4,"minecraft:cut_sandstone_slab":1,"minecraft:crossbow":128,"minecraft:lingering_potion":6,"minecraft:shears":93,"minecraft:birch_fence":4,"minecraft:birch_fence_gate":2,"minecraft:bread":110,"minecraft:melon_slice":16,"minecraft:diamond_sword":2114,"minecraft:nether_wart_block":2,"minecraft:dark_oak_fence":7,"minecraft:cooked_rabbit":1,"minecraft:air":2,"minecraft:bone_meal":1014,"minecraft:oak_fence":14,"minecraft:oak_trapdoor":2,"minecraft:enchanting_table":1,"minecraft:stone_sword":750,"minecraft:flint_and_steel":16,"minecraft:stone_shovel":2518,"minecraft:redstone":1,"minecraft:spruce_planks":1,"minecraft:cooked_chicken":29,"minecraft:stone_hoe":671,"minecraft:netherrack":1,"minecraft:light_gray_shulker_box":1,"minecraft:torch":888,"minecraft:brewing_stand":3,"minecraft:dirt":3429,"minecraft:anvil":1,"minecraft:spruce_stairs":5,"minecraft:cobblestone_wall":329,"minecraft:diamond_helmet":5,"minecraft:shulker_box":4,"minecraft:oak_fence_gate":5,"minecraft:birch_door":2,"minecraft:wooden_axe":120,"minecraft:dark_oak_planks":1,"minecraft:iron_axe":880,"minecraft:oak_stairs":5,"minecraft:smooth_sandstone":2,"minecraft:smooth_quartz":888,"minecraft:totem_of_undying":7,"minecraft:melon_seeds":9,"minecraft:bamboo":84,"minecraft:diamond_chestplate":9,"minecraft:cooked_beef":12,"minecraft:orange_terracotta":2,"minecraft:wheat_seeds":589,"minecraft:cooked_mutton":4,"minecraft:water_bucket":23,"minecraft:warped_stem":25,"minecraft:glass_bottle":4,"minecraft:baked_potato":44,"minecraft:black_shulker_box":3,"minecraft:cut_sandstone":15,"minecraft:stonecutter":1,"minecraft:fletching_table":1,"minecraft:cobblestone_slab":357,"minecraft:oak_slab":16,"minecraft:crafting_table":10,"minecraft:red_bed":1,"minecraft:birch_sign":2,"minecraft:white_bed":5,"minecraft:painting":6,"minecraft:cake":1,"minecraft:smoker":4,"minecraft:oak_log":4,"minecraft:wooden_hoe":76,"minecraft:diamond_pickaxe":1077,"minecraft:cornflower":4,"minecraft:apple":14,"minecraft:oxeye_daisy":4,"minecraft:diamond_shovel":1052,"minecraft:iron_pickaxe":383,"minecraft:spruce_sapling":45,"minecraft:stone_axe":1260,"minecraft:fishing_rod":38,"minecraft:green_shulker_box":1,"minecraft:cobblestone":51,"minecraft:potion":3,"minecraft:cooked_porkchop":28,"minecraft:bucket":23,"minecraft:diamond_leggings":8,"minecraft:dandelion":16,"minecraft:smooth_stone":1},"minecraft:killed_by":{"minecraft:evoker":6,"minecraft:creeper":3,"minecraft:pillager":8,"minecraft:vindicator":1,"minecraft:piglin":5,"minecraft:cave_spider":1,"minecraft:zombie":4,"minecraft:vex":24,"minecraft:husk":5,"minecraft:spider":2,"minecraft:enderman":1,"minecraft:skeleton":3}},"DataVersion":3955}