{"stats":{"minecraft:used":{"minecraft:ladder":145,"minecraft:poppy":4,"minecraft:chest":124,"minecraft:rotten_flesh":5,"minecraft:azure_bluet":8,"minecraft:snowball":28,"minecraft:grass_block":4,"minecraft:birch_sapling":11,"minecraft:orange_shulker_box":2,"minecraft:quartz_block":2,"minecraft:bow":770,"minecraft:furnace":16,"minecraft:oak_sapling":92,"minecraft:egg":107,"minecraft:potato":1748,"minecraft:spruce_door":2,"minecraft:wooden_pickaxe":16,"minecraft:golden_apple":8,"minecraft:sand":4,"minecraft:cut_sandstone_slab":1,"minecraft:birch_fence":4,"minecraft:nether_wart_block":2,"minecraft:diamond_sword":2458,"minecraft:dark_oak_fence":7,"minecraft:oak_trapdoor":2,"minecraft:enchanting_table":1,"minecraft:stone_sword":752,"minecraft:netherrack":1,"minecraft:torch":1144,"minecraft:light_gray_shulker_box":1,"minecraft:brewing_stand":3,"minecraft:anvil":1,"minecraft:oak_fence_gate":5,"minecraft:iron_axe":941,"minecraft:smooth_quartz":888,"minecraft:totem_of_undying":7,"minecraft:melon_seeds":11,"minecraft:bamboo":84,"minecraft:diamond_chestplate":9,"minecraft:orange_terracotta":2,"minecraft:wheat_seeds":589,"minecraft:water_bucket":23,"minecraft:warped_stem":25,"minecraft:fletching_table":1,"minecraft:oak_slab":16,"minecraft:crafting_table":14,"minecraft:red_bed":1,"minecraft:birch_sign":2,"minecraft:white_bed":5,"minecraft:cake":1,"minecraft:oak_log":4,"minecraft:diamond_pickaxe":1077,"minecraft:cornflower":4,"minecraft:oxeye_daisy":4,"minecraft:diamond_shovel":1052,"minecraft:iron_pickaxe":570,"minecraft:spruce_sapling":61,"minecraft:cobblestone":88,"minecraft:potion":3,"minecraft:cooked_porkchop":30,"minecraft:dandelion":16,"minecraft:diamond_leggings":8,"minecraft:iron_shovel":1394,"minecraft:oak_sign":30,"minecraft:shield":10,"minecraft:purple_shulker_box":20,"minecraft:carrot":423,"minecraft:glass":8,"minecraft:lantern":6,"minecraft:blue_orchid":1,"minecraft:birch_trapdoor":9,"minecraft:brown_carpet":2,"minecraft:beetroot_seeds":1,"minecraft:dark_oak_sapling":1,"minecraft:diamond_boots":4,"minecraft:gray_carpet":1,"minecraft:stone_pickaxe":2075,"minecraft:oak_planks":29,"minecraft:ender_pearl":3,"minecraft:sandstone":52,"minecraft:diamond_axe":915,"minecraft:sugar_cane":128,"minecraft:white_wool":1,"minecraft:loom":1,"minecraft:crossbow":138,"minecraft:lingering_potion":6,"minecraft:shears":93,"minecraft:birch_fence_gate":2,"minecraft:gray_shulker_box":1,"minecraft:melon_slice":16,"minecraft:bread":110,"minecraft:cooked_rabbit":2,"minecraft:air":4,"minecraft:bone_meal":1099,"minecraft:oak_fence":14,"minecraft:flint_and_steel":16,"minecraft:stone_shovel":2518,"minecraft:redstone":1,"minecraft:spruce_planks":1,"minecraft:stone_hoe":673,"minecraft:cooked_chicken":30,"minecraft:dirt":3475,"minecraft:spruce_stairs":5,"minecraft:cobblestone_wall":329,"minecraft:diamond_helmet":6,"minecraft:shulker_box":4,"minecraft:birch_door":2,"minecraft:dark_oak_planks":1,"minecraft:wooden_axe":120,"minecraft:oak_stairs":5,"minecraft:smooth_sandstone":2,"minecraft:cooked_beef":20,"minecraft:light_gray_bed":2,"minecraft:cooked_mutton":13,"minecraft:amethyst_block":1,"minecraft:glass_bottle":4,"minecraft:baked_potato":62,"minecraft:black_shulker_box":3,"minecraft:cut_sandstone":15,"minecraft:stonecutter":1,"minecraft:cobblestone_slab":721,"minecraft:painting":6,"minecraft:smoker":4,"minecraft:wooden_hoe":76,"minecraft:apple":15,"minecraft:stone_axe":1260,"minecraft:green_shulker_box":1,"minecraft:fishing_rod":38,"minecraft:bucket":23,"minecraft:smooth_stone":1,"minecraft:splash_potion":8},"minecraft:picked_up":{"minecraft:wooden_axe":2,"minecraft:birch_door":2,"minecraft:flower_pot":4,"minecraft:anvil":1,"minecraft:diamond_sword":14,"minecraft:lead":6,"minecraft:oak_stairs":4,"minecraft:enchanted_book":8,"minecraft:purple_shulker_box":20,"minecraft:brewing_stand":9,"minecraft:amethyst_block":27,"minecraft:string":273,"minecraft:cooked_salmon":10,"minecraft:beetroot_soup":4,"minecraft:beetroot":1,"minecraft:diamond_leggings":10,"minecraft:gold_nugget":3,"minecraft:cobbled_deepslate":1,"minecraft:spruce_planks":51,"minecraft:written_book":2,"minecraft:melon_slice":157,"minecraft:sandstone_wall":5,"minecraft:green_terracotta":5,"minecraft:gray_shulker_box":2,"minecraft:cauldron":9,"minecraft:brown_carpet":519,"minecraft:stone_sword":15,"minecraft:light_blue_wool":4,"minecraft:light_gray_bed":2,"minecraft:red_tulip":2,"minecraft:snowball":28,"minecraft:iron_bars":2,"minecraft:birch_log":146,"minecraft:magma_block":2,"minecraft:feather":31,"minecraft:cooked_beef":40,"minecraft:water_bucket":4,"minecraft:jungle_log":1,"minecraft:smoker":3,"minecraft:flint":35,"minecraft:map":1,"minecraft:lantern":6,"minecraft:stonecutter":1,"minecraft:rabbit":1,"minecraft:diamond_helmet":8,"minecraft:glowstone_dust":35,"minecraft:moss_block":2,"minecraft:warped_wart_block":3,"minecraft:lime_terracotta":10,"minecraft:stripped_crimson_stem":3,"minecraft:birch_fence_gate":1,"minecraft:stripped_spruce_log":1,"minecraft:loom":1,"minecraft:blue_terracotta":2,"minecraft:green_concrete":15,"minecraft:lever":2,"minecraft:bread":378,"minecraft:light_gray_carpet":1,"minecraft:dark_oak_fence":7,"minecraft:crimson_roots":22,"minecraft:diamond_pickaxe":10,"minecraft:crafting_table":18,"minecraft:ominous_bottle":56,"minecraft:clay_ball":4,"minecraft:cornflower":57,"minecraft:flint_and_steel":7,"minecraft:iron_shovel":1,"minecraft:music_disc_otherside":6,"minecraft:beef":67,"minecraft:iron_nugget":18,"minecraft:poppy":135,"minecraft:spruce_slab":4,"minecraft:chest":63,"minecraft:birch_sapling":37,"minecraft:piston":1,"minecraft:egg":132,"minecraft:sandstone":93,"minecraft:raw_gold_block":2,"minecraft:cake":2,"minecraft:carrot":1539,"minecraft:redstone":269,"minecraft:diamond_chestplate":16,"minecraft:stone_shovel":19,"minecraft:beetroot_seeds":6,"minecraft:peony":12,"minecraft:shears":7,"minecraft:diamond_boots":10,"minecraft:gold_ingot":17,"minecraft:totem_of_undying":34,"minecraft:glow_berries":2,"minecraft:mutton":45,"minecraft:white_wool":184,"minecraft:oxeye_daisy":79,"minecraft:stripped_oak_log":1,"minecraft:yellow_shulker_box":1,"minecraft:tripwire_hook":9,"minecraft:oak_log":393,"minecraft:paper":21,"minecraft:white_banner":53,"minecraft:apple":41,"minecraft:stone_bricks":8,"minecraft:kelp":184,"minecraft:warped_stem":100,"minecraft:stone_pickaxe":19,"minecraft:oak_fence_gate":3,"minecraft:cobweb":128,"minecraft:glass_bottle":6,"minecraft:gravel":346,"minecraft:birch_stairs":2,"minecraft:spruce_sapling":73,"minecraft:spruce_log":590,"minecraft:firework_rocket":18,"minecraft:diamond_shovel":1,"minecraft:stone_axe":15,"minecraft:diamond_axe":10,"minecraft:baked_potato":459,"minecraft:melon_seeds":6,"minecraft:stripped_dark_oak_log":72,"minecraft:ender_pearl":19,"minecraft:wheat":551,"minecraft:light_gray_shulker_box":15,"minecraft:potion":6,"minecraft:stone_brick_stairs":2,"minecraft:experience_bottle":13,"minecraft:oak_sign":6,"minecraft:black_shulker_box":24,"minecraft:smooth_stone":7,"minecraft:bucket":10,"minecraft:white_tulip":9,"minecraft:rose_bush":26,"minecraft:redstone_torch":2,"minecraft:cobblestone_slab":484,"minecraft:ender_eye":1,"minecraft:iron_pickaxe":4,"minecraft:smooth_quartz":1512,"minecraft:smooth_quartz_stairs":11,"minecraft:furnace":11,"minecraft:stick":327,"minecraft:orange_shulker_box":5,"minecraft:birch_trapdoor":12,"minecraft:oak_fence":28,"minecraft:torch":1702,"minecraft:spruce_stairs":5,"minecraft:porkchop":52,"minecraft:diorite":22,"minecraft:light_gray_banner":2,"minecraft:rotten_flesh":845,"minecraft:music_disc_wait":1,"minecraft:obsidian":52,"minecraft:cobblestone":2576,"minecraft:orange_carpet":119,"minecraft:potato":7264,"minecraft:smooth_sandstone_stairs":4,"minecraft:stripped_birch_log":37,"minecraft:lapis_lazuli":147,"minecraft:green_shulker_box":2,"minecraft:dirt":5908,"minecraft:cut_sandstone_slab":1,"minecraft:bone":1209,"minecraft:bow":90,"minecraft:wheat_seeds":1879,"minecraft:orange_tulip":3,"minecraft:raw_gold":77,"minecraft:fletching_table":1,"minecraft:bamboo":598,"minecraft:oak_planks":120,"minecraft:stone_hoe":5,"minecraft:cooked_porkchop":173,"minecraft:red_sandstone_wall":5,"minecraft:poisonous_potato":64,"minecraft:sand":54,"minecraft:grass_block":5,"minecraft:shulker_box":17,"minecraft:light_gray_concrete":1,"minecraft:sugar":6,"minecraft:yellow_carpet":27,"minecraft:light_blue_terracotta":1,"minecraft:diamond":13,"minecraft:crossbow":50,"minecraft:bone_meal":243,"minecraft:golden_apple":17,"minecraft:emerald":54,"minecraft:oak_sapling":211,"minecraft:netherrack":117,"minecraft:lingering_potion":2,"minecraft:charcoal":145,"minecraft:allium":16,"minecraft:azure_bluet":66,"minecraft:chicken":8,"minecraft:ladder":141,"minecraft:cooked_rabbit":1,"minecraft:shield":10,"minecraft:dragon_breath":1,"minecraft:oak_trapdoor":2,"minecraft:iron_axe":9,"minecraft:quartz_slab":14,"minecraft:birch_fence":3,"minecraft:blue_orchid":34,"minecraft:light_gray_wool":32,"minecraft:blue_shulker_box":2,"minecraft:sugar_cane":1076,"minecraft:phantom_membrane":2,"minecraft:raw_iron":65,"minecraft:bowl":1,"minecraft:cookie":5,"minecraft:music_disc_11":3,"minecraft:dark_oak_planks":9,"minecraft:smooth_sandstone_slab":15,"minecraft:red_shulker_box":3,"minecraft:arrow":2438,"minecraft:weeping_vines":3,"minecraft:pink_tulip":15,"minecraft:skeleton_skull":1,"minecraft:netherite_boots":2,"minecraft:crimson_stem":195,"minecraft:cut_sandstone":19,"minecraft:leather":42,"minecraft:birch_planks":134,"minecraft:cobblestone_wall":240,"minecraft:nether_wart_block":16,"minecraft:gunpowder":153,"minecraft:wooden_hoe":1,"minecraft:orange_terracotta":4,"minecraft:cooked_mutton":23,"minecraft:smooth_sandstone":72,"minecraft:gray_carpet":128,"minecraft:iron_ingot":27,"minecraft:cooked_chicken":44,"minecraft:oak_slab":12,"minecraft:quartz":9,"minecraft:dandelion":322,"minecraft:amethyst_shard":32,"minecraft:red_banner":14,"minecraft:white_bed":2,"minecraft:spruce_door":1,"minecraft:spider_eye":43,"minecraft:coal":88},"minecraft:killed_by":{"minecraft:pillager":8,"minecraft:vindicator":1,"minecraft:zombie":4,"minecraft:vex":24,"minecraft:husk":5,"minecraft:evoker":6,"minecraft:creeper":3,"minecraft:piglin":5,"minecraft:cave_spider":1,"minecraft:spider":3,"minecraft:enderman":1,"minecraft:skeleton":3},"minecraft:dropped":{"minecraft:ominous_bottle":1,"minecraft:lapis_lazuli":112,"minecraft:cooked_beef":9,"minecraft:crafting_table":4,"minecraft:cooked_porkchop":45,"minecraft:crossbow":24,"minecraft:dragon_breath":2,"minecraft:emerald":86,"minecraft:dirt":224,"minecraft:netherite_boots":2,"minecraft:gold_nugget":8,"minecraft:bone_meal":48,"minecraft:sand":5,"minecraft:iron_pickaxe":1,"minecraft:bone":1,"minecraft:stone_axe":2,"minecraft:sugar_cane":806,"minecraft:lever":1,"minecraft:cooked_chicken":24,"minecraft:wheat":1,"minecraft:obsidian":6,"minecraft:stripped_dark_oak_log":8,"minecraft:rotten_flesh":76,"minecraft:oak_planks":12,"minecraft:egg":10,"minecraft:enchanted_book":4,"minecraft:iron_ingot":3,"minecraft:wheat_seeds":17,"minecraft:cobblestone":238,"minecraft:apple":4,"minecraft:coal":1,"minecraft:golden_apple":1,"minecraft:oxeye_daisy":1,"minecraft:diamond_helmet":4,"minecraft:iron_shovel":1,"minecraft:string":7,"minecraft:gray_carpet":39,"minecraft:stone_sword":3,"minecraft:cobblestone_wall":198,"minecraft:diamond_sword":5,"minecraft:cobblestone_slab":252,"minecraft:potato":325,"minecraft:allium":4,"minecraft:diamond_pickaxe":4,"minecraft:spider_eye":3,"minecraft:sandstone":1,"minecraft:blue_orchid":2,"minecraft:bow":7,"minecraft:birch_planks":4,"minecraft:baked_potato":47,"minecraft:ender_pearl":3,"minecraft:music_disc_11":1,"minecraft:orange_carpet":4,"minecraft:birch_log":11,"minecraft:white_tulip":1,"minecraft:music_disc_otherside":1,"minecraft:diamond_shovel":1,"minecraft:cooked_mutton":16,"minecraft:gunpowder":11,"minecraft:chest":1,"minecraft:arrow":15,"minecraft:stone_hoe":2,"minecraft:bread":4,"minecraft:diamond_leggings":4,"minecraft:stick":2,"minecraft:torch":86,"minecraft:nether_wart_block":1,"minecraft:smooth_quartz":2,"minecraft:music_disc_wait":1,"minecraft:bucket":3,"minecraft:dandelion":1,"minecraft:raw_iron":4,"minecraft:green_concrete":5,"minecraft:ender_eye":1,"minecraft:totem_of_undying":4,"minecraft:shield":1,"minecraft:diamond_chestplate":11,"minecraft:oak_sapling":1,"minecraft:diamond_boots":4,"minecraft:stone_pickaxe":1},"minecraft:mined":{"minecraft:dark_oak_planks":2,"minecraft:potted_pink_tulip":1,"minecraft:red_shulker_box":3,"minecraft:white_bed":2,"minecraft:jungle_leaves":5,"minecraft:yellow_carpet":1,"minecraft:light_gray_bed":2,"minecraft:green_concrete":5,"minecraft:oak_wall_sign":2,"minecraft:oxeye_daisy":40,"minecraft:spawner":1,"minecraft:light_blue_stained_glass":15,"minecraft:tall_seagrass":1,"minecraft:weeping_vines_plant":3,"minecraft:fire":17,"minecraft:fletching_table":1,"minecraft:nether_brick_stairs":1,"minecraft:dirt_path":17,"minecraft:oak_stairs":4,"minecraft:small_amethyst_bud":7,"minecraft:pink_tulip":5,"minecraft:blue_orchid":15,"minecraft:tripwire":4,"minecraft:cut_sandstone":5,"minecraft:kelp_plant":24,"minecraft:smoker":3,"minecraft:amethyst_cluster":7,"minecraft:torch":94,"minecraft:melon":18,"minecraft:dead_bush":2,"minecraft:glass":9,"minecraft:sugar_cane":551,"minecraft:smooth_sandstone_slab":2,"minecraft:amethyst_block":20,"minecraft:skeleton_skull":1,"minecraft:wheat":461,"minecraft:birch_door":2,"minecraft:oak_fence_gate":3,"minecraft:loom":1,"minecraft:smooth_quartz":245,"minecraft:blue_shulker_box":2,"minecraft:stonecutter":1,"minecraft:stripped_crimson_stem":1,"minecraft:piston":1,"minecraft:stripped_birch_log":1,"minecraft:shulker_box":16,"minecraft:birch_fence_gate":1,"minecraft:dark_oak_fence":7,"minecraft:allium":4,"minecraft:crimson_roots":5,"minecraft:orange_shulker_box":5,"minecraft:redstone_wire":1,"minecraft:moss_block":1,"minecraft:kelp":7,"minecraft:redstone_ore":14,"minecraft:green_terracotta":4,"minecraft:potatoes":1700,"minecraft:cobblestone_slab":18,"minecraft:vine":4,"minecraft:warped_stem":50,"minecraft:bamboo_sapling":4,"minecraft:bamboo":33,"minecraft:white_wool":2,"minecraft:birch_stairs":1,"minecraft:oak_slab":12,"minecraft:light_gray_carpet":1,"minecraft:brown_carpet":10,"minecraft:dandelion":265,"minecraft:smooth_sandstone":45,"minecraft:cornflower":43,"minecraft:short_grass":2184,"minecraft:emerald_ore":2,"minecraft:tall_grass":1148,"minecraft:diorite":22,"minecraft:orange_carpet":4,"minecraft:warped_wart_block":1,"minecraft:cobblestone_wall":56,"minecraft:spruce_log":587,"minecraft:birch_leaves":27,"minecraft:gravel":368,"minecraft:cobweb":93,"minecraft:gold_ore":17,"minecraft:black_shulker_box":23,"minecraft:large_amethyst_bud":1,"minecraft:spruce_planks":5,"minecraft:oak_sapling":17,"minecraft:cave_vines_plant":1,"minecraft:budding_amethyst":16,"minecraft:grass_block":3798,"minecraft:smooth_stone":3,"minecraft:glowstone":12,"minecraft:iron_ore":49,"minecraft:anvil":1,"minecraft:azure_bluet":47,"minecraft:spruce_slab":4,"minecraft:deepslate_redstone_ore":3,"minecraft:melon_stem":4,"minecraft:medium_amethyst_bud":2,"minecraft:orange_terracotta":2,"minecraft:clay":1,"minecraft:poppy":99,"minecraft:chest":59,"minecraft:cobblestone":339,"minecraft:oak_planks":43,"minecraft:wall_torch":79,"minecraft:seagrass":2,"minecraft:light_blue_terracotta":1,"minecraft:blue_terracotta":2,"minecraft:nether_wart_block":9,"minecraft:birch_log":124,"minecraft:birch_trapdoor":7,"minecraft:orange_tulip":3,"minecraft:oak_log":351,"minecraft:beetroots":1,"minecraft:dirt":1169,"minecraft:lime_terracotta":5,"minecraft:sand":19,"minecraft:netherrack":10,"minecraft:oak_leaves":309,"minecraft:diamond_ore":8,"minecraft:gray_shulker_box":2,"minecraft:ladder":3,"minecraft:spruce_leaves":177,"minecraft:sandstone":11,"minecraft:crimson_stem":40,"minecraft:large_fern":1,"minecraft:oak_trapdoor":2,"minecraft:spruce_sapling":5,"minecraft:furnace":11,"minecraft:carrots":375,"minecraft:raw_gold_block":2,"minecraft:light_gray_shulker_box":14,"minecraft:stripped_spruce_log":1,"minecraft:peony":5,"minecraft:deepslate_iron_ore":5,"minecraft:stripped_oak_log":1,"minecraft:white_tulip":3,"minecraft:stone":1495,"minecraft:yellow_shulker_box":1,"minecraft:stripped_dark_oak_log":60,"minecraft:spruce_door":1,"minecraft:crafting_table":8,"minecraft:oak_fence":27,"minecraft:rose_bush":7,"minecraft:lapis_ore":17,"minecraft:spruce_stairs":5,"minecraft:birch_planks":2,"minecraft:green_shulker_box":2,"minecraft:ice":2,"minecraft:coal_ore":86,"minecraft:gray_carpet":28,"minecraft:purple_shulker_box":19,"minecraft:birch_fence":3},"minecraft:killed":{"minecraft:cave_spider":4,"minecraft:skeleton":728,"minecraft:chicken":25,"minecraft:tropical_fish":1,"minecraft:pillager":240,"minecraft:zombie":75,"minecraft:cow":36,"minecraft:evoker":4,"minecraft:vindicator":20,"minecraft:husk":222,"minecraft:rabbit":2,"minecraft:enderman":9,"minecraft:zombified_piglin":4,"minecraft:witch":5,"minecraft:spider":25,"minecraft:pig":25,"minecraft:strider":1,"minecraft:creeper":65,"minecraft:sheep":44,"minecraft:vex":2,"minecraft:phantom":3,"minecraft:drowned":1},"minecraft:crafted":{"minecraft:oak_sign":30,"minecraft:diamond_shovel":3,"minecraft:cooked_mutton":44,"minecraft:glass":10,"minecraft:diamond_helmet":7,"minecraft:diamond_leggings":2,"minecraft:melon_seeds":5,"minecraft:birch_fence_gate":1,"minecraft:birch_door":3,"minecraft:cooked_rabbit":1,"minecraft:emerald":120,"minecraft:cooked_porkchop":44,"minecraft:diamond_axe":1,"minecraft:spruce_door":3,"minecraft:wooden_hoe":1,"minecraft:iron_pickaxe":3,"minecraft:stone_shovel":22,"minecraft:iron_nugget":81,"minecraft:bone_meal":1386,"minecraft:lantern":6,"minecraft:dark_oak_fence":6,"minecraft:ladder":105,"minecraft:stone_pickaxe":27,"minecraft:diamond_boots":1,"minecraft:dark_oak_planks":16,"minecraft:crossbow":1,"minecraft:enchanting_table":1,"minecraft:light_blue_wool":4,"minecraft:red_bed":1,"minecraft:oak_fence_gate":2,"minecraft:wooden_axe":1,"minecraft:birch_trapdoor":128,"minecraft:iron_shovel":11,"minecraft:white_bed":3,"minecraft:oak_planks":600,"minecraft:cobblestone_slab":970,"minecraft:cooked_chicken":10,"minecraft:bow":2,"minecraft:chest":38,"minecraft:stone_hoe":6,"minecraft:oak_fence":15,"minecraft:smoker":1,"minecraft:oak_slab":24,"minecraft:arrow":112,"minecraft:crafting_table":9,"minecraft:spruce_planks":792,"minecraft:wooden_pickaxe":1,"minecraft:baked_potato":1204,"minecraft:red_wool":3,"minecraft:birch_planks":1092,"minecraft:book":29,"minecraft:paper":147,"minecraft:charcoal":1142,"minecraft:shield":1,"minecraft:birch_fence":3,"minecraft:stick":950,"minecraft:light_blue_dye":4,"minecraft:iron_ingot":46,"minecraft:stone_sword":11,"minecraft:shears":1,"minecraft:fishing_rod":1,"minecraft:tripwire_hook":2,"minecraft:furnace":5,"minecraft:flint_and_steel":1,"minecraft:iron_axe":2,"minecraft:cobblestone_wall":7,"minecraft:birch_sign":3,"minecraft:cooked_beef":64,"minecraft:red_dye":3,"minecraft:diamond_sword":2,"minecraft:iron_sword":1,"minecraft:bucket":4,"minecraft:stone_axe":9,"minecraft:bread":104,"minecraft:air":0,"minecraft:raw_gold":9,"minecraft:torch":2496,"minecraft:clay":1,"minecraft:diamond_chestplate":3},"minecraft:broken":{"minecraft:bow":4,"minecraft:crossbow":2,"minecraft:stone_sword":7,"minecraft:stone_hoe":3,"minecraft:iron_axe":3,"minecraft:iron_pickaxe":1,"minecraft:wooden_hoe":1,"minecraft:iron_shovel":5,"minecraft:stone_pickaxe":16,"minecraft:stone_axe":6,"minecraft:wooden_axe":1,"minecraft:stone_shovel":18,"minecraft:diamond_sword":1,"minecraft:diamond_axe":1},"minecraft:custom":{"minecraft:interact_with_crafting_table":215,"minecraft:open_barrel":8,"minecraft:bell_ring":12,"minecraft:eat_cake_slice":9,"minecraft:leave_game":18,"minecraft:time_since_death":149629,"minecraft:damage_blocked_by_shield":330,"minecraft:play_time":2540726,"minecraft:deaths":85,"minecraft:jump":13667,"minecraft:interact_with_furnace":230,"minecraft:traded_with_villager":135,"minecraft:interact_with_cartography_table":2,"minecraft:sleep_in_bed":17,"minecraft:damage_dealt":176959,"minecraft:interact_with_smoker":182,"minecraft:use_cauldron":6,"minecraft:inspect_dispenser":7,"minecraft:interact_with_anvil":7,"minecraft:sneak_time":324228,"minecraft:interact_with_blast_furnace":20,"minecraft:total_world_time":2540726,"minecraft:interact_with_stonecutter":11,"minecraft:time_since_rest":149748,"minecraft:swim_one_cm":104222,"minecraft:fly_one_cm":925188,"minecraft:open_chest":2059,"minecraft:fall_one_cm":205485,"minecraft:animals_bred":169,"minecraft:open_shulker_box":474,"minecraft:sprint_one_cm":5770794,"minecraft:drop":1008,"minecraft:talked_to_villager":131,"minecraft:interact_with_brewingstand":7,"minecraft:walk_on_water_one_cm":250316,"minecraft:open_enderchest":29,"minecraft:crouch_one_cm":623639,"minecraft:mob_kills":1664,"minecraft:climb_one_cm":52504,"minecraft:walk_one_cm":8888906,"minecraft:walk_under_water_one_cm":97367,"minecraft:pot_flower":1,"minecraft:damage_taken":35048,"minecraft:damage_absorbed":463}},"DataVersion":3955}