{"stats":{"minecraft:killed_by":{"minecraft:creeper":3,"minecraft:cave_spider":1,"minecraft:zombie":4,"minecraft:husk":4,"minecraft:spider":2,"minecraft:enderman":1,"minecraft:skeleton":3},"minecraft:dropped":{"minecraft:ender_pearl":3,"minecraft:cooked_porkchop":3,"minecraft:emerald":2,"minecraft:dirt":224,"minecraft:gold_nugget":5,"minecraft:sand":5,"minecraft:iron_pickaxe":1,"minecraft:bone":1,"minecraft:stone_axe":2,"minecraft:sugar_cane":806,"minecraft:cooked_chicken":3,"minecraft:music_disc_otherside":1,"minecraft:wheat":1,"minecraft:stripped_dark_oak_log":8,"minecraft:rotten_flesh":76,"minecraft:gunpowder":10,"minecraft:arrow":15,"minecraft:egg":8,"minecraft:iron_ingot":3,"minecraft:bread":4,"minecraft:wheat_seeds":13,"minecraft:cobblestone":236,"minecraft:apple":2,"minecraft:coal":1,"minecraft:oxeye_daisy":1,"minecraft:torch":16,"minecraft:music_disc_wait":1,"minecraft:iron_shovel":1,"minecraft:string":7,"minecraft:bucket":3,"minecraft:dandelion":1,"minecraft:stone_sword":3,"minecraft:cobblestone_wall":198,"minecraft:raw_iron":3,"minecraft:green_concrete":5,"minecraft:diamond_sword":1,"minecraft:potato":1,"minecraft:shield":1,"minecraft:allium":4,"minecraft:diamond_pickaxe":1,"minecraft:spider_eye":3,"minecraft:sandstone":1,"minecraft:bow":2,"minecraft:stone_pickaxe":1},"minecraft:mined":{"minecraft:dark_oak_planks":1,"minecraft:oak_sapling":15,"minecraft:jungle_leaves":5,"minecraft:cave_vines_plant":1,"minecraft:budding_amethyst":1,"minecraft:grass_block":3203,"minecraft:green_concrete":5,"minecraft:oxeye_daisy":21,"minecraft:tall_seagrass":1,"minecraft:fire":5,"minecraft:iron_ore":44,"minecraft:azure_bluet":21,"minecraft:dirt_path":4,"minecraft:pink_tulip":4,"minecraft:blue_orchid":12,"minecraft:deepslate_redstone_ore":3,"minecraft:cut_sandstone":5,"minecraft:kelp_plant":24,"minecraft:amethyst_cluster":1,"minecraft:orange_terracotta":2,"minecraft:clay":1,"minecraft:torch":72,"minecraft:poppy":19,"minecraft:melon":7,"minecraft:chest":9,"minecraft:dead_bush":1,"minecraft:cobblestone":33,"minecraft:oak_planks":17,"minecraft:sugar_cane":481,"minecraft:smooth_sandstone_slab":2,"minecraft:wall_torch":33,"minecraft:seagrass":2,"minecraft:blue_terracotta":2,"minecraft:birch_log":85,"minecraft:wheat":241,"minecraft:orange_tulip":3,"minecraft:oak_log":181,"minecraft:beetroots":1,"minecraft:oak_fence_gate":3,"minecraft:lime_terracotta":4,"minecraft:sand":8,"minecraft:dirt":1056,"minecraft:oak_leaves":204,"minecraft:diamond_ore":8,"minecraft:birch_fence_gate":1,"minecraft:dark_oak_fence":7,"minecraft:allium":4,"minecraft:redstone_wire":1,"minecraft:spruce_leaves":82,"minecraft:kelp":7,"minecraft:moss_block":1,"minecraft:sandstone":11,"minecraft:large_fern":1,"minecraft:redstone_ore":9,"minecraft:oak_trapdoor":2,"minecraft:carrots":215,"minecraft:green_terracotta":3,"minecraft:peony":4,"minecraft:potatoes":437,"minecraft:vine":2,"minecraft:deepslate_iron_ore":5,"minecraft:cobblestone_slab":1,"minecraft:stripped_oak_log":1,"minecraft:bamboo":31,"minecraft:white_tulip":2,"minecraft:stone":1355,"minecraft:stripped_dark_oak_log":60,"minecraft:dandelion":52,"minecraft:oak_fence":25,"minecraft:smooth_sandstone":45,"minecraft:crafting_table":4,"minecraft:cornflower":14,"minecraft:short_grass":694,"minecraft:emerald_ore":2,"minecraft:rose_bush":7,"minecraft:tall_grass":464,"minecraft:lapis_ore":5,"minecraft:diorite":22,"minecraft:cobblestone_wall":42,"minecraft:spruce_log":22,"minecraft:birch_leaves":20,"minecraft:coal_ore":74,"minecraft:gravel":17,"minecraft:cobweb":82,"minecraft:gold_ore":17,"minecraft:birch_fence":3},"minecraft:custom":{"minecraft:animals_bred":53,"minecraft:interact_with_crafting_table":123,"minecraft:open_barrel":1,"minecraft:leave_game":8,"minecraft:time_since_death":20171,"minecraft:sprint_one_cm":2143338,"minecraft:damage_blocked_by_shield":255,"minecraft:drop":842,"minecraft:talked_to_villager":54,"minecraft:play_time":1040142,"minecraft:deaths":26,"minecraft:jump":5354,"minecraft:walk_on_water_one_cm":104190,"minecraft:interact_with_furnace":58,"minecraft:traded_with_villager":2,"minecraft:interact_with_cartography_table":1,"minecraft:sleep_in_bed":11,"minecraft:damage_dealt":97550,"minecraft:crouch_one_cm":330054,"minecraft:interact_with_smoker":33,"minecraft:interact_with_anvil":6,"minecraft:mob_kills":930,"minecraft:climb_one_cm":12416,"minecraft:walk_one_cm":4094027,"minecraft:sneak_time":183159,"minecraft:walk_under_water_one_cm":20792,"minecraft:interact_with_blast_furnace":6,"minecraft:total_world_time":1040142,"minecraft:pot_flower":1,"minecraft:interact_with_stonecutter":8,"minecraft:time_since_rest":20208,"minecraft:damage_taken":10491,"minecraft:swim_one_cm":44202,"minecraft:fly_one_cm":342425,"minecraft:open_chest":689,"minecraft:fall_one_cm":81664},"minecraft:crafted":{"minecraft:oak_planks":412,"minecraft:cobblestone_slab":16,"minecraft:oak_sign":3,"minecraft:cooked_chicken":4,"minecraft:bow":2,"minecraft:birch_fence_gate":1,"minecraft:chest":23,"minecraft:birch_door":3,"minecraft:stone_hoe":4,"minecraft:oak_fence":15,"minecraft:smoker":1,"minecraft:cooked_porkchop":5,"minecraft:crafting_table":2,"minecraft:spruce_planks":20,"minecraft:baked_potato":106,"minecraft:red_wool":3,"minecraft:birch_planks":160,"minecraft:wooden_hoe":1,"minecraft:charcoal":84,"minecraft:birch_fence":3,"minecraft:stick":284,"minecraft:iron_ingot":27,"minecraft:iron_pickaxe":1,"minecraft:stone_sword":1,"minecraft:shears":1,"minecraft:stone_shovel":22,"minecraft:fishing_rod":1,"minecraft:tripwire_hook":2,"minecraft:furnace":3,"minecraft:bone_meal":834,"minecraft:dark_oak_fence":6,"minecraft:stone_pickaxe":13,"minecraft:cobblestone_wall":7,"minecraft:dark_oak_planks":16,"minecraft:birch_sign":3,"minecraft:red_dye":3,"minecraft:crossbow":1,"minecraft:diamond_sword":1,"minecraft:red_bed":1,"minecraft:bucket":2,"minecraft:stone_axe":9,"minecraft:bread":60,"minecraft:air":0,"minecraft:oak_fence_gate":2,"minecraft:wooden_axe":1,"minecraft:iron_shovel":11,"minecraft:white_bed":1,"minecraft:torch":432,"minecraft:clay":1,"minecraft:diamond_chestplate":1},"minecraft:picked_up":{"minecraft:wooden_axe":2,"minecraft:wheat":327,"minecraft:diamond_sword":5,"minecraft:lead":4,"minecraft:potion":1,"minecraft:enchanted_book":4,"minecraft:string":90,"minecraft:oak_sign":2,"minecraft:beetroot":1,"minecraft:diamond_leggings":1,"minecraft:cobbled_deepslate":1,"minecraft:bucket":6,"minecraft:white_tulip":4,"minecraft:written_book":1,"minecraft:rose_bush":18,"minecraft:cobblestone_slab":39,"minecraft:iron_pickaxe":1,"minecraft:melon_slice":33,"minecraft:stick":145,"minecraft:oak_fence":26,"minecraft:torch":340,"minecraft:sandstone_wall":5,"minecraft:porkchop":13,"minecraft:diorite":22,"minecraft:green_terracotta":3,"minecraft:stone_sword":11,"minecraft:rotten_flesh":643,"minecraft:music_disc_wait":1,"minecraft:snowball":28,"minecraft:cobblestone":1533,"minecraft:birch_log":85,"minecraft:cooked_beef":10,"minecraft:feather":27,"minecraft:water_bucket":1,"minecraft:jungle_log":1,"minecraft:potato":1376,"minecraft:flint":1,"minecraft:smooth_sandstone_stairs":4,"minecraft:cut_sandstone_slab":1,"minecraft:lapis_lazuli":35,"minecraft:dirt":5133,"minecraft:bone":958,"minecraft:bow":65,"minecraft:orange_tulip":3,"minecraft:wheat_seeds":889,"minecraft:raw_gold":19,"minecraft:bamboo":477,"minecraft:rabbit":1,"minecraft:diamond_helmet":1,"minecraft:glowstone_dust":2,"minecraft:moss_block":1,"minecraft:stone_hoe":2,"minecraft:oak_planks":91,"minecraft:cooked_porkchop":18,"minecraft:red_sandstone_wall":4,"minecraft:lime_terracotta":8,"minecraft:poisonous_potato":11,"minecraft:birch_fence_gate":1,"minecraft:sand":32,"minecraft:grass_block":5,"minecraft:blue_terracotta":2,"minecraft:green_concrete":15,"minecraft:diamond":13,"minecraft:crossbow":1,"minecraft:bone_meal":177,"minecraft:emerald":10,"minecraft:bread":378,"minecraft:oak_sapling":140,"minecraft:dark_oak_fence":7,"minecraft:diamond_pickaxe":2,"minecraft:charcoal":39,"minecraft:crafting_table":6,"minecraft:allium":12,"minecraft:azure_bluet":34,"minecraft:chicken":6,"minecraft:clay_ball":4,"minecraft:shield":7,"minecraft:cornflower":27,"minecraft:oak_trapdoor":2,"minecraft:flint_and_steel":2,"minecraft:iron_shovel":1,"minecraft:birch_fence":3,"minecraft:blue_orchid":24,"minecraft:music_disc_otherside":5,"minecraft:poppy":38,"minecraft:light_gray_wool":6,"minecraft:sugar_cane":936,"minecraft:chest":9,"minecraft:birch_sapling":27,"minecraft:egg":65,"minecraft:raw_iron":60,"minecraft:sandstone":92,"minecraft:carrot":779,"minecraft:redstone":61,"minecraft:dark_oak_planks":7,"minecraft:smooth_sandstone_slab":15,"minecraft:arrow":1417,"minecraft:stone_shovel":19,"minecraft:diamond_chestplate":1,"minecraft:beetroot_seeds":2,"minecraft:peony":7,"minecraft:shears":4,"minecraft:diamond_boots":1,"minecraft:pink_tulip":8,"minecraft:gold_ingot":10,"minecraft:glow_berries":1,"minecraft:mutton":1,"minecraft:white_wool":10,"minecraft:oxeye_daisy":39,"minecraft:stripped_oak_log":1,"minecraft:tripwire_hook":1,"minecraft:leather":8,"minecraft:cut_sandstone":19,"minecraft:birch_planks":17,"minecraft:oak_log":219,"minecraft:gunpowder":141,"minecraft:cobblestone_wall":226,"minecraft:paper":11,"minecraft:orange_terracotta":4,"minecraft:cooked_mutton":13,"minecraft:smooth_sandstone":72,"minecraft:apple":16,"minecraft:kelp":92,"minecraft:stone_pickaxe":15,"minecraft:iron_ingot":18,"minecraft:oak_fence_gate":3,"minecraft:cooked_chicken":18,"minecraft:cobweb":95,"minecraft:dandelion":93,"minecraft:gravel":18,"minecraft:amethyst_shard":4,"minecraft:spruce_sapling":8,"minecraft:spruce_log":22,"minecraft:spider_eye":15,"minecraft:firework_rocket":7,"minecraft:stone_axe":11,"minecraft:baked_potato":258,"minecraft:coal":78,"minecraft:stripped_dark_oak_log":72,"minecraft:ender_pearl":10},"minecraft:broken":{"minecraft:iron_shovel":5,"minecraft:stone_pickaxe":12,"minecraft:stone_axe":4,"minecraft:wooden_axe":1,"minecraft:diamond_sword":1,"minecraft:stone_shovel":18,"minecraft:stone_sword":5,"minecraft:stone_hoe":2,"minecraft:iron_pickaxe":1},"minecraft:killed":{"minecraft:cave_spider":4,"minecraft:spider":16,"minecraft:skeleton":520,"minecraft:chicken":23,"minecraft:pig":6,"minecraft:creeper":52,"minecraft:sheep":8,"minecraft:zombie":70,"minecraft:cow":3,"minecraft:phantom":1,"minecraft:husk":161,"minecraft:rabbit":1,"minecraft:enderman":9},"minecraft:used":{"minecraft:iron_shovel":1394,"minecraft:poppy":3,"minecraft:oak_sign":1,"minecraft:chest":27,"minecraft:shield":9,"minecraft:rotten_flesh":5,"minecraft:carrot":254,"minecraft:snowball":28,"minecraft:azure_bluet":8,"minecraft:grass_block":4,"minecraft:birch_sapling":11,"minecraft:bow":320,"minecraft:oak_sapling":60,"minecraft:furnace":2,"minecraft:beetroot_seeds":1,"minecraft:egg":27,"minecraft:potato":617,"minecraft:diamond_boots":1,"minecraft:stone_pickaxe":1485,"minecraft:oak_planks":1,"minecraft:ender_pearl":2,"minecraft:sandstone":52,"minecraft:sugar_cane":126,"minecraft:sand":3,"minecraft:cut_sandstone_slab":1,"minecraft:crossbow":19,"minecraft:shears":82,"minecraft:birch_fence":4,"minecraft:birch_fence_gate":2,"minecraft:bread":100,"minecraft:diamond_sword":1740,"minecraft:dark_oak_fence":7,"minecraft:bone_meal":588,"minecraft:oak_trapdoor":2,"minecraft:oak_fence":14,"minecraft:stone_sword":521,"minecraft:stone_shovel":2518,"minecraft:redstone":1,"minecraft:stone_hoe":325,"minecraft:cooked_chicken":1,"minecraft:torch":448,"minecraft:dirt":2748,"minecraft:cobblestone_wall":241,"minecraft:diamond_helmet":1,"minecraft:oak_fence_gate":5,"minecraft:birch_door":1,"minecraft:dark_oak_planks":1,"minecraft:wooden_axe":120,"minecraft:smooth_sandstone":2,"minecraft:bamboo":1,"minecraft:diamond_chestplate":1,"minecraft:orange_terracotta":2,"minecraft:wheat_seeds":355,"minecraft:water_bucket":7,"minecraft:baked_potato":13,"minecraft:cut_sandstone":15,"minecraft:cobblestone_slab":7,"minecraft:crafting_table":3,"minecraft:red_bed":1,"minecraft:birch_sign":1,"minecraft:white_bed":1,"minecraft:smoker":1,"minecraft:oak_log":4,"minecraft:wooden_hoe":17,"minecraft:cornflower":4,"minecraft:apple":6,"minecraft:oxeye_daisy":4,"minecraft:iron_pickaxe":271,"minecraft:spruce_sapling":4,"minecraft:stone_axe":977,"minecraft:cobblestone":16,"minecraft:cooked_porkchop":2,"minecraft:bucket":6,"minecraft:dandelion":16,"minecraft:diamond_leggings":1}},"DataVersion":3955}