{"stats":{"minecraft:killed_by":{"minecraft:husk":2,"minecraft:creeper":2,"minecraft:spider":2,"minecraft:skeleton":2,"minecraft:zombie":3},"minecraft:dropped":{"minecraft:iron_ingot":3,"minecraft:bread":4,"minecraft:wheat_seeds":13,"minecraft:ender_pearl":3,"minecraft:cooked_porkchop":3,"minecraft:cobblestone":236,"minecraft:apple":2,"minecraft:coal":1,"minecraft:oxeye_daisy":1,"minecraft:dirt":223,"minecraft:torch":16,"minecraft:sand":5,"minecraft:iron_pickaxe":1,"minecraft:music_disc_wait":1,"minecraft:string":7,"minecraft:iron_shovel":1,"minecraft:bucket":3,"minecraft:dandelion":1,"minecraft:stone_axe":2,"minecraft:cooked_chicken":3,"minecraft:stone_sword":3,"minecraft:cobblestone_wall":198,"minecraft:music_disc_otherside":1,"minecraft:wheat":1,"minecraft:raw_iron":3,"minecraft:stripped_dark_oak_log":8,"minecraft:rotten_flesh":65,"minecraft:green_concrete":5,"minecraft:potato":1,"minecraft:shield":1,"minecraft:gunpowder":10,"minecraft:allium":4,"minecraft:spider_eye":3,"minecraft:bow":2,"minecraft:arrow":15,"minecraft:stone_pickaxe":1,"minecraft:egg":8},"minecraft:mined":{"minecraft:dark_oak_planks":1,"minecraft:diamond_ore":2,"minecraft:oak_sapling":15,"minecraft:jungle_leaves":5,"minecraft:cave_vines_plant":1,"minecraft:budding_amethyst":1,"minecraft:birch_fence_gate":1,"minecraft:dark_oak_fence":7,"minecraft:allium":4,"minecraft:grass_block":3198,"minecraft:redstone_wire":1,"minecraft:moss_block":1,"minecraft:spruce_leaves":82,"minecraft:green_concrete":5,"minecraft:kelp":4,"minecraft:oxeye_daisy":19,"minecraft:large_fern":1,"minecraft:redstone_ore":7,"minecraft:carrots":55,"minecraft:iron_ore":37,"minecraft:green_terracotta":3,"minecraft:azure_bluet":19,"minecraft:peony":4,"minecraft:deepslate_iron_ore":5,"minecraft:potatoes":99,"minecraft:cobblestone_slab":1,"minecraft:dirt_path":4,"minecraft:vine":2,"minecraft:pink_tulip":4,"minecraft:bamboo":30,"minecraft:blue_orchid":12,"minecraft:stone":1254,"minecraft:white_tulip":2,"minecraft:deepslate_redstone_ore":3,"minecraft:amethyst_cluster":1,"minecraft:kelp_plant":20,"minecraft:stripped_dark_oak_log":60,"minecraft:dandelion":49,"minecraft:oak_fence":25,"minecraft:crafting_table":4,"minecraft:cornflower":13,"minecraft:torch":48,"minecraft:short_grass":585,"minecraft:emerald_ore":2,"minecraft:poppy":17,"minecraft:melon":7,"minecraft:chest":3,"minecraft:rose_bush":7,"minecraft:cobblestone":19,"minecraft:tall_grass":339,"minecraft:lapis_ore":4,"minecraft:sugar_cane":45,"minecraft:oak_planks":1,"minecraft:diorite":22,"minecraft:wall_torch":13,"minecraft:cobblestone_wall":42,"minecraft:birch_log":55,"minecraft:wheat":26,"minecraft:spruce_log":22,"minecraft:birch_leaves":13,"minecraft:orange_tulip":3,"minecraft:coal_ore":25,"minecraft:oak_log":151,"minecraft:gravel":17,"minecraft:beetroots":1,"minecraft:oak_fence_gate":3,"minecraft:lime_terracotta":4,"minecraft:sand":5,"minecraft:dirt":1018,"minecraft:gold_ore":12,"minecraft:oak_leaves":172,"minecraft:birch_fence":3},"minecraft:custom":{"minecraft:mob_kills":136,"minecraft:animals_bred":27,"minecraft:interact_with_crafting_table":88,"minecraft:open_barrel":1,"minecraft:leave_game":6,"minecraft:time_since_death":45303,"minecraft:climb_one_cm":8420,"minecraft:sprint_one_cm":1061259,"minecraft:walk_one_cm":2790590,"minecraft:damage_blocked_by_shield":115,"minecraft:drop":144,"minecraft:talked_to_villager":17,"minecraft:play_time":585807,"minecraft:deaths":15,"minecraft:sneak_time":54739,"minecraft:walk_under_water_one_cm":11291,"minecraft:jump":2849,"minecraft:interact_with_blast_furnace":2,"minecraft:walk_on_water_one_cm":53641,"minecraft:total_world_time":585807,"minecraft:interact_with_furnace":42,"minecraft:traded_with_villager":2,"minecraft:interact_with_stonecutter":5,"minecraft:sleep_in_bed":10,"minecraft:time_since_rest":29529,"minecraft:damage_taken":4669,"minecraft:damage_dealt":8394,"minecraft:swim_one_cm":28191,"minecraft:fly_one_cm":138214,"minecraft:open_chest":362,"minecraft:crouch_one_cm":184685,"minecraft:interact_with_smoker":12,"minecraft:fall_one_cm":38186},"minecraft:crafted":{"minecraft:oak_planks":216,"minecraft:stone_shovel":18,"minecraft:cobblestone_slab":16,"minecraft:cooked_chicken":4,"minecraft:furnace":2,"minecraft:bone_meal":153,"minecraft:dark_oak_fence":6,"minecraft:birch_fence_gate":1,"minecraft:stone_pickaxe":11,"minecraft:cobblestone_wall":7,"minecraft:chest":19,"minecraft:birch_door":3,"minecraft:dark_oak_planks":16,"minecraft:oak_fence":15,"minecraft:stone_hoe":4,"minecraft:birch_sign":3,"minecraft:smoker":1,"minecraft:red_dye":3,"minecraft:cooked_porkchop":5,"minecraft:crafting_table":2,"minecraft:red_bed":1,"minecraft:red_wool":3,"minecraft:birch_planks":148,"minecraft:bucket":1,"minecraft:stone_axe":5,"minecraft:bread":23,"minecraft:air":0,"minecraft:oak_fence_gate":2,"minecraft:wooden_hoe":1,"minecraft:charcoal":53,"minecraft:birch_fence":3,"minecraft:stick":180,"minecraft:iron_ingot":19,"minecraft:iron_pickaxe":1,"minecraft:wooden_axe":1,"minecraft:stone_sword":1,"minecraft:iron_shovel":11,"minecraft:white_bed":1,"minecraft:torch":236,"minecraft:shears":1},"minecraft:picked_up":{"minecraft:wooden_axe":2,"minecraft:charcoal":39,"minecraft:crafting_table":6,"minecraft:allium":12,"minecraft:wheat":106,"minecraft:azure_bluet":32,"minecraft:chicken":6,"minecraft:lead":4,"minecraft:enchanted_book":2,"minecraft:shield":6,"minecraft:cornflower":26,"minecraft:string":53,"minecraft:flint_and_steel":2,"minecraft:iron_shovel":1,"minecraft:birch_fence":3,"minecraft:blue_orchid":24,"minecraft:beetroot":1,"minecraft:cobbled_deepslate":1,"minecraft:bucket":6,"minecraft:iron_pickaxe":1,"minecraft:music_disc_otherside":1,"minecraft:white_tulip":4,"minecraft:written_book":1,"minecraft:rose_bush":18,"minecraft:cobblestone_slab":39,"minecraft:poppy":36,"minecraft:light_gray_wool":2,"minecraft:sugar_cane":104,"minecraft:melon_slice":33,"minecraft:chest":3,"minecraft:birch_sapling":19,"minecraft:egg":33,"minecraft:stick":97,"minecraft:raw_iron":53,"minecraft:sandstone":24,"minecraft:oak_fence":26,"minecraft:torch":185,"minecraft:sandstone_wall":4,"minecraft:porkchop":5,"minecraft:diorite":22,"minecraft:carrot":247,"minecraft:redstone":51,"minecraft:green_terracotta":3,"minecraft:dark_oak_planks":7,"minecraft:stone_shovel":3,"minecraft:rotten_flesh":203,"minecraft:stone_sword":10,"minecraft:arrow":391,"minecraft:beetroot_seeds":2,"minecraft:peony":7,"minecraft:shears":1,"minecraft:pink_tulip":8,"minecraft:gold_ingot":9,"minecraft:music_disc_wait":1,"minecraft:glow_berries":1,"minecraft:mutton":1,"minecraft:snowball":28,"minecraft:white_wool":6,"minecraft:cobblestone":1377,"minecraft:oxeye_daisy":37,"minecraft:birch_log":55,"minecraft:feather":8,"minecraft:water_bucket":1,"minecraft:cut_sandstone":3,"minecraft:potato":196,"minecraft:flint":1,"minecraft:oak_log":189,"minecraft:smooth_sandstone_stairs":2,"minecraft:gunpowder":122,"minecraft:cobblestone_wall":226,"minecraft:lapis_lazuli":30,"minecraft:paper":11,"minecraft:dirt":4946,"minecraft:smooth_sandstone":4,"minecraft:bone":112,"minecraft:apple":16,"minecraft:kelp":78,"minecraft:bow":14,"minecraft:orange_tulip":3,"minecraft:wheat_seeds":278,"minecraft:raw_gold":15,"minecraft:stone_pickaxe":9,"minecraft:oak_fence_gate":3,"minecraft:bamboo":373,"minecraft:glowstone_dust":2,"minecraft:moss_block":1,"minecraft:oak_planks":1,"minecraft:stone_hoe":2,"minecraft:gravel":18,"minecraft:lime_terracotta":8,"minecraft:dandelion":90,"minecraft:birch_fence_gate":1,"minecraft:sand":20,"minecraft:amethyst_shard":4,"minecraft:spruce_sapling":8,"minecraft:spruce_log":22,"minecraft:grass_block":5,"minecraft:spider_eye":10,"minecraft:firework_rocket":7,"minecraft:diamond":4,"minecraft:green_concrete":15,"minecraft:stone_axe":8,"minecraft:bone_meal":96,"minecraft:bread":294,"minecraft:emerald":10,"minecraft:baked_potato":1,"minecraft:oak_sapling":126,"minecraft:dark_oak_fence":7,"minecraft:stripped_dark_oak_log":72,"minecraft:coal":29,"minecraft:ender_pearl":5},"minecraft:broken":{"minecraft:iron_shovel":5,"minecraft:stone_sword":1,"minecraft:stone_hoe":2,"minecraft:stone_pickaxe":10,"minecraft:stone_axe":3,"minecraft:wooden_axe":1,"minecraft:stone_shovel":18},"minecraft:killed":{"minecraft:cave_spider":2,"minecraft:spider":4,"minecraft:skeleton":34,"minecraft:chicken":5,"minecraft:husk":5,"minecraft:pig":2,"minecraft:creeper":31,"minecraft:zombie":49,"minecraft:enderman":4},"minecraft:used":{"minecraft:oak_fence":14,"minecraft:stone_sword":220,"minecraft:iron_shovel":1394,"minecraft:stone_shovel":2507,"minecraft:redstone":1,"minecraft:poppy":3,"minecraft:chest":21,"minecraft:shield":4,"minecraft:cooked_chicken":1,"minecraft:stone_hoe":325,"minecraft:rotten_flesh":5,"minecraft:torch":290,"minecraft:dirt":2620,"minecraft:carrot":115,"minecraft:cobblestone_wall":241,"minecraft:azure_bluet":8,"minecraft:snowball":28,"minecraft:oak_fence_gate":5,"minecraft:birch_door":1,"minecraft:wooden_axe":120,"minecraft:dark_oak_planks":1,"minecraft:grass_block":4,"minecraft:birch_sapling":6,"minecraft:bow":82,"minecraft:furnace":1,"minecraft:oak_sapling":55,"minecraft:beetroot_seeds":1,"minecraft:egg":7,"minecraft:potato":147,"minecraft:wheat_seeds":151,"minecraft:water_bucket":2,"minecraft:stone_pickaxe":1252,"minecraft:oak_planks":1,"minecraft:baked_potato":1,"minecraft:sugar_cane":101,"minecraft:cobblestone_slab":7,"minecraft:sand":2,"minecraft:crafting_table":3,"minecraft:red_bed":1,"minecraft:birch_sign":1,"minecraft:white_bed":1,"minecraft:smoker":1,"minecraft:birch_fence":4,"minecraft:oak_log":4,"minecraft:wooden_hoe":17,"minecraft:cornflower":4,"minecraft:apple":5,"minecraft:oxeye_daisy":3,"minecraft:birch_fence_gate":2,"minecraft:bread":35,"minecraft:iron_pickaxe":225,"minecraft:stone_axe":714,"minecraft:cobblestone":15,"minecraft:cooked_porkchop":2,"minecraft:dark_oak_fence":7,"minecraft:bucket":1,"minecraft:bone_meal":75,"minecraft:dandelion":15}},"DataVersion":3955}