{"stats":{"minecraft:custom":{"minecraft:animals_bred":81,"minecraft:interact_with_crafting_table":165,"minecraft:open_barrel":6,"minecraft:open_shulker_box":73,"minecraft:bell_ring":3,"minecraft:leave_game":11,"minecraft:time_since_death":163813,"minecraft:sprint_one_cm":3642071,"minecraft:damage_blocked_by_shield":330,"minecraft:drop":927,"minecraft:talked_to_villager":89,"minecraft:play_time":1627049,"minecraft:deaths":31,"minecraft:jump":7412,"minecraft:interact_with_brewingstand":5,"minecraft:walk_on_water_one_cm":113750,"minecraft:interact_with_furnace":159,"minecraft:traded_with_villager":26,"minecraft:interact_with_cartography_table":1,"minecraft:sleep_in_bed":14,"minecraft:damage_dealt":120413,"minecraft:crouch_one_cm":481859,"minecraft:interact_with_smoker":73,"minecraft:use_cauldron":6,"minecraft:mob_kills":1217,"minecraft:interact_with_anvil":7,"minecraft:climb_one_cm":26488,"minecraft:walk_one_cm":5826104,"minecraft:sneak_time":242653,"minecraft:walk_under_water_one_cm":22993,"minecraft:interact_with_blast_furnace":8,"minecraft:total_world_time":1627049,"minecraft:pot_flower":1,"minecraft:interact_with_stonecutter":10,"minecraft:time_since_rest":163860,"minecraft:damage_taken":14120,"minecraft:damage_absorbed":169,"minecraft:swim_one_cm":50405,"minecraft:fly_one_cm":490261,"minecraft:open_chest":1206,"minecraft:fall_one_cm":111245},"minecraft:killed":{"minecraft:cave_spider":4,"minecraft:zombified_piglin":4,"minecraft:spider":23,"minecraft:skeleton":665,"minecraft:chicken":24,"minecraft:pig":9,"minecraft:strider":1,"minecraft:creeper":54,"minecraft:sheep":9,"minecraft:pillager":41,"minecraft:zombie":70,"minecraft:cow":12,"minecraft:evoker":2,"minecraft:vindicator":2,"minecraft:phantom":3,"minecraft:husk":198,"minecraft:rabbit":2,"minecraft:enderman":9},"minecraft:crafted":{"minecraft:oak_planks":440,"minecraft:cobblestone_slab":460,"minecraft:oak_sign":3,"minecraft:cooked_chicken":9,"minecraft:diamond_shovel":3,"minecraft:cooked_mutton":2,"minecraft:glass":10,"minecraft:bow":2,"minecraft:melon_seeds":5,"minecraft:birch_fence_gate":1,"minecraft:chest":35,"minecraft:birch_door":3,"minecraft:stone_hoe":6,"minecraft:oak_fence":15,"minecraft:smoker":1,"minecraft:emerald":21,"minecraft:cooked_porkchop":13,"minecraft:diamond_axe":1,"minecraft:crafting_table":3,"minecraft:spruce_planks":532,"minecraft:wooden_pickaxe":1,"minecraft:baked_potato":145,"minecraft:red_wool":3,"minecraft:birch_planks":832,"minecraft:wooden_hoe":1,"minecraft:charcoal":850,"minecraft:shield":1,"minecraft:birch_fence":3,"minecraft:stick":858,"minecraft:iron_ingot":28,"minecraft:iron_pickaxe":1,"minecraft:stone_sword":6,"minecraft:shears":1,"minecraft:stone_shovel":22,"minecraft:fishing_rod":1,"minecraft:tripwire_hook":2,"minecraft:furnace":3,"minecraft:bone_meal":1386,"minecraft:dark_oak_fence":6,"minecraft:ladder":51,"minecraft:stone_pickaxe":13,"minecraft:cobblestone_wall":7,"minecraft:dark_oak_planks":16,"minecraft:birch_sign":3,"minecraft:cooked_beef":17,"minecraft:red_dye":3,"minecraft:crossbow":1,"minecraft:diamond_sword":1,"minecraft:red_bed":1,"minecraft:bucket":2,"minecraft:stone_axe":9,"minecraft:bread":90,"minecraft:air":0,"minecraft:oak_fence_gate":2,"minecraft:wooden_axe":1,"minecraft:iron_shovel":11,"minecraft:white_bed":1,"minecraft:torch":2472,"minecraft:clay":1,"minecraft:diamond_chestplate":1},"minecraft:used":{"minecraft:iron_shovel":1394,"minecraft:ladder":75,"minecraft:poppy":4,"minecraft:oak_sign":1,"minecraft:chest":95,"minecraft:shield":10,"minecraft:rotten_flesh":5,"minecraft:carrot":340,"minecraft:azure_bluet":8,"minecraft:snowball":28,"minecraft:glass":8,"minecraft:lantern":2,"minecraft:grass_block":4,"minecraft:birch_sapling":11,"minecraft:orange_shulker_box":1,"minecraft:brown_carpet":2,"minecraft:bow":610,"minecraft:furnace":5,"minecraft:oak_sapling":88,"minecraft:beetroot_seeds":1,"minecraft:egg":32,"minecraft:potato":1015,"minecraft:diamond_boots":2,"minecraft:stone_pickaxe":1495,"minecraft:oak_planks":2,"minecraft:ender_pearl":2,"minecraft:wooden_pickaxe":6,"minecraft:sandstone":52,"minecraft:sugar_cane":128,"minecraft:diamond_axe":592,"minecraft:golden_apple":7,"minecraft:sand":4,"minecraft:cut_sandstone_slab":1,"minecraft:crossbow":54,"minecraft:shears":93,"minecraft:birch_fence":4,"minecraft:birch_fence_gate":2,"minecraft:bread":105,"minecraft:melon_slice":3,"minecraft:diamond_sword":1906,"minecraft:dark_oak_fence":7,"minecraft:cooked_rabbit":1,"minecraft:air":2,"minecraft:bone_meal":974,"minecraft:oak_fence":14,"minecraft:oak_trapdoor":2,"minecraft:stone_sword":742,"minecraft:flint_and_steel":11,"minecraft:stone_shovel":2518,"minecraft:redstone":1,"minecraft:spruce_planks":1,"minecraft:stone_hoe":669,"minecraft:cooked_chicken":23,"minecraft:torch":618,"minecraft:dirt":3427,"minecraft:spruce_stairs":5,"minecraft:cobblestone_wall":329,"minecraft:shulker_box":2,"minecraft:diamond_helmet":2,"minecraft:oak_fence_gate":5,"minecraft:birch_door":2,"minecraft:wooden_axe":120,"minecraft:dark_oak_planks":1,"minecraft:iron_axe":46,"minecraft:smooth_sandstone":2,"minecraft:smooth_quartz":2,"minecraft:melon_seeds":9,"minecraft:bamboo":16,"minecraft:diamond_chestplate":4,"minecraft:cooked_beef":8,"minecraft:orange_terracotta":2,"minecraft:wheat_seeds":472,"minecraft:cooked_mutton":3,"minecraft:water_bucket":19,"minecraft:glass_bottle":4,"minecraft:baked_potato":20,"minecraft:black_shulker_box":1,"minecraft:cut_sandstone":15,"minecraft:fletching_table":1,"minecraft:cobblestone_slab":355,"minecraft:crafting_table":7,"minecraft:red_bed":1,"minecraft:birch_sign":1,"minecraft:white_bed":1,"minecraft:painting":6,"minecraft:smoker":1,"minecraft:oak_log":4,"minecraft:wooden_hoe":76,"minecraft:diamond_pickaxe":553,"minecraft:cornflower":4,"minecraft:apple":6,"minecraft:oxeye_daisy":4,"minecraft:diamond_shovel":1052,"minecraft:iron_pickaxe":271,"minecraft:spruce_sapling":25,"minecraft:stone_axe":1092,"minecraft:cobblestone":43,"minecraft:potion":2,"minecraft:cooked_porkchop":9,"minecraft:bucket":18,"minecraft:dandelion":16,"minecraft:smooth_stone":1,"minecraft:diamond_leggings":4},"minecraft:dropped":{"minecraft:birch_planks":4,"minecraft:cooked_beef":9,"minecraft:baked_potato":11,"minecraft:ender_pearl":3,"minecraft:crafting_table":4,"minecraft:cooked_porkchop":17,"minecraft:music_disc_11":1,"minecraft:emerald":2,"minecraft:dirt":224,"minecraft:orange_carpet":4,"minecraft:gold_nugget":8,"minecraft:bone_meal":48,"minecraft:sand":5,"minecraft:iron_pickaxe":1,"minecraft:birch_log":11,"minecraft:bone":1,"minecraft:stone_axe":2,"minecraft:sugar_cane":806,"minecraft:cooked_chicken":24,"minecraft:music_disc_otherside":1,"minecraft:wheat":1,"minecraft:stripped_dark_oak_log":8,"minecraft:rotten_flesh":76,"minecraft:diamond_shovel":1,"minecraft:cooked_mutton":16,"minecraft:gunpowder":11,"minecraft:chest":1,"minecraft:arrow":15,"minecraft:egg":9,"minecraft:iron_ingot":3,"minecraft:enchanted_book":4,"minecraft:stone_hoe":2,"minecraft:bread":4,"minecraft:wheat_seeds":14,"minecraft:diamond_leggings":3,"minecraft:cobblestone":236,"minecraft:apple":2,"minecraft:coal":1,"minecraft:oxeye_daisy":1,"minecraft:torch":86,"minecraft:nether_wart_block":1,"minecraft:music_disc_wait":1,"minecraft:string":7,"minecraft:iron_shovel":1,"minecraft:bucket":3,"minecraft:gray_carpet":39,"minecraft:dandelion":1,"minecraft:stone_sword":3,"minecraft:cobblestone_wall":198,"minecraft:raw_iron":3,"minecraft:green_concrete":5,"minecraft:ender_eye":1,"minecraft:diamond_sword":4,"minecraft:potato":321,"minecraft:cobblestone_slab":252,"minecraft:shield":1,"minecraft:allium":4,"minecraft:diamond_chestplate":5,"minecraft:diamond_pickaxe":2,"minecraft:spider_eye":3,"minecraft:diamond_boots":1,"minecraft:sandstone":1,"minecraft:bow":4,"minecraft:blue_orchid":1,"minecraft:stone_pickaxe":1},"minecraft:killed_by":{"minecraft:creeper":3,"minecraft:vindicator":1,"minecraft:cave_spider":1,"minecraft:zombie":4,"minecraft:husk":5,"minecraft:spider":2,"minecraft:enderman":1,"minecraft:skeleton":3},"minecraft:mined":{"minecraft:dark_oak_planks":1,"minecraft:potted_pink_tulip":1,"minecraft:spruce_planks":4,"minecraft:oak_sapling":16,"minecraft:jungle_leaves":5,"minecraft:cave_vines_plant":1,"minecraft:budding_amethyst":1,"minecraft:grass_block":3780,"minecraft:yellow_carpet":1,"minecraft:green_concrete":5,"minecraft:oxeye_daisy":39,"minecraft:smooth_stone":1,"minecraft:tall_seagrass":1,"minecraft:iron_ore":44,"minecraft:fire":13,"minecraft:fletching_table":1,"minecraft:azure_bluet":47,"minecraft:dirt_path":16,"minecraft:oak_stairs":4,"minecraft:pink_tulip":5,"minecraft:blue_orchid":12,"minecraft:spruce_slab":4,"minecraft:deepslate_redstone_ore":3,"minecraft:cut_sandstone":5,"minecraft:kelp_plant":24,"minecraft:melon_stem":4,"minecraft:amethyst_cluster":1,"minecraft:orange_terracotta":2,"minecraft:clay":1,"minecraft:torch":80,"minecraft:poppy":99,"minecraft:melon":16,"minecraft:chest":19,"minecraft:dead_bush":1,"minecraft:glass":1,"minecraft:cobblestone":34,"minecraft:sugar_cane":481,"minecraft:oak_planks":31,"minecraft:smooth_sandstone_slab":2,"minecraft:wall_torch":41,"minecraft:seagrass":2,"minecraft:blue_terracotta":2,"minecraft:birch_log":123,"minecraft:wheat":344,"minecraft:birch_trapdoor":3,"minecraft:birch_door":1,"minecraft:orange_tulip":3,"minecraft:oak_log":310,"minecraft:beetroots":1,"minecraft:oak_fence_gate":3,"minecraft:lime_terracotta":5,"minecraft:dirt":1123,"minecraft:sand":19,"minecraft:smooth_quartz":7,"minecraft:piston":1,"minecraft:oak_leaves":290,"minecraft:diamond_ore":8,"minecraft:shulker_box":4,"minecraft:birch_fence_gate":1,"minecraft:dark_oak_fence":7,"minecraft:allium":4,"minecraft:orange_shulker_box":2,"minecraft:redstone_wire":1,"minecraft:spruce_leaves":121,"minecraft:kelp":7,"minecraft:moss_block":1,"minecraft:sandstone":11,"minecraft:large_fern":1,"minecraft:redstone_ore":9,"minecraft:oak_trapdoor":2,"minecraft:spruce_sapling":1,"minecraft:furnace":3,"minecraft:carrots":296,"minecraft:green_terracotta":4,"minecraft:peony":4,"minecraft:potatoes":975,"minecraft:cobblestone_slab":11,"minecraft:deepslate_iron_ore":5,"minecraft:vine":2,"minecraft:stripped_oak_log":1,"minecraft:bamboo_sapling":1,"minecraft:bamboo":32,"minecraft:white_tulip":2,"minecraft:stone":1355,"minecraft:white_wool":1,"minecraft:oak_slab":4,"minecraft:birch_stairs":1,"minecraft:brown_carpet":10,"minecraft:stripped_dark_oak_log":60,"minecraft:dandelion":264,"minecraft:oak_fence":27,"minecraft:smooth_sandstone":45,"minecraft:crafting_table":6,"minecraft:cornflower":43,"minecraft:short_grass":1953,"minecraft:emerald_ore":2,"minecraft:rose_bush":7,"minecraft:tall_grass":1029,"minecraft:lapis_ore":5,"minecraft:diorite":22,"minecraft:orange_carpet":4,"minecraft:spruce_stairs":5,"minecraft:birch_planks":2,"minecraft:cobblestone_wall":42,"minecraft:spruce_log":325,"minecraft:birch_leaves":27,"minecraft:coal_ore":74,"minecraft:gravel":368,"minecraft:gray_carpet":26,"minecraft:cobweb":93,"minecraft:gold_ore":17,"minecraft:birch_fence":3,"minecraft:black_shulker_box":3},"minecraft:picked_up":{"minecraft:wooden_axe":2,"minecraft:birch_door":1,"minecraft:wheat":434,"minecraft:flower_pot":1,"minecraft:lead":6,"minecraft:diamond_sword":8,"minecraft:oak_stairs":4,"minecraft:potion":1,"minecraft:enchanted_book":8,"minecraft:stone_brick_stairs":1,"minecraft:amethyst_block":4,"minecraft:string":266,"minecraft:oak_sign":4,"minecraft:beetroot":1,"minecraft:black_shulker_box":3,"minecraft:diamond_leggings":6,"minecraft:smooth_stone":1,"minecraft:gold_nugget":3,"minecraft:cobbled_deepslate":1,"minecraft:bucket":6,"minecraft:spruce_planks":4,"minecraft:white_tulip":4,"minecraft:written_book":2,"minecraft:rose_bush":18,"minecraft:cobblestone_slab":453,"minecraft:ender_eye":1,"minecraft:iron_pickaxe":1,"minecraft:smooth_quartz":6,"minecraft:melon_slice":86,"minecraft:furnace":3,"minecraft:orange_shulker_box":2,"minecraft:stick":267,"minecraft:birch_trapdoor":3,"minecraft:oak_fence":28,"minecraft:torch":479,"minecraft:spruce_stairs":5,"minecraft:porkchop":20,"minecraft:sandstone_wall":5,"minecraft:diorite":22,"minecraft:green_terracotta":4,"minecraft:brown_carpet":11,"minecraft:stone_sword":13,"minecraft:rotten_flesh":731,"minecraft:music_disc_wait":1,"minecraft:iron_bars":2,"minecraft:snowball":28,"minecraft:cobblestone":1805,"minecraft:birch_log":145,"minecraft:feather":30,"minecraft:cooked_beef":38,"minecraft:water_bucket":2,"minecraft:jungle_log":1,"minecraft:orange_carpet":4,"minecraft:potato":3992,"minecraft:flint":35,"minecraft:smooth_sandstone_stairs":4,"minecraft:cut_sandstone_slab":1,"minecraft:map":1,"minecraft:lapis_lazuli":35,"minecraft:dirt":5827,"minecraft:lantern":3,"minecraft:bone":1154,"minecraft:bow":84,"minecraft:wheat_seeds":1530,"minecraft:orange_tulip":3,"minecraft:raw_gold":77,"minecraft:rabbit":1,"minecraft:diamond_helmet":4,"minecraft:fletching_table":1,"minecraft:bamboo":492,"minecraft:glowstone_dust":2,"minecraft:moss_block":1,"minecraft:stone_hoe":5,"minecraft:oak_planks":109,"minecraft:cooked_porkchop":29,"minecraft:red_sandstone_wall":4,"minecraft:lime_terracotta":9,"minecraft:poisonous_potato":41,"minecraft:birch_fence_gate":1,"minecraft:sand":46,"minecraft:grass_block":5,"minecraft:shulker_box":4,"minecraft:blue_terracotta":2,"minecraft:green_concrete":15,"minecraft:diamond":13,"minecraft:lever":1,"minecraft:crossbow":5,"minecraft:bone_meal":243,"minecraft:golden_apple":16,"minecraft:emerald":41,"minecraft:bread":378,"minecraft:oak_sapling":199,"minecraft:netherrack":49,"minecraft:dark_oak_fence":7,"minecraft:diamond_pickaxe":4,"minecraft:charcoal":39,"minecraft:crafting_table":16,"minecraft:allium":12,"minecraft:azure_bluet":60,"minecraft:ominous_bottle":2,"minecraft:chicken":7,"minecraft:ladder":73,"minecraft:clay_ball":4,"minecraft:cooked_rabbit":1,"minecraft:shield":9,"minecraft:cornflower":56,"minecraft:oak_trapdoor":2,"minecraft:flint_and_steel":6,"minecraft:iron_shovel":1,"minecraft:birch_fence":3,"minecraft:blue_orchid":24,"minecraft:music_disc_otherside":5,"minecraft:beef":17,"minecraft:light_gray_wool":6,"minecraft:poppy":133,"minecraft:spruce_slab":4,"minecraft:chest":19,"minecraft:sugar_cane":938,"minecraft:birch_sapling":37,"minecraft:piston":1,"minecraft:phantom_membrane":1,"minecraft:egg":85,"minecraft:raw_iron":60,"minecraft:sandstone":93,"minecraft:music_disc_11":2,"minecraft:carrot":1205,"minecraft:redstone":145,"minecraft:dark_oak_planks":7,"minecraft:smooth_sandstone_slab":15,"minecraft:stone_shovel":19,"minecraft:arrow":2279,"minecraft:diamond_chestplate":8,"minecraft:beetroot_seeds":4,"minecraft:peony":7,"minecraft:shears":6,"minecraft:diamond_boots":5,"minecraft:pink_tulip":10,"minecraft:gold_ingot":17,"minecraft:totem_of_undying":2,"minecraft:glow_berries":1,"minecraft:mutton":3,"minecraft:white_wool":11,"minecraft:oxeye_daisy":55,"minecraft:stripped_oak_log":1,"minecraft:tripwire_hook":1,"minecraft:leather":20,"minecraft:cut_sandstone":19,"minecraft:birch_planks":22,"minecraft:oak_log":352,"minecraft:cobblestone_wall":226,"minecraft:nether_wart_block":2,"minecraft:gunpowder":142,"minecraft:wooden_hoe":1,"minecraft:paper":11,"minecraft:white_banner":1,"minecraft:orange_terracotta":4,"minecraft:cooked_mutton":23,"minecraft:smooth_sandstone":72,"minecraft:kelp":92,"minecraft:stone_bricks":4,"minecraft:apple":24,"minecraft:gray_carpet":42,"minecraft:stone_pickaxe":16,"minecraft:oak_fence_gate":3,"minecraft:iron_ingot":19,"minecraft:cooked_chicken":44,"minecraft:cobweb":117,"minecraft:oak_slab":4,"minecraft:dandelion":305,"minecraft:gravel":328,"minecraft:amethyst_shard":4,"minecraft:spruce_sapling":27,"minecraft:spruce_log":325,"minecraft:spider_eye":37,"minecraft:firework_rocket":7,"minecraft:stone_axe":15,"minecraft:baked_potato":301,"minecraft:melon_seeds":4,"minecraft:stripped_dark_oak_log":72,"minecraft:coal":78,"minecraft:ender_pearl":10},"minecraft:broken":{"minecraft:iron_shovel":5,"minecraft:stone_pickaxe":12,"minecraft:stone_axe":4,"minecraft:wooden_axe":1,"minecraft:diamond_sword":1,"minecraft:stone_shovel":18,"minecraft:stone_sword":6,"minecraft:stone_hoe":3,"minecraft:iron_pickaxe":1,"minecraft:wooden_hoe":1}},"DataVersion":3955}