{"stats":{"minecraft:killed_by":{"minecraft:skeleton":1,"minecraft:zombie":1},"minecraft:dropped":{"minecraft:iron_ingot":3,"minecraft:bread":1,"minecraft:apple":1,"minecraft:dirt":31,"minecraft:music_disc_wait":1,"minecraft:bucket":1,"minecraft:stone_sword":1,"minecraft:cobblestone_wall":198,"minecraft:wheat":1,"minecraft:raw_iron":3,"minecraft:stripped_dark_oak_log":8,"minecraft:rotten_flesh":12,"minecraft:spider_eye":2,"minecraft:egg":5},"minecraft:mined":{"minecraft:dark_oak_planks":1,"minecraft:oak_sapling":1,"minecraft:dark_oak_fence":1,"minecraft:allium":4,"minecraft:grass_block":188,"minecraft:green_concrete":2,"minecraft:oxeye_daisy":18,"minecraft:carrots":9,"minecraft:iron_ore":7,"minecraft:peony":4,"minecraft:azure_bluet":16,"minecraft:cobblestone_slab":1,"minecraft:pink_tulip":4,"minecraft:white_tulip":2,"minecraft:blue_orchid":12,"minecraft:stone":286,"minecraft:stripped_dark_oak_log":60,"minecraft:dandelion":42,"minecraft:crafting_table":1,"minecraft:cornflower":10,"minecraft:torch":7,"minecraft:short_grass":247,"minecraft:poppy":5,"minecraft:chest":1,"minecraft:rose_bush":7,"minecraft:tall_grass":141,"minecraft:cobblestone":3,"minecraft:oak_planks":1,"minecraft:wall_torch":1,"minecraft:cobblestone_wall":6,"minecraft:birch_log":6,"minecraft:wheat":6,"minecraft:birch_leaves":6,"minecraft:orange_tulip":3,"minecraft:coal_ore":5,"minecraft:oak_log":36,"minecraft:lime_terracotta":2,"minecraft:sand":1,"minecraft:dirt":213,"minecraft:oak_leaves":95,"minecraft:birch_fence":1},"minecraft:custom":{"minecraft:mob_kills":10,"minecraft:animals_bred":1,"minecraft:interact_with_crafting_table":39,"minecraft:leave_game":2,"minecraft:time_since_death":33218,"minecraft:climb_one_cm":4060,"minecraft:sprint_one_cm":71823,"minecraft:walk_one_cm":711875,"minecraft:drop":19,"minecraft:play_time":123565,"minecraft:deaths":4,"minecraft:sneak_time":872,"minecraft:walk_under_water_one_cm":5664,"minecraft:jump":598,"minecraft:walk_on_water_one_cm":11954,"minecraft:total_world_time":123565,"minecraft:interact_with_furnace":20,"minecraft:interact_with_stonecutter":2,"minecraft:time_since_rest":33251,"minecraft:damage_taken":915,"minecraft:damage_dealt":872,"minecraft:fly_one_cm":7112,"minecraft:open_chest":52,"minecraft:crouch_one_cm":1054,"minecraft:interact_with_smoker":1,"minecraft:fall_one_cm":6367},"minecraft:crafted":{"minecraft:oak_planks":100,"minecraft:cobblestone_slab":16,"minecraft:stone_shovel":2,"minecraft:cooked_chicken":3,"minecraft:furnace":2,"minecraft:bone_meal":24,"minecraft:dark_oak_fence":6,"minecraft:birch_fence_gate":1,"minecraft:stone_pickaxe":2,"minecraft:chest":4,"minecraft:birch_door":3,"minecraft:dark_oak_planks":16,"minecraft:oak_fence":15,"minecraft:smoker":1,"minecraft:red_dye":3,"minecraft:cooked_porkchop":5,"minecraft:crafting_table":1,"minecraft:red_bed":1,"minecraft:red_wool":3,"minecraft:birch_planks":24,"minecraft:stone_axe":1,"minecraft:bread":2,"minecraft:air":0,"minecraft:oak_fence_gate":2,"minecraft:charcoal":29,"minecraft:birch_fence":3,"minecraft:stick":64,"minecraft:iron_ingot":6,"minecraft:wooden_axe":1,"minecraft:white_bed":1,"minecraft:torch":108,"minecraft:shears":1},"minecraft:picked_up":{"minecraft:wooden_axe":2,"minecraft:charcoal":33,"minecraft:crafting_table":1,"minecraft:allium":4,"minecraft:wheat":8,"minecraft:azure_bluet":16,"minecraft:chicken":4,"minecraft:shield":3,"minecraft:cornflower":10,"minecraft:string":4,"minecraft:birch_fence":1,"minecraft:blue_orchid":12,"minecraft:bucket":2,"minecraft:white_tulip":2,"minecraft:rose_bush":10,"minecraft:cobblestone_slab":7,"minecraft:poppy":9,"minecraft:light_gray_wool":2,"minecraft:chest":1,"minecraft:birch_sapling":3,"minecraft:egg":11,"minecraft:raw_iron":12,"minecraft:stick":14,"minecraft:oak_fence":1,"minecraft:torch":65,"minecraft:porkchop":5,"minecraft:carrot":26,"minecraft:dark_oak_planks":7,"minecraft:stone_shovel":3,"minecraft:stone_sword":2,"minecraft:arrow":10,"minecraft:rotten_flesh":42,"minecraft:peony":4,"minecraft:pink_tulip":4,"minecraft:music_disc_wait":1,"minecraft:mutton":1,"minecraft:white_wool":6,"minecraft:cobblestone":343,"minecraft:oxeye_daisy":18,"minecraft:birch_log":6,"minecraft:feather":5,"minecraft:oak_log":36,"minecraft:gunpowder":7,"minecraft:cobblestone_wall":190,"minecraft:dirt":418,"minecraft:bone":2,"minecraft:apple":1,"minecraft:bow":2,"minecraft:orange_tulip":3,"minecraft:wheat_seeds":69,"minecraft:stone_pickaxe":4,"minecraft:oak_planks":1,"minecraft:stone_hoe":2,"minecraft:dandelion":54,"minecraft:lime_terracotta":2,"minecraft:sand":2,"minecraft:grass_block":3,"minecraft:spider_eye":4,"minecraft:green_concrete":2,"minecraft:stone_axe":1,"minecraft:bone_meal":15,"minecraft:coal":9,"minecraft:oak_sapling":29,"minecraft:stripped_dark_oak_log":72,"minecraft:dark_oak_fence":1},"minecraft:broken":{"minecraft:stone_pickaxe":2,"minecraft:stone_axe":1,"minecraft:stone_shovel":3},"minecraft:killed":{"minecraft:skeleton":2,"minecraft:chicken":3,"minecraft:pig":2,"minecraft:creeper":1,"minecraft:zombie":2},"minecraft:used":{"minecraft:oak_fence":14,"minecraft:stone_sword":4,"minecraft:stone_shovel":379,"minecraft:poppy":1,"minecraft:chest":4,"minecraft:stone_hoe":14,"minecraft:rotten_flesh":5,"minecraft:torch":115,"minecraft:dirt":80,"minecraft:cobblestone_wall":12,"minecraft:carrot":20,"minecraft:azure_bluet":5,"minecraft:oak_fence_gate":2,"minecraft:birch_door":1,"minecraft:wooden_axe":114,"minecraft:dark_oak_planks":1,"minecraft:grass_block":3,"minecraft:bow":8,"minecraft:oak_sapling":8,"minecraft:furnace":1,"minecraft:egg":3,"minecraft:wheat_seeds":18,"minecraft:stone_pickaxe":313,"minecraft:oak_planks":1,"minecraft:cobblestone_slab":7,"minecraft:sand":2,"minecraft:crafting_table":2,"minecraft:red_bed":1,"minecraft:white_bed":1,"minecraft:smoker":1,"minecraft:birch_fence":4,"minecraft:oak_log":4,"minecraft:apple":1,"minecraft:oxeye_daisy":1,"minecraft:birch_fence_gate":1,"minecraft:bread":1,"minecraft:stone_axe":135,"minecraft:cobblestone":4,"minecraft:dark_oak_fence":7,"minecraft:dandelion":11,"minecraft:bone_meal":24}},"DataVersion":3955}