{"stats":{"minecraft:custom":{"minecraft:animals_bred":81,"minecraft:interact_with_crafting_table":151,"minecraft:open_barrel":6,"minecraft:open_shulker_box":13,"minecraft:bell_ring":3,"minecraft:leave_game":10,"minecraft:time_since_death":54926,"minecraft:sprint_one_cm":3435431,"minecraft:damage_blocked_by_shield":330,"minecraft:drop":924,"minecraft:talked_to_villager":89,"minecraft:play_time":1518162,"minecraft:deaths":31,"minecraft:jump":7051,"minecraft:interact_with_brewingstand":5,"minecraft:walk_on_water_one_cm":112567,"minecraft:interact_with_furnace":70,"minecraft:traded_with_villager":26,"minecraft:interact_with_cartography_table":1,"minecraft:sleep_in_bed":14,"minecraft:damage_dealt":120093,"minecraft:crouch_one_cm":422328,"minecraft:interact_with_smoker":69,"minecraft:use_cauldron":6,"minecraft:mob_kills":1215,"minecraft:interact_with_anvil":7,"minecraft:climb_one_cm":17598,"minecraft:walk_one_cm":5295929,"minecraft:sneak_time":222242,"minecraft:walk_under_water_one_cm":21753,"minecraft:interact_with_blast_furnace":8,"minecraft:total_world_time":1518162,"minecraft:pot_flower":1,"minecraft:interact_with_stonecutter":10,"minecraft:time_since_rest":54973,"minecraft:damage_taken":13890,"minecraft:damage_absorbed":169,"minecraft:swim_one_cm":50195,"minecraft:fly_one_cm":478871,"minecraft:open_chest":1092,"minecraft:fall_one_cm":105624},"minecraft:killed":{"minecraft:cave_spider":4,"minecraft:zombified_piglin":4,"minecraft:spider":23,"minecraft:skeleton":665,"minecraft:chicken":24,"minecraft:pig":8,"minecraft:strider":1,"minecraft:creeper":54,"minecraft:sheep":9,"minecraft:pillager":40,"minecraft:zombie":70,"minecraft:cow":12,"minecraft:evoker":2,"minecraft:vindicator":2,"minecraft:phantom":3,"minecraft:husk":198,"minecraft:rabbit":2,"minecraft:enderman":9},"minecraft:crafted":{"minecraft:oak_planks":436,"minecraft:cobblestone_slab":460,"minecraft:oak_sign":3,"minecraft:cooked_chicken":9,"minecraft:diamond_shovel":1,"minecraft:cooked_mutton":2,"minecraft:glass":10,"minecraft:bow":2,"minecraft:melon_seeds":5,"minecraft:birch_fence_gate":1,"minecraft:chest":32,"minecraft:birch_door":3,"minecraft:stone_hoe":6,"minecraft:oak_fence":15,"minecraft:smoker":1,"minecraft:emerald":21,"minecraft:diamond_axe":1,"minecraft:cooked_porkchop":13,"minecraft:crafting_table":2,"minecraft:spruce_planks":20,"minecraft:wooden_pickaxe":1,"minecraft:baked_potato":145,"minecraft:red_wool":3,"minecraft:birch_planks":204,"minecraft:wooden_hoe":1,"minecraft:charcoal":84,"minecraft:shield":1,"minecraft:birch_fence":3,"minecraft:stick":354,"minecraft:iron_ingot":28,"minecraft:iron_pickaxe":1,"minecraft:stone_sword":6,"minecraft:shears":1,"minecraft:stone_shovel":22,"minecraft:fishing_rod":1,"minecraft:tripwire_hook":2,"minecraft:furnace":3,"minecraft:bone_meal":1386,"minecraft:dark_oak_fence":6,"minecraft:ladder":27,"minecraft:stone_pickaxe":13,"minecraft:cobblestone_wall":7,"minecraft:dark_oak_planks":16,"minecraft:birch_sign":3,"minecraft:cooked_beef":17,"minecraft:red_dye":3,"minecraft:crossbow":1,"minecraft:diamond_sword":1,"minecraft:red_bed":1,"minecraft:bucket":2,"minecraft:stone_axe":9,"minecraft:bread":90,"minecraft:air":0,"minecraft:oak_fence_gate":2,"minecraft:wooden_axe":1,"minecraft:iron_shovel":11,"minecraft:white_bed":1,"minecraft:torch":456,"minecraft:clay":1,"minecraft:diamond_chestplate":1},"minecraft:used":{"minecraft:iron_shovel":1394,"minecraft:ladder":26,"minecraft:poppy":4,"minecraft:oak_sign":1,"minecraft:chest":41,"minecraft:shield":10,"minecraft:rotten_flesh":5,"minecraft:carrot":340,"minecraft:azure_bluet":8,"minecraft:snowball":28,"minecraft:glass":8,"minecraft:lantern":2,"minecraft:grass_block":4,"minecraft:birch_sapling":11,"minecraft:brown_carpet":2,"minecraft:bow":610,"minecraft:furnace":2,"minecraft:oak_sapling":63,"minecraft:beetroot_seeds":1,"minecraft:egg":32,"minecraft:potato":1015,"minecraft:diamond_boots":2,"minecraft:stone_pickaxe":1495,"minecraft:oak_planks":2,"minecraft:ender_pearl":2,"minecraft:diamond_axe":19,"minecraft:wooden_pickaxe":6,"minecraft:sandstone":52,"minecraft:sugar_cane":128,"minecraft:golden_apple":7,"minecraft:sand":4,"minecraft:cut_sandstone_slab":1,"minecraft:crossbow":54,"minecraft:shears":93,"minecraft:birch_fence":4,"minecraft:birch_fence_gate":2,"minecraft:bread":105,"minecraft:melon_slice":3,"minecraft:diamond_sword":1906,"minecraft:dark_oak_fence":7,"minecraft:cooked_rabbit":1,"minecraft:air":2,"minecraft:bone_meal":974,"minecraft:oak_fence":14,"minecraft:oak_trapdoor":2,"minecraft:stone_sword":742,"minecraft:flint_and_steel":11,"minecraft:stone_shovel":2518,"minecraft:redstone":1,"minecraft:spruce_planks":1,"minecraft:stone_hoe":669,"minecraft:cooked_chicken":19,"minecraft:torch":513,"minecraft:dirt":2801,"minecraft:spruce_stairs":5,"minecraft:cobblestone_wall":329,"minecraft:diamond_helmet":2,"minecraft:oak_fence_gate":5,"minecraft:birch_door":2,"minecraft:wooden_axe":120,"minecraft:dark_oak_planks":1,"minecraft:iron_axe":46,"minecraft:smooth_sandstone":2,"minecraft:smooth_quartz":1,"minecraft:melon_seeds":9,"minecraft:bamboo":1,"minecraft:diamond_chestplate":4,"minecraft:cooked_beef":6,"minecraft:orange_terracotta":2,"minecraft:wheat_seeds":472,"minecraft:cooked_mutton":3,"minecraft:water_bucket":19,"minecraft:glass_bottle":4,"minecraft:baked_potato":20,"minecraft:cut_sandstone":15,"minecraft:fletching_table":1,"minecraft:cobblestone_slab":355,"minecraft:crafting_table":6,"minecraft:red_bed":1,"minecraft:birch_sign":1,"minecraft:white_bed":1,"minecraft:smoker":1,"minecraft:oak_log":4,"minecraft:wooden_hoe":76,"minecraft:diamond_pickaxe":534,"minecraft:cornflower":4,"minecraft:apple":6,"minecraft:oxeye_daisy":4,"minecraft:diamond_shovel":203,"minecraft:iron_pickaxe":271,"minecraft:spruce_sapling":4,"minecraft:stone_axe":1092,"minecraft:cobblestone":43,"minecraft:potion":2,"minecraft:cooked_porkchop":9,"minecraft:bucket":18,"minecraft:dandelion":16,"minecraft:smooth_stone":1,"minecraft:diamond_leggings":4},"minecraft:dropped":{"minecraft:birch_planks":4,"minecraft:cooked_beef":9,"minecraft:baked_potato":11,"minecraft:ender_pearl":3,"minecraft:crafting_table":4,"minecraft:cooked_porkchop":17,"minecraft:music_disc_11":1,"minecraft:emerald":2,"minecraft:dirt":224,"minecraft:orange_carpet":4,"minecraft:gold_nugget":8,"minecraft:bone_meal":48,"minecraft:sand":5,"minecraft:iron_pickaxe":1,"minecraft:birch_log":11,"minecraft:bone":1,"minecraft:stone_axe":2,"minecraft:sugar_cane":806,"minecraft:cooked_chicken":24,"minecraft:music_disc_otherside":1,"minecraft:wheat":1,"minecraft:stripped_dark_oak_log":8,"minecraft:rotten_flesh":76,"minecraft:cooked_mutton":16,"minecraft:gunpowder":11,"minecraft:chest":1,"minecraft:arrow":15,"minecraft:egg":9,"minecraft:stone_hoe":2,"minecraft:iron_ingot":3,"minecraft:enchanted_book":4,"minecraft:bread":4,"minecraft:wheat_seeds":14,"minecraft:diamond_leggings":3,"minecraft:cobblestone":236,"minecraft:apple":2,"minecraft:coal":1,"minecraft:oxeye_daisy":1,"minecraft:torch":22,"minecraft:nether_wart_block":1,"minecraft:music_disc_wait":1,"minecraft:iron_shovel":1,"minecraft:string":7,"minecraft:bucket":3,"minecraft:gray_carpet":39,"minecraft:dandelion":1,"minecraft:stone_sword":3,"minecraft:cobblestone_wall":198,"minecraft:raw_iron":3,"minecraft:green_concrete":5,"minecraft:diamond_sword":4,"minecraft:potato":321,"minecraft:cobblestone_slab":252,"minecraft:shield":1,"minecraft:allium":4,"minecraft:diamond_chestplate":5,"minecraft:diamond_pickaxe":2,"minecraft:spider_eye":3,"minecraft:diamond_boots":1,"minecraft:sandstone":1,"minecraft:bow":4,"minecraft:blue_orchid":1,"minecraft:stone_pickaxe":1},"minecraft:killed_by":{"minecraft:creeper":3,"minecraft:vindicator":1,"minecraft:cave_spider":1,"minecraft:zombie":4,"minecraft:husk":5,"minecraft:spider":2,"minecraft:enderman":1,"minecraft:skeleton":3},"minecraft:mined":{"minecraft:dark_oak_planks":1,"minecraft:potted_pink_tulip":1,"minecraft:spruce_planks":4,"minecraft:oak_sapling":15,"minecraft:jungle_leaves":5,"minecraft:cave_vines_plant":1,"minecraft:budding_amethyst":1,"minecraft:grass_block":3387,"minecraft:yellow_carpet":1,"minecraft:green_concrete":5,"minecraft:oxeye_daisy":36,"minecraft:smooth_stone":1,"minecraft:tall_seagrass":1,"minecraft:iron_ore":44,"minecraft:fire":13,"minecraft:fletching_table":1,"minecraft:azure_bluet":43,"minecraft:dirt_path":7,"minecraft:oak_stairs":4,"minecraft:pink_tulip":5,"minecraft:blue_orchid":12,"minecraft:spruce_slab":4,"minecraft:deepslate_redstone_ore":3,"minecraft:cut_sandstone":5,"minecraft:kelp_plant":24,"minecraft:melon_stem":4,"minecraft:orange_terracotta":2,"minecraft:amethyst_cluster":1,"minecraft:clay":1,"minecraft:torch":77,"minecraft:poppy":98,"minecraft:melon":16,"minecraft:chest":15,"minecraft:dead_bush":1,"minecraft:glass":1,"minecraft:cobblestone":33,"minecraft:sugar_cane":481,"minecraft:oak_planks":31,"minecraft:smooth_sandstone_slab":2,"minecraft:wall_torch":36,"minecraft:seagrass":2,"minecraft:blue_terracotta":2,"minecraft:birch_log":85,"minecraft:wheat":344,"minecraft:birch_trapdoor":3,"minecraft:birch_door":1,"minecraft:orange_tulip":3,"minecraft:oak_log":201,"minecraft:beetroots":1,"minecraft:oak_fence_gate":3,"minecraft:lime_terracotta":4,"minecraft:dirt":1081,"minecraft:sand":19,"minecraft:smooth_quartz":4,"minecraft:piston":1,"minecraft:oak_leaves":210,"minecraft:diamond_ore":8,"minecraft:birch_fence_gate":1,"minecraft:dark_oak_fence":7,"minecraft:allium":4,"minecraft:redstone_wire":1,"minecraft:spruce_leaves":99,"minecraft:kelp":7,"minecraft:moss_block":1,"minecraft:sandstone":11,"minecraft:large_fern":1,"minecraft:redstone_ore":9,"minecraft:oak_trapdoor":2,"minecraft:carrots":296,"minecraft:green_terracotta":3,"minecraft:peony":4,"minecraft:potatoes":975,"minecraft:cobblestone_slab":11,"minecraft:deepslate_iron_ore":5,"minecraft:vine":2,"minecraft:stripped_oak_log":1,"minecraft:bamboo":31,"minecraft:white_tulip":2,"minecraft:stone":1355,"minecraft:white_wool":1,"minecraft:oak_slab":4,"minecraft:birch_stairs":1,"minecraft:stripped_dark_oak_log":60,"minecraft:brown_carpet":10,"minecraft:dandelion":249,"minecraft:oak_fence":27,"minecraft:smooth_sandstone":45,"minecraft:crafting_table":6,"minecraft:cornflower":43,"minecraft:short_grass":1748,"minecraft:emerald_ore":2,"minecraft:rose_bush":7,"minecraft:tall_grass":998,"minecraft:lapis_ore":5,"minecraft:diorite":22,"minecraft:orange_carpet":4,"minecraft:spruce_stairs":5,"minecraft:birch_planks":2,"minecraft:cobblestone_wall":42,"minecraft:spruce_log":26,"minecraft:birch_leaves":20,"minecraft:coal_ore":74,"minecraft:gravel":17,"minecraft:gray_carpet":26,"minecraft:cobweb":93,"minecraft:gold_ore":17,"minecraft:birch_fence":3},"minecraft:picked_up":{"minecraft:wooden_axe":2,"minecraft:birch_door":1,"minecraft:wheat":434,"minecraft:flower_pot":1,"minecraft:lead":6,"minecraft:diamond_sword":8,"minecraft:oak_stairs":4,"minecraft:potion":1,"minecraft:enchanted_book":8,"minecraft:stone_brick_stairs":1,"minecraft:amethyst_block":4,"minecraft:string":266,"minecraft:oak_sign":4,"minecraft:beetroot":1,"minecraft:diamond_leggings":6,"minecraft:smooth_stone":1,"minecraft:gold_nugget":3,"minecraft:cobbled_deepslate":1,"minecraft:bucket":6,"minecraft:spruce_planks":4,"minecraft:white_tulip":4,"minecraft:written_book":2,"minecraft:rose_bush":18,"minecraft:cobblestone_slab":453,"minecraft:iron_pickaxe":1,"minecraft:smooth_quartz":1,"minecraft:melon_slice":86,"minecraft:stick":204,"minecraft:birch_trapdoor":3,"minecraft:oak_fence":28,"minecraft:torch":462,"minecraft:spruce_stairs":5,"minecraft:porkchop":19,"minecraft:sandstone_wall":5,"minecraft:diorite":22,"minecraft:green_terracotta":3,"minecraft:brown_carpet":11,"minecraft:stone_sword":13,"minecraft:rotten_flesh":731,"minecraft:music_disc_wait":1,"minecraft:iron_bars":2,"minecraft:snowball":28,"minecraft:cobblestone":1804,"minecraft:birch_log":107,"minecraft:feather":30,"minecraft:cooked_beef":32,"minecraft:water_bucket":2,"minecraft:jungle_log":1,"minecraft:orange_carpet":4,"minecraft:potato":3991,"minecraft:flint":1,"minecraft:smooth_sandstone_stairs":4,"minecraft:map":1,"minecraft:cut_sandstone_slab":1,"minecraft:lapis_lazuli":35,"minecraft:dirt":5385,"minecraft:lantern":3,"minecraft:bone":1154,"minecraft:bow":84,"minecraft:wheat_seeds":1498,"minecraft:orange_tulip":3,"minecraft:raw_gold":77,"minecraft:rabbit":1,"minecraft:diamond_helmet":4,"minecraft:fletching_table":1,"minecraft:bamboo":477,"minecraft:glowstone_dust":2,"minecraft:moss_block":1,"minecraft:stone_hoe":5,"minecraft:oak_planks":109,"minecraft:cooked_porkchop":29,"minecraft:red_sandstone_wall":4,"minecraft:lime_terracotta":8,"minecraft:poisonous_potato":41,"minecraft:birch_fence_gate":1,"minecraft:sand":46,"minecraft:grass_block":5,"minecraft:blue_terracotta":2,"minecraft:green_concrete":15,"minecraft:diamond":13,"minecraft:lever":1,"minecraft:crossbow":4,"minecraft:bone_meal":243,"minecraft:golden_apple":16,"minecraft:emerald":41,"minecraft:bread":378,"minecraft:oak_sapling":140,"minecraft:netherrack":49,"minecraft:dark_oak_fence":7,"minecraft:diamond_pickaxe":4,"minecraft:charcoal":39,"minecraft:crafting_table":16,"minecraft:allium":12,"minecraft:azure_bluet":56,"minecraft:ominous_bottle":1,"minecraft:chicken":7,"minecraft:ladder":1,"minecraft:clay_ball":4,"minecraft:cooked_rabbit":1,"minecraft:shield":9,"minecraft:cornflower":56,"minecraft:oak_trapdoor":2,"minecraft:flint_and_steel":6,"minecraft:iron_shovel":1,"minecraft:birch_fence":3,"minecraft:blue_orchid":24,"minecraft:music_disc_otherside":5,"minecraft:beef":17,"minecraft:light_gray_wool":6,"minecraft:poppy":132,"minecraft:spruce_slab":4,"minecraft:chest":15,"minecraft:sugar_cane":938,"minecraft:birch_sapling":27,"minecraft:piston":1,"minecraft:phantom_membrane":1,"minecraft:egg":82,"minecraft:raw_iron":60,"minecraft:sandstone":93,"minecraft:music_disc_11":2,"minecraft:carrot":1205,"minecraft:redstone":145,"minecraft:dark_oak_planks":7,"minecraft:smooth_sandstone_slab":15,"minecraft:stone_shovel":19,"minecraft:arrow":2279,"minecraft:diamond_chestplate":8,"minecraft:beetroot_seeds":4,"minecraft:peony":7,"minecraft:shears":6,"minecraft:diamond_boots":5,"minecraft:pink_tulip":10,"minecraft:gold_ingot":17,"minecraft:totem_of_undying":2,"minecraft:glow_berries":1,"minecraft:mutton":3,"minecraft:white_wool":11,"minecraft:oxeye_daisy":52,"minecraft:stripped_oak_log":1,"minecraft:tripwire_hook":1,"minecraft:leather":20,"minecraft:cut_sandstone":19,"minecraft:birch_planks":22,"minecraft:oak_log":242,"minecraft:nether_wart_block":2,"minecraft:cobblestone_wall":226,"minecraft:gunpowder":142,"minecraft:wooden_hoe":1,"minecraft:paper":11,"minecraft:white_banner":1,"minecraft:orange_terracotta":4,"minecraft:cooked_mutton":23,"minecraft:smooth_sandstone":72,"minecraft:stone_bricks":4,"minecraft:kelp":92,"minecraft:apple":17,"minecraft:gray_carpet":42,"minecraft:stone_pickaxe":16,"minecraft:oak_fence_gate":3,"minecraft:iron_ingot":19,"minecraft:cooked_chicken":39,"minecraft:cobweb":117,"minecraft:oak_slab":4,"minecraft:dandelion":290,"minecraft:gravel":36,"minecraft:amethyst_shard":4,"minecraft:spruce_sapling":9,"minecraft:spruce_log":26,"minecraft:spider_eye":37,"minecraft:firework_rocket":7,"minecraft:stone_axe":15,"minecraft:coal":78,"minecraft:baked_potato":301,"minecraft:melon_seeds":4,"minecraft:stripped_dark_oak_log":72,"minecraft:ender_pearl":10},"minecraft:broken":{"minecraft:iron_shovel":5,"minecraft:stone_pickaxe":12,"minecraft:stone_axe":4,"minecraft:wooden_axe":1,"minecraft:diamond_sword":1,"minecraft:stone_shovel":18,"minecraft:stone_sword":6,"minecraft:stone_hoe":3,"minecraft:iron_pickaxe":1,"minecraft:wooden_hoe":1}},"DataVersion":3955}