{"stats":{"minecraft:crafted":{"minecraft:oak_planks":132,"minecraft:cobblestone_slab":16,"minecraft:stone_shovel":5,"minecraft:cooked_chicken":3,"minecraft:furnace":2,"minecraft:bone_meal":27,"minecraft:dark_oak_fence":6,"minecraft:birch_fence_gate":1,"minecraft:stone_pickaxe":6,"minecraft:cobblestone_wall":7,"minecraft:chest":4,"minecraft:birch_door":3,"minecraft:dark_oak_planks":16,"minecraft:oak_fence":15,"minecraft:smoker":1,"minecraft:red_dye":3,"minecraft:cooked_porkchop":5,"minecraft:crafting_table":1,"minecraft:red_bed":1,"minecraft:red_wool":3,"minecraft:bucket":1,"minecraft:birch_planks":24,"minecraft:stone_axe":1,"minecraft:bread":2,"minecraft:air":0,"minecraft:oak_fence_gate":2,"minecraft:charcoal":29,"minecraft:birch_fence":3,"minecraft:stick":88,"minecraft:iron_ingot":11,"minecraft:wooden_axe":1,"minecraft:iron_shovel":1,"minecraft:white_bed":1,"minecraft:torch":124,"minecraft:shears":1},"minecraft:killed":{"minecraft:skeleton":3,"minecraft:chicken":3,"minecraft:pig":2,"minecraft:creeper":1,"minecraft:zombie":2},"minecraft:killed_by":{"minecraft:skeleton":1,"minecraft:zombie":1},"minecraft:custom":{"minecraft:mob_kills":11,"minecraft:animals_bred":3,"minecraft:interact_with_crafting_table":48,"minecraft:leave_game":3,"minecraft:time_since_death":108271,"minecraft:climb_one_cm":4516,"minecraft:sprint_one_cm":161485,"minecraft:walk_one_cm":1107228,"minecraft:drop":26,"minecraft:play_time":198618,"minecraft:deaths":4,"minecraft:sneak_time":7047,"minecraft:walk_under_water_one_cm":5664,"minecraft:jump":886,"minecraft:walk_on_water_one_cm":13213,"minecraft:total_world_time":198618,"minecraft:interact_with_furnace":25,"minecraft:interact_with_stonecutter":4,"minecraft:sleep_in_bed":3,"minecraft:time_since_rest":37712,"minecraft:damage_taken":1086,"minecraft:damage_dealt":1151,"minecraft:fly_one_cm":16523,"minecraft:open_chest":81,"minecraft:crouch_one_cm":21527,"minecraft:interact_with_smoker":2,"minecraft:fall_one_cm":9086},"minecraft:dropped":{"minecraft:iron_ingot":3,"minecraft:bread":1,"minecraft:cooked_porkchop":3,"minecraft:cobblestone":192,"minecraft:apple":1,"minecraft:dirt":31,"minecraft:music_disc_wait":1,"minecraft:bucket":1,"minecraft:cooked_chicken":3,"minecraft:stone_sword":1,"minecraft:cobblestone_wall":198,"minecraft:wheat":1,"minecraft:raw_iron":3,"minecraft:stripped_dark_oak_log":8,"minecraft:rotten_flesh":12,"minecraft:spider_eye":2,"minecraft:stone_pickaxe":1,"minecraft:egg":5},"minecraft:mined":{"minecraft:dark_oak_planks":1,"minecraft:oak_sapling":3,"minecraft:birch_fence_gate":1,"minecraft:dark_oak_fence":7,"minecraft:allium":4,"minecraft:grass_block":692,"minecraft:green_concrete":5,"minecraft:oxeye_daisy":18,"minecraft:carrots":9,"minecraft:iron_ore":13,"minecraft:green_terracotta":3,"minecraft:peony":4,"minecraft:azure_bluet":17,"minecraft:cobblestone_slab":1,"minecraft:pink_tulip":4,"minecraft:stone":597,"minecraft:blue_orchid":12,"minecraft:white_tulip":2,"minecraft:stripped_dark_oak_log":60,"minecraft:dandelion":45,"minecraft:oak_fence":25,"minecraft:crafting_table":2,"minecraft:cornflower":12,"minecraft:torch":16,"minecraft:short_grass":291,"minecraft:poppy":7,"minecraft:chest":1,"minecraft:rose_bush":7,"minecraft:cobblestone":5,"minecraft:tall_grass":159,"minecraft:oak_planks":1,"minecraft:wall_torch":2,"minecraft:diorite":22,"minecraft:cobblestone_wall":22,"minecraft:birch_log":18,"minecraft:wheat":9,"minecraft:birch_leaves":7,"minecraft:orange_tulip":3,"minecraft:oak_log":50,"minecraft:coal_ore":10,"minecraft:oak_fence_gate":3,"minecraft:lime_terracotta":4,"minecraft:sand":3,"minecraft:dirt":275,"minecraft:oak_leaves":109,"minecraft:birch_fence":3},"minecraft:broken":{"minecraft:stone_pickaxe":6,"minecraft:stone_axe":1,"minecraft:wooden_axe":1,"minecraft:stone_shovel":6},"minecraft:picked_up":{"minecraft:wooden_axe":2,"minecraft:charcoal":33,"minecraft:crafting_table":2,"minecraft:wheat":11,"minecraft:allium":4,"minecraft:azure_bluet":17,"minecraft:chicken":4,"minecraft:shield":3,"minecraft:cornflower":13,"minecraft:string":4,"minecraft:birch_fence":3,"minecraft:blue_orchid":12,"minecraft:bucket":2,"minecraft:white_tulip":2,"minecraft:rose_bush":10,"minecraft:cobblestone_slab":7,"minecraft:poppy":11,"minecraft:light_gray_wool":2,"minecraft:chest":1,"minecraft:birch_sapling":9,"minecraft:egg":17,"minecraft:stick":16,"minecraft:raw_iron":18,"minecraft:oak_fence":26,"minecraft:torch":93,"minecraft:porkchop":5,"minecraft:diorite":22,"minecraft:carrot":26,"minecraft:green_terracotta":3,"minecraft:dark_oak_planks":7,"minecraft:stone_shovel":3,"minecraft:stone_sword":2,"minecraft:arrow":12,"minecraft:rotten_flesh":46,"minecraft:peony":4,"minecraft:pink_tulip":4,"minecraft:music_disc_wait":1,"minecraft:mutton":1,"minecraft:cobblestone":655,"minecraft:white_wool":6,"minecraft:oxeye_daisy":19,"minecraft:birch_log":18,"minecraft:feather":5,"minecraft:oak_log":50,"minecraft:gunpowder":7,"minecraft:cobblestone_wall":206,"minecraft:dirt":996,"minecraft:bone":3,"minecraft:apple":1,"minecraft:bow":2,"minecraft:orange_tulip":3,"minecraft:wheat_seeds":89,"minecraft:oak_fence_gate":3,"minecraft:stone_pickaxe":5,"minecraft:oak_planks":1,"minecraft:stone_hoe":2,"minecraft:lime_terracotta":4,"minecraft:dandelion":58,"minecraft:birch_fence_gate":1,"minecraft:sand":4,"minecraft:grass_block":3,"minecraft:spider_eye":4,"minecraft:green_concrete":5,"minecraft:stone_axe":1,"minecraft:bone_meal":15,"minecraft:bread":6,"minecraft:baked_potato":1,"minecraft:oak_sapling":37,"minecraft:stripped_dark_oak_log":72,"minecraft:dark_oak_fence":7,"minecraft:coal":14},"minecraft:used":{"minecraft:oak_fence":14,"minecraft:stone_sword":4,"minecraft:iron_shovel":45,"minecraft:stone_shovel":787,"minecraft:poppy":3,"minecraft:chest":4,"minecraft:stone_hoe":14,"minecraft:rotten_flesh":5,"minecraft:torch":154,"minecraft:dirt":362,"minecraft:carrot":21,"minecraft:cobblestone_wall":188,"minecraft:azure_bluet":6,"minecraft:oak_fence_gate":5,"minecraft:birch_door":1,"minecraft:dark_oak_planks":1,"minecraft:wooden_axe":120,"minecraft:grass_block":3,"minecraft:bow":8,"minecraft:oak_sapling":12,"minecraft:furnace":1,"minecraft:egg":3,"minecraft:wheat_seeds":21,"minecraft:baked_potato":1,"minecraft:stone_pickaxe":685,"minecraft:oak_planks":1,"minecraft:cobblestone_slab":7,"minecraft:sand":2,"minecraft:crafting_table":2,"minecraft:red_bed":1,"minecraft:white_bed":1,"minecraft:smoker":1,"minecraft:birch_fence":4,"minecraft:oak_log":4,"minecraft:cornflower":3,"minecraft:apple":1,"minecraft:oxeye_daisy":2,"minecraft:birch_fence_gate":2,"minecraft:bread":4,"minecraft:stone_axe":213,"minecraft:cobblestone":6,"minecraft:cooked_porkchop":2,"minecraft:dark_oak_fence":7,"minecraft:bone_meal":27,"minecraft:dandelion":15}},"DataVersion":3955}