{"stats":{"minecraft:killed_by":{"minecraft:husk":2,"minecraft:creeper":2,"minecraft:spider":2,"minecraft:skeleton":2,"minecraft:zombie":3},"minecraft:dropped":{"minecraft:iron_ingot":3,"minecraft:bread":4,"minecraft:wheat_seeds":13,"minecraft:ender_pearl":3,"minecraft:cooked_porkchop":3,"minecraft:cobblestone":236,"minecraft:apple":2,"minecraft:coal":1,"minecraft:emerald":2,"minecraft:oxeye_daisy":1,"minecraft:dirt":223,"minecraft:torch":16,"minecraft:sand":5,"minecraft:iron_pickaxe":1,"minecraft:music_disc_wait":1,"minecraft:string":7,"minecraft:iron_shovel":1,"minecraft:bucket":3,"minecraft:bone":1,"minecraft:dandelion":1,"minecraft:stone_axe":2,"minecraft:sugar_cane":375,"minecraft:cooked_chicken":3,"minecraft:stone_sword":3,"minecraft:cobblestone_wall":198,"minecraft:music_disc_otherside":1,"minecraft:wheat":1,"minecraft:raw_iron":3,"minecraft:stripped_dark_oak_log":8,"minecraft:rotten_flesh":76,"minecraft:green_concrete":5,"minecraft:diamond_sword":1,"minecraft:potato":1,"minecraft:shield":1,"minecraft:gunpowder":10,"minecraft:allium":4,"minecraft:spider_eye":3,"minecraft:bow":2,"minecraft:arrow":15,"minecraft:stone_pickaxe":1,"minecraft:egg":8},"minecraft:mined":{"minecraft:dark_oak_planks":1,"minecraft:diamond_ore":8,"minecraft:oak_sapling":15,"minecraft:jungle_leaves":5,"minecraft:cave_vines_plant":1,"minecraft:budding_amethyst":1,"minecraft:birch_fence_gate":1,"minecraft:dark_oak_fence":7,"minecraft:allium":4,"minecraft:grass_block":3201,"minecraft:redstone_wire":1,"minecraft:moss_block":1,"minecraft:spruce_leaves":82,"minecraft:green_concrete":5,"minecraft:kelp":4,"minecraft:oxeye_daisy":19,"minecraft:large_fern":1,"minecraft:redstone_ore":9,"minecraft:carrots":126,"minecraft:iron_ore":40,"minecraft:green_terracotta":3,"minecraft:azure_bluet":20,"minecraft:peony":4,"minecraft:deepslate_iron_ore":5,"minecraft:potatoes":223,"minecraft:cobblestone_slab":1,"minecraft:dirt_path":4,"minecraft:vine":2,"minecraft:pink_tulip":4,"minecraft:bamboo":30,"minecraft:blue_orchid":12,"minecraft:stone":1341,"minecraft:white_tulip":2,"minecraft:deepslate_redstone_ore":3,"minecraft:amethyst_cluster":1,"minecraft:kelp_plant":20,"minecraft:stripped_dark_oak_log":60,"minecraft:dandelion":50,"minecraft:oak_fence":25,"minecraft:crafting_table":4,"minecraft:cornflower":14,"minecraft:torch":53,"minecraft:short_grass":589,"minecraft:emerald_ore":2,"minecraft:poppy":18,"minecraft:melon":7,"minecraft:chest":3,"minecraft:rose_bush":7,"minecraft:cobblestone":29,"minecraft:tall_grass":348,"minecraft:lapis_ore":5,"minecraft:sugar_cane":254,"minecraft:oak_planks":1,"minecraft:diorite":22,"minecraft:wall_torch":14,"minecraft:cobblestone_wall":42,"minecraft:birch_log":55,"minecraft:wheat":135,"minecraft:spruce_log":22,"minecraft:birch_leaves":13,"minecraft:orange_tulip":3,"minecraft:coal_ore":30,"minecraft:oak_log":151,"minecraft:gravel":17,"minecraft:beetroots":1,"minecraft:oak_fence_gate":3,"minecraft:lime_terracotta":4,"minecraft:sand":5,"minecraft:dirt":1023,"minecraft:gold_ore":17,"minecraft:oak_leaves":172,"minecraft:birch_fence":3},"minecraft:custom":{"minecraft:mob_kills":155,"minecraft:animals_bred":52,"minecraft:interact_with_crafting_table":96,"minecraft:open_barrel":1,"minecraft:leave_game":6,"minecraft:time_since_death":111303,"minecraft:climb_one_cm":10152,"minecraft:sprint_one_cm":1311836,"minecraft:walk_one_cm":3018529,"minecraft:damage_blocked_by_shield":115,"minecraft:drop":533,"minecraft:talked_to_villager":30,"minecraft:play_time":651807,"minecraft:deaths":15,"minecraft:sneak_time":62331,"minecraft:walk_under_water_one_cm":11291,"minecraft:jump":3209,"minecraft:interact_with_blast_furnace":5,"minecraft:walk_on_water_one_cm":55449,"minecraft:total_world_time":651807,"minecraft:interact_with_furnace":46,"minecraft:traded_with_villager":2,"minecraft:interact_with_stonecutter":6,"minecraft:sleep_in_bed":10,"minecraft:time_since_rest":95529,"minecraft:damage_taken":4669,"minecraft:damage_dealt":10360,"minecraft:swim_one_cm":28191,"minecraft:fly_one_cm":163517,"minecraft:open_chest":458,"minecraft:crouch_one_cm":194736,"minecraft:interact_with_smoker":17,"minecraft:fall_one_cm":42308},"minecraft:crafted":{"minecraft:oak_planks":300,"minecraft:stone_shovel":18,"minecraft:cobblestone_slab":16,"minecraft:cooked_chicken":4,"minecraft:furnace":2,"minecraft:bone_meal":156,"minecraft:dark_oak_fence":6,"minecraft:birch_fence_gate":1,"minecraft:stone_pickaxe":11,"minecraft:cobblestone_wall":7,"minecraft:chest":21,"minecraft:birch_door":3,"minecraft:dark_oak_planks":16,"minecraft:oak_fence":15,"minecraft:stone_hoe":4,"minecraft:birch_sign":3,"minecraft:smoker":1,"minecraft:red_dye":3,"minecraft:diamond_sword":1,"minecraft:cooked_porkchop":5,"minecraft:crafting_table":2,"minecraft:red_bed":1,"minecraft:red_wool":3,"minecraft:birch_planks":148,"minecraft:bucket":2,"minecraft:stone_axe":5,"minecraft:bread":23,"minecraft:air":0,"minecraft:oak_fence_gate":2,"minecraft:wooden_hoe":1,"minecraft:charcoal":53,"minecraft:birch_fence":3,"minecraft:stick":180,"minecraft:iron_ingot":24,"minecraft:iron_pickaxe":1,"minecraft:wooden_axe":1,"minecraft:stone_sword":1,"minecraft:iron_shovel":11,"minecraft:white_bed":1,"minecraft:torch":300,"minecraft:shears":1,"minecraft:diamond_chestplate":1},"minecraft:picked_up":{"minecraft:wooden_axe":2,"minecraft:charcoal":39,"minecraft:crafting_table":6,"minecraft:allium":12,"minecraft:wheat":208,"minecraft:azure_bluet":33,"minecraft:chicken":6,"minecraft:diamond_sword":1,"minecraft:lead":4,"minecraft:enchanted_book":2,"minecraft:shield":7,"minecraft:cornflower":27,"minecraft:string":53,"minecraft:flint_and_steel":2,"minecraft:iron_shovel":1,"minecraft:birch_fence":3,"minecraft:blue_orchid":24,"minecraft:beetroot":1,"minecraft:cobbled_deepslate":1,"minecraft:bucket":6,"minecraft:iron_pickaxe":1,"minecraft:music_disc_otherside":1,"minecraft:white_tulip":4,"minecraft:written_book":1,"minecraft:rose_bush":18,"minecraft:cobblestone_slab":39,"minecraft:poppy":37,"minecraft:light_gray_wool":2,"minecraft:sugar_cane":488,"minecraft:melon_slice":33,"minecraft:chest":3,"minecraft:birch_sapling":19,"minecraft:egg":57,"minecraft:stick":97,"minecraft:raw_iron":56,"minecraft:sandstone":24,"minecraft:oak_fence":26,"minecraft:torch":190,"minecraft:sandstone_wall":4,"minecraft:porkchop":5,"minecraft:diorite":22,"minecraft:carrot":495,"minecraft:redstone":61,"minecraft:green_terracotta":3,"minecraft:dark_oak_planks":7,"minecraft:stone_shovel":3,"minecraft:rotten_flesh":213,"minecraft:stone_sword":10,"minecraft:arrow":397,"minecraft:beetroot_seeds":2,"minecraft:peony":7,"minecraft:shears":1,"minecraft:pink_tulip":8,"minecraft:gold_ingot":9,"minecraft:music_disc_wait":1,"minecraft:glow_berries":1,"minecraft:mutton":1,"minecraft:snowball":28,"minecraft:white_wool":6,"minecraft:cobblestone":1463,"minecraft:oxeye_daisy":37,"minecraft:birch_log":55,"minecraft:feather":8,"minecraft:water_bucket":1,"minecraft:cut_sandstone":3,"minecraft:potato":629,"minecraft:flint":1,"minecraft:oak_log":189,"minecraft:smooth_sandstone_stairs":2,"minecraft:gunpowder":128,"minecraft:cobblestone_wall":226,"minecraft:lapis_lazuli":35,"minecraft:paper":11,"minecraft:dirt":4955,"minecraft:smooth_sandstone":4,"minecraft:bone":121,"minecraft:apple":16,"minecraft:kelp":78,"minecraft:bow":14,"minecraft:orange_tulip":3,"minecraft:wheat_seeds":559,"minecraft:raw_gold":19,"minecraft:stone_pickaxe":9,"minecraft:oak_fence_gate":3,"minecraft:bamboo":373,"minecraft:glowstone_dust":2,"minecraft:moss_block":1,"minecraft:oak_planks":1,"minecraft:stone_hoe":2,"minecraft:poisonous_potato":6,"minecraft:gravel":18,"minecraft:lime_terracotta":8,"minecraft:dandelion":91,"minecraft:birch_fence_gate":1,"minecraft:sand":20,"minecraft:amethyst_shard":4,"minecraft:spruce_sapling":8,"minecraft:spruce_log":22,"minecraft:grass_block":5,"minecraft:spider_eye":10,"minecraft:firework_rocket":7,"minecraft:diamond":13,"minecraft:green_concrete":15,"minecraft:stone_axe":8,"minecraft:bone_meal":153,"minecraft:bread":294,"minecraft:emerald":10,"minecraft:baked_potato":1,"minecraft:oak_sapling":126,"minecraft:dark_oak_fence":7,"minecraft:stripped_dark_oak_log":72,"minecraft:coal":34,"minecraft:ender_pearl":5},"minecraft:broken":{"minecraft:iron_shovel":5,"minecraft:stone_sword":1,"minecraft:stone_hoe":2,"minecraft:stone_pickaxe":11,"minecraft:stone_axe":3,"minecraft:iron_pickaxe":1,"minecraft:wooden_axe":1,"minecraft:stone_shovel":18},"minecraft:killed":{"minecraft:cave_spider":2,"minecraft:spider":4,"minecraft:skeleton":41,"minecraft:chicken":5,"minecraft:husk":5,"minecraft:pig":2,"minecraft:creeper":35,"minecraft:zombie":57,"minecraft:enderman":4},"minecraft:used":{"minecraft:oak_fence":14,"minecraft:stone_sword":267,"minecraft:iron_shovel":1394,"minecraft:stone_shovel":2507,"minecraft:redstone":1,"minecraft:poppy":3,"minecraft:chest":23,"minecraft:shield":4,"minecraft:cooked_chicken":1,"minecraft:stone_hoe":325,"minecraft:rotten_flesh":5,"minecraft:torch":303,"minecraft:dirt":2661,"minecraft:carrot":186,"minecraft:cobblestone_wall":241,"minecraft:azure_bluet":8,"minecraft:snowball":28,"minecraft:oak_fence_gate":5,"minecraft:birch_door":1,"minecraft:wooden_axe":120,"minecraft:dark_oak_planks":1,"minecraft:grass_block":4,"minecraft:birch_sapling":6,"minecraft:bow":82,"minecraft:furnace":1,"minecraft:oak_sapling":55,"minecraft:beetroot_seeds":1,"minecraft:egg":20,"minecraft:potato":271,"minecraft:wheat_seeds":240,"minecraft:water_bucket":2,"minecraft:stone_pickaxe":1347,"minecraft:oak_planks":1,"minecraft:baked_potato":1,"minecraft:sugar_cane":110,"minecraft:cobblestone_slab":7,"minecraft:sand":2,"minecraft:crafting_table":3,"minecraft:red_bed":1,"minecraft:birch_sign":1,"minecraft:white_bed":1,"minecraft:smoker":1,"minecraft:birch_fence":4,"minecraft:oak_log":4,"minecraft:wooden_hoe":17,"minecraft:cornflower":4,"minecraft:apple":5,"minecraft:oxeye_daisy":3,"minecraft:birch_fence_gate":2,"minecraft:bread":43,"minecraft:iron_pickaxe":271,"minecraft:stone_axe":714,"minecraft:diamond_sword":2,"minecraft:cobblestone":15,"minecraft:cooked_porkchop":2,"minecraft:dark_oak_fence":7,"minecraft:bucket":1,"minecraft:bone_meal":88,"minecraft:dandelion":15}},"DataVersion":3955}