{"stats":{"minecraft:killed_by":{"minecraft:creeper":3,"minecraft:cave_spider":1,"minecraft:witch":1,"minecraft:zombie":8,"minecraft:husk":4,"minecraft:enderman":1,"minecraft:skeleton":8},"minecraft:dropped":{"minecraft:baked_potato":30,"minecraft:glass_bottle":2,"minecraft:diamond":3,"minecraft:cooked_porkchop":3,"minecraft:rail":6,"minecraft:cut_sandstone_slab":6,"minecraft:emerald":1,"minecraft:dirt":246,"minecraft:gold_nugget":7,"minecraft:bone_meal":170,"minecraft:phantom_membrane":10,"minecraft:iron_pickaxe":1,"minecraft:bone":51,"minecraft:stone_axe":2,"minecraft:sugar_cane":3,"minecraft:cooked_chicken":18,"minecraft:cobbled_deepslate":1,"minecraft:wheat":83,"minecraft:rotten_flesh":26,"minecraft:oak_planks":2,"minecraft:carrot":37,"minecraft:charcoal":3,"minecraft:arrow":211,"minecraft:written_book":2,"minecraft:firework_rocket":7,"minecraft:egg":3,"minecraft:enchanted_book":4,"minecraft:water_bucket":1,"minecraft:bread":254,"minecraft:wheat_seeds":231,"minecraft:diamond_leggings":3,"minecraft:cobblestone":1,"minecraft:lead":2,"minecraft:apple":2,"minecraft:grass_block":3,"minecraft:stick":1,"minecraft:diorite":3,"minecraft:torch":21,"minecraft:diamond_helmet":1,"minecraft:music_disc_wait":1,"minecraft:string":49,"minecraft:smooth_sandstone":9,"minecraft:dandelion":1,"minecraft:stone_sword":4,"minecraft:stone_shovel":1,"minecraft:flint_and_steel":2,"minecraft:diamond_sword":5,"minecraft:potato":1,"minecraft:cobblestone_slab":2,"minecraft:shield":2,"minecraft:diamond_chestplate":7,"minecraft:diamond_pickaxe":1,"minecraft:andesite":3,"minecraft:oak_sapling":7,"minecraft:diamond_boots":1,"minecraft:sandstone":17,"minecraft:bow":12,"minecraft:stone_pickaxe":2},"minecraft:mined":{"minecraft:dark_oak_planks":2,"minecraft:cut_sandstone_slab":15,"minecraft:white_bed":1,"minecraft:jungle_leaves":1,"minecraft:obsidian":10,"minecraft:granite":1,"minecraft:grass_block":286,"minecraft:composter":1,"minecraft:oxeye_daisy":1,"minecraft:chiseled_stone_bricks":3,"minecraft:spawner":3,"minecraft:dark_oak_trapdoor":1,"minecraft:fire":10,"minecraft:iron_ore":62,"minecraft:deepslate_lapis_ore":4,"minecraft:azure_bluet":1,"minecraft:iron_bars":2,"minecraft:smooth_sandstone_stairs":43,"minecraft:sandstone_slab":10,"minecraft:cut_sandstone":132,"minecraft:red_bed":1,"minecraft:smoker":1,"minecraft:orange_terracotta":7,"minecraft:torch":45,"minecraft:blast_furnace":1,"minecraft:poppy":9,"minecraft:melon":3,"minecraft:chest":4,"minecraft:cobblestone":242,"minecraft:sugar_cane":2133,"minecraft:oak_planks":2,"minecraft:smooth_sandstone_slab":51,"minecraft:wall_torch":32,"minecraft:amethyst_block":4,"minecraft:seagrass":1,"minecraft:blue_terracotta":2,"minecraft:nether_wart_block":1,"minecraft:wheat":517,"minecraft:birch_log":11,"minecraft:stone_brick_stairs":1,"minecraft:oak_log":95,"minecraft:sand":32,"minecraft:dirt":1189,"minecraft:sandstone_wall":7,"minecraft:dispenser":1,"minecraft:netherrack":53,"minecraft:oak_leaves":44,"minecraft:deepslate":6,"minecraft:diamond_ore":24,"minecraft:potted_wither_rose":1,"minecraft:deepslate_diamond_ore":2,"minecraft:sandstone":344,"minecraft:large_fern":1,"minecraft:hay_block":1,"minecraft:redstone_ore":26,"minecraft:oak_trapdoor":3,"minecraft:furnace":1,"minecraft:carrots":145,"minecraft:andesite":7,"minecraft:bookshelf":16,"minecraft:potatoes":2627,"minecraft:cobblestone_slab":416,"minecraft:vine":3,"minecraft:rail":2,"minecraft:stone":2540,"minecraft:stripped_dark_oak_log":32,"minecraft:stone_brick_slab":1,"minecraft:dandelion":5,"minecraft:oak_fence":3,"minecraft:crafting_table":11,"minecraft:smooth_sandstone":288,"minecraft:cornflower":1,"minecraft:short_grass":205,"minecraft:emerald_ore":9,"minecraft:tall_grass":127,"minecraft:deepslate_gold_ore":3,"minecraft:lapis_ore":14,"minecraft:diorite":3,"minecraft:birch_planks":1,"minecraft:cobblestone_wall":30,"minecraft:dark_oak_wall_sign":1,"minecraft:ice":2,"minecraft:birch_leaves":1,"minecraft:dark_oak_sign":1,"minecraft:coal_ore":56,"minecraft:cobweb":66,"minecraft:stone_bricks":4,"minecraft:gold_ore":139,"minecraft:deepslate_emerald_ore":1},"minecraft:custom":{"minecraft:animals_bred":13,"minecraft:interact_with_crafting_table":185,"minecraft:leave_game":17,"minecraft:time_since_death":910493,"minecraft:sprint_one_cm":3552231,"minecraft:damage_blocked_by_shield":1442,"minecraft:drop":149,"minecraft:talked_to_villager":207,"minecraft:play_time":1460792,"minecraft:deaths":30,"minecraft:jump":19477,"minecraft:interact_with_brewingstand":2,"minecraft:walk_on_water_one_cm":309439,"minecraft:interact_with_furnace":44,"minecraft:play_record":2,"minecraft:traded_with_villager":640,"minecraft:interact_with_cartography_table":1,"minecraft:sleep_in_bed":12,"minecraft:damage_dealt":196896,"minecraft:crouch_one_cm":780919,"minecraft:interact_with_smoker":37,"minecraft:inspect_dispenser":1,"minecraft:mob_kills":2165,"minecraft:interact_with_anvil":13,"minecraft:climb_one_cm":24015,"minecraft:walk_one_cm":3323133,"minecraft:sneak_time":175355,"minecraft:walk_under_water_one_cm":17176,"minecraft:interact_with_blast_furnace":28,"minecraft:total_world_time":1460792,"minecraft:pot_flower":1,"minecraft:interact_with_stonecutter":15,"minecraft:time_since_rest":210567,"minecraft:damage_absorbed":41,"minecraft:damage_taken":19215,"minecraft:swim_one_cm":74746,"minecraft:fly_one_cm":3941616,"minecraft:open_chest":1147,"minecraft:fall_one_cm":294156},"minecraft:crafted":{"minecraft:oak_planks":388,"minecraft:cobblestone_slab":1376,"minecraft:oak_sign":9,"minecraft:cut_sandstone_slab":60,"minecraft:stone":3,"minecraft:lever":1,"minecraft:diamond_helmet":3,"minecraft:diamond_leggings":3,"minecraft:bow":50,"minecraft:chest":7,"minecraft:stone_hoe":3,"minecraft:oak_fence":12,"minecraft:emerald":604,"minecraft:cooked_porkchop":8,"minecraft:crafting_table":15,"minecraft:wooden_pickaxe":3,"minecraft:baked_potato":132,"minecraft:iron_helmet":1,"minecraft:hay_block":37,"minecraft:birch_planks":44,"minecraft:dispenser":3,"minecraft:wooden_hoe":1,"minecraft:paper":4569,"minecraft:diamond_pickaxe":1,"minecraft:charcoal":38,"minecraft:shield":4,"minecraft:stick":187,"minecraft:iron_ingot":93,"minecraft:iron_pickaxe":1,"minecraft:iron_block":6,"minecraft:stone_sword":20,"minecraft:composter":1,"minecraft:stone_shovel":11,"minecraft:dark_oak_trapdoor":2,"minecraft:piston":1,"minecraft:dark_oak_sign":6,"minecraft:bone_meal":4977,"minecraft:oak_trapdoor":34,"minecraft:flint_and_steel":1,"minecraft:ladder":3,"minecraft:stone_pickaxe":17,"minecraft:cobblestone_wall":78,"minecraft:diamond_boots":4,"minecraft:dark_oak_planks":36,"minecraft:wheat":9,"minecraft:diamond_sword":3,"minecraft:sandstone_slab":18,"minecraft:bucket":3,"minecraft:stone_axe":7,"minecraft:enchanted_book":7,"minecraft:bread":207,"minecraft:air":0,"minecraft:jungle_planks":4,"minecraft:oak_fence_gate":1,"minecraft:oak_boat":1,"minecraft:smooth_sandstone_slab":78,"minecraft:stonecutter":1,"minecraft:anvil":2,"minecraft:torch":256,"minecraft:diamond_chestplate":3},"minecraft:picked_up":{"minecraft:wheat":506,"minecraft:flower_pot":1,"minecraft:lead":10,"minecraft:diamond_sword":5,"minecraft:enchanted_book":3,"minecraft:wither_rose":1,"minecraft:potion":4,"minecraft:stone_brick_stairs":1,"minecraft:amethyst_block":4,"minecraft:music_disc_cat":1,"minecraft:string":183,"minecraft:dark_oak_trapdoor":1,"minecraft:oak_sign":4,"minecraft:diamond_leggings":2,"minecraft:tnt_minecart":1,"minecraft:gold_nugget":17,"minecraft:cobbled_deepslate":7,"minecraft:bucket":19,"minecraft:white_tulip":1,"minecraft:written_book":1,"minecraft:rose_bush":1,"minecraft:cobblestone_slab":698,"minecraft:iron_pickaxe":1,"minecraft:melon_slice":53,"minecraft:furnace":1,"minecraft:stick":140,"minecraft:composter":1,"minecraft:oak_fence":3,"minecraft:torch":215,"minecraft:sandstone_wall":9,"minecraft:porkchop":3,"minecraft:diorite":3,"minecraft:stone_sword":25,"minecraft:rotten_flesh":1322,"minecraft:music_disc_wait":2,"minecraft:obsidian":10,"minecraft:iron_bars":2,"minecraft:cobblestone":3565,"minecraft:birch_log":11,"minecraft:cooked_beef":7,"minecraft:feather":4,"minecraft:andesite":10,"minecraft:jungle_log":1,"minecraft:smoker":1,"minecraft:potato":9117,"minecraft:smooth_sandstone_stairs":48,"minecraft:map":1,"minecraft:lapis_lazuli":174,"minecraft:dirt":2431,"minecraft:cut_sandstone_slab":12,"minecraft:bone":1626,"minecraft:bow":117,"minecraft:wheat_seeds":1575,"minecraft:raw_gold":287,"minecraft:dark_oak_sign":3,"minecraft:rabbit":1,"minecraft:diamond_helmet":1,"minecraft:bamboo":34,"minecraft:glowstone_dust":2,"minecraft:stone_hoe":11,"minecraft:oak_planks":18,"minecraft:cooked_porkchop":6,"minecraft:red_sandstone_wall":2,"minecraft:poisonous_potato":49,"minecraft:sand":109,"minecraft:grass_block":6,"minecraft:dispenser":1,"minecraft:blue_terracotta":3,"minecraft:sugar":2,"minecraft:diamond":45,"minecraft:granite":8,"minecraft:bone_meal":82,"minecraft:emerald":96,"minecraft:bread":528,"minecraft:oak_sapling":59,"minecraft:netherrack":49,"minecraft:diamond_pickaxe":1,"minecraft:charcoal":26,"minecraft:crafting_table":23,"minecraft:azure_bluet":2,"minecraft:sandstone_slab":11,"minecraft:chicken":1,"minecraft:chest_minecart":1,"minecraft:shield":10,"minecraft:cornflower":2,"minecraft:oak_trapdoor":3,"minecraft:red_bed":1,"minecraft:flint_and_steel":5,"minecraft:item_frame":9,"minecraft:music_disc_otherside":1,"minecraft:oak_boat":14,"minecraft:poppy":20,"minecraft:chest":4,"minecraft:sugar_cane":4942,"minecraft:birch_sapling":12,"minecraft:phantom_membrane":10,"minecraft:egg":37,"minecraft:raw_iron":101,"minecraft:sandstone":395,"minecraft:carrot":669,"minecraft:redstone":173,"minecraft:dark_oak_planks":2,"minecraft:smooth_sandstone_slab":50,"minecraft:stone_shovel":11,"minecraft:arrow":1625,"minecraft:diamond_chestplate":4,"minecraft:shears":2,"minecraft:diamond_boots":1,"minecraft:hay_block":1,"minecraft:gold_ingot":7,"minecraft:mutton":1,"minecraft:rail":6,"minecraft:oxeye_daisy":2,"minecraft:leather":3,"minecraft:cut_sandstone":142,"minecraft:birch_planks":15,"minecraft:oak_log":115,"minecraft:gunpowder":277,"minecraft:nether_wart_block":1,"minecraft:cobblestone_wall":344,"minecraft:paper":55,"minecraft:orange_terracotta":6,"minecraft:smooth_sandstone":274,"minecraft:apple":41,"minecraft:stone_bricks":4,"minecraft:stone_pickaxe":13,"minecraft:iron_ingot":8,"minecraft:cooked_chicken":40,"minecraft:cobweb":68,"minecraft:glass_bottle":2,"minecraft:book":144,"minecraft:chiseled_stone_bricks":3,"minecraft:stone_brick_slab":1,"minecraft:dandelion":115,"minecraft:blast_furnace":1,"minecraft:white_bed":1,"minecraft:spider_eye":64,"minecraft:firework_rocket":21,"minecraft:stone_axe":21,"minecraft:painting":9,"minecraft:stripped_dark_oak_log":60,"minecraft:coal":79,"minecraft:ender_pearl":13},"minecraft:broken":{"minecraft:stone_pickaxe":8,"minecraft:diamond_boots":1,"minecraft:stone_axe":1,"minecraft:stone_shovel":6,"minecraft:diamond_chestplate":1,"minecraft:stone_sword":5,"minecraft:diamond_leggings":1,"minecraft:stone_hoe":1,"minecraft:wooden_pickaxe":1,"minecraft:iron_pickaxe":1,"minecraft:iron_helmet":1},"minecraft:killed":{"minecraft:cave_spider":11,"minecraft:witch":5,"minecraft:spider":124,"minecraft:skeleton":1222,"minecraft:chicken":1,"minecraft:magma_cube":16,"minecraft:zombie_villager":9,"minecraft:creeper":151,"minecraft:trader_llama":1,"minecraft:zombie":205,"minecraft:cow":3,"minecraft:phantom":9,"minecraft:husk":325,"minecraft:enderman":17},"minecraft:used":{"minecraft:beetroot":1,"minecraft:poppy":2,"minecraft:dispenser":4,"minecraft:ladder":3,"minecraft:oak_sign":6,"minecraft:chest":11,"minecraft:shield":48,"minecraft:smooth_sandstone_stairs":6,"minecraft:rotten_flesh":68,"minecraft:carrot":198,"minecraft:azure_bluet":2,"minecraft:obsidian":6,"minecraft:lava_bucket":4,"minecraft:grass_block":5,"minecraft:bow":89,"minecraft:hay_block":1,"minecraft:written_book":1,"minecraft:beetroot_seeds":3,"minecraft:egg":21,"minecraft:potato":2585,"minecraft:dark_oak_sign":3,"minecraft:stone_pickaxe":1557,"minecraft:oak_planks":53,"minecraft:wooden_pickaxe":113,"minecraft:composter":2,"minecraft:sandstone":333,"minecraft:sugar_cane":330,"minecraft:golden_apple":1,"minecraft:dark_oak_trapdoor":2,"minecraft:sand":29,"minecraft:cut_sandstone_slab":66,"minecraft:blast_furnace":1,"minecraft:lever":1,"minecraft:bread":104,"minecraft:diamond_sword":1827,"minecraft:chest_minecart":1,"minecraft:oak_boat":11,"minecraft:bone_meal":5212,"minecraft:cobweb":20,"minecraft:oak_trapdoor":33,"minecraft:oak_fence":13,"minecraft:rose_bush":1,"minecraft:stone_sword":1546,"minecraft:flint_and_steel":1,"minecraft:stone_shovel":1153,"minecraft:stone_hoe":121,"minecraft:cooked_chicken":4,"minecraft:torch":299,"minecraft:dirt":2354,"minecraft:anvil":2,"minecraft:cobblestone_wall":235,"minecraft:granite":2,"minecraft:oak_fence_gate":1,"minecraft:stone_brick_slab":1,"minecraft:dark_oak_planks":3,"minecraft:wooden_axe":11,"minecraft:smooth_sandstone":258,"minecraft:cooked_beef":7,"minecraft:wheat_seeds":1250,"minecraft:water_bucket":386,"minecraft:birch_planks":1,"minecraft:baked_potato":182,"minecraft:smooth_sandstone_slab":125,"minecraft:cut_sandstone":96,"minecraft:stonecutter":1,"minecraft:cobblestone_slab":2264,"minecraft:stripped_dark_oak_log":1,"minecraft:crafting_table":21,"minecraft:red_bed":1,"minecraft:white_bed":1,"minecraft:painting":9,"minecraft:smoker":1,"minecraft:oak_log":1,"minecraft:wooden_hoe":11,"minecraft:flower_pot":1,"minecraft:diamond_pickaxe":2668,"minecraft:iron_pickaxe":251,"minecraft:stone_axe":292,"minecraft:chiseled_stone_bricks":3,"minecraft:cobblestone":596,"minecraft:potion":2,"minecraft:cooked_porkchop":10,"minecraft:sandstone_slab":27,"minecraft:bucket":392,"minecraft:dandelion":6}},"DataVersion":3955}