{"stats":{"minecraft:killed_by":{"minecraft:creeper":3,"minecraft:cave_spider":1,"minecraft:witch":1,"minecraft:zombie":8,"minecraft:husk":4,"minecraft:enderman":1,"minecraft:skeleton":8},"minecraft:dropped":{"minecraft:baked_potato":30,"minecraft:glass_bottle":2,"minecraft:diamond":3,"minecraft:cooked_porkchop":3,"minecraft:rail":6,"minecraft:cut_sandstone_slab":6,"minecraft:emerald":1,"minecraft:dirt":246,"minecraft:gold_nugget":7,"minecraft:bone_meal":138,"minecraft:phantom_membrane":10,"minecraft:iron_pickaxe":1,"minecraft:bone":51,"minecraft:stone_axe":2,"minecraft:sugar_cane":3,"minecraft:cooked_chicken":18,"minecraft:cobbled_deepslate":1,"minecraft:wheat":83,"minecraft:rotten_flesh":26,"minecraft:oak_planks":2,"minecraft:carrot":37,"minecraft:charcoal":3,"minecraft:arrow":211,"minecraft:written_book":2,"minecraft:firework_rocket":7,"minecraft:egg":3,"minecraft:enchanted_book":4,"minecraft:water_bucket":1,"minecraft:bread":254,"minecraft:wheat_seeds":231,"minecraft:diamond_leggings":3,"minecraft:cobblestone":1,"minecraft:lead":2,"minecraft:apple":2,"minecraft:grass_block":3,"minecraft:stick":1,"minecraft:diorite":3,"minecraft:torch":21,"minecraft:diamond_helmet":1,"minecraft:music_disc_wait":1,"minecraft:string":40,"minecraft:smooth_sandstone":9,"minecraft:dandelion":1,"minecraft:stone_sword":4,"minecraft:stone_shovel":1,"minecraft:flint_and_steel":2,"minecraft:diamond_sword":4,"minecraft:potato":1,"minecraft:cobblestone_slab":2,"minecraft:shield":2,"minecraft:diamond_chestplate":7,"minecraft:diamond_pickaxe":1,"minecraft:andesite":3,"minecraft:oak_sapling":7,"minecraft:diamond_boots":1,"minecraft:sandstone":16,"minecraft:bow":6,"minecraft:stone_pickaxe":2},"minecraft:mined":{"minecraft:dark_oak_planks":2,"minecraft:cut_sandstone_slab":15,"minecraft:white_bed":1,"minecraft:jungle_leaves":1,"minecraft:grass_block":283,"minecraft:oxeye_daisy":1,"minecraft:spawner":3,"minecraft:dark_oak_trapdoor":1,"minecraft:fire":10,"minecraft:iron_ore":55,"minecraft:deepslate_lapis_ore":4,"minecraft:azure_bluet":1,"minecraft:smooth_sandstone_stairs":43,"minecraft:sandstone_slab":10,"minecraft:cut_sandstone":132,"minecraft:red_bed":1,"minecraft:smoker":1,"minecraft:orange_terracotta":7,"minecraft:torch":45,"minecraft:blast_furnace":1,"minecraft:poppy":9,"minecraft:melon":3,"minecraft:chest":4,"minecraft:cobblestone":239,"minecraft:sugar_cane":1781,"minecraft:oak_planks":2,"minecraft:smooth_sandstone_slab":51,"minecraft:wall_torch":30,"minecraft:amethyst_block":4,"minecraft:seagrass":1,"minecraft:blue_terracotta":2,"minecraft:nether_wart_block":1,"minecraft:wheat":410,"minecraft:birch_log":11,"minecraft:oak_log":95,"minecraft:sand":30,"minecraft:dirt":1170,"minecraft:sandstone_wall":7,"minecraft:dispenser":1,"minecraft:netherrack":49,"minecraft:oak_leaves":44,"minecraft:deepslate":2,"minecraft:diamond_ore":12,"minecraft:potted_wither_rose":1,"minecraft:deepslate_diamond_ore":2,"minecraft:sandstone":344,"minecraft:large_fern":1,"minecraft:redstone_ore":26,"minecraft:oak_trapdoor":3,"minecraft:furnace":1,"minecraft:carrots":65,"minecraft:andesite":3,"minecraft:bookshelf":16,"minecraft:potatoes":2082,"minecraft:cobblestone_slab":416,"minecraft:vine":2,"minecraft:rail":2,"minecraft:stone":1865,"minecraft:stripped_dark_oak_log":32,"minecraft:dandelion":5,"minecraft:oak_fence":3,"minecraft:crafting_table":11,"minecraft:smooth_sandstone":288,"minecraft:cornflower":1,"minecraft:short_grass":202,"minecraft:emerald_ore":6,"minecraft:tall_grass":127,"minecraft:deepslate_gold_ore":3,"minecraft:lapis_ore":12,"minecraft:diorite":3,"minecraft:birch_planks":1,"minecraft:cobblestone_wall":30,"minecraft:dark_oak_wall_sign":1,"minecraft:ice":2,"minecraft:birch_leaves":1,"minecraft:dark_oak_sign":1,"minecraft:coal_ore":50,"minecraft:cobweb":66,"minecraft:stone_bricks":1,"minecraft:gold_ore":131,"minecraft:deepslate_emerald_ore":1},"minecraft:custom":{"minecraft:animals_bred":6,"minecraft:interact_with_crafting_table":178,"minecraft:leave_game":17,"minecraft:time_since_death":784493,"minecraft:sprint_one_cm":3123031,"minecraft:damage_blocked_by_shield":1442,"minecraft:drop":138,"minecraft:talked_to_villager":194,"minecraft:play_time":1334792,"minecraft:deaths":30,"minecraft:jump":17538,"minecraft:interact_with_brewingstand":1,"minecraft:walk_on_water_one_cm":304463,"minecraft:interact_with_furnace":43,"minecraft:play_record":2,"minecraft:traded_with_villager":494,"minecraft:interact_with_cartography_table":1,"minecraft:sleep_in_bed":12,"minecraft:damage_dealt":174141,"minecraft:crouch_one_cm":716437,"minecraft:interact_with_smoker":37,"minecraft:inspect_dispenser":1,"minecraft:mob_kills":1798,"minecraft:interact_with_anvil":13,"minecraft:climb_one_cm":22002,"minecraft:walk_one_cm":3105634,"minecraft:sneak_time":158849,"minecraft:walk_under_water_one_cm":16814,"minecraft:interact_with_blast_furnace":28,"minecraft:total_world_time":1334792,"minecraft:pot_flower":1,"minecraft:interact_with_stonecutter":15,"minecraft:time_since_rest":84567,"minecraft:damage_absorbed":41,"minecraft:damage_taken":17714,"minecraft:swim_one_cm":68677,"minecraft:fly_one_cm":3502465,"minecraft:open_chest":969,"minecraft:fall_one_cm":261502},"minecraft:crafted":{"minecraft:oak_planks":388,"minecraft:cobblestone_slab":1376,"minecraft:oak_sign":9,"minecraft:cut_sandstone_slab":60,"minecraft:stone":3,"minecraft:lever":1,"minecraft:diamond_helmet":2,"minecraft:diamond_leggings":3,"minecraft:bow":30,"minecraft:chest":7,"minecraft:stone_hoe":3,"minecraft:oak_fence":12,"minecraft:emerald":463,"minecraft:cooked_porkchop":8,"minecraft:crafting_table":15,"minecraft:wooden_pickaxe":3,"minecraft:baked_potato":132,"minecraft:iron_helmet":1,"minecraft:hay_block":16,"minecraft:birch_planks":44,"minecraft:dispenser":3,"minecraft:wooden_hoe":1,"minecraft:paper":3204,"minecraft:diamond_pickaxe":1,"minecraft:charcoal":38,"minecraft:shield":4,"minecraft:stick":155,"minecraft:iron_ingot":93,"minecraft:iron_pickaxe":1,"minecraft:iron_block":6,"minecraft:stone_sword":20,"minecraft:stone_shovel":11,"minecraft:dark_oak_trapdoor":2,"minecraft:piston":1,"minecraft:dark_oak_sign":6,"minecraft:bone_meal":4176,"minecraft:oak_trapdoor":34,"minecraft:flint_and_steel":1,"minecraft:ladder":3,"minecraft:stone_pickaxe":17,"minecraft:cobblestone_wall":78,"minecraft:diamond_boots":3,"minecraft:dark_oak_planks":36,"minecraft:wheat":9,"minecraft:diamond_sword":3,"minecraft:sandstone_slab":18,"minecraft:bucket":3,"minecraft:stone_axe":7,"minecraft:enchanted_book":5,"minecraft:bread":207,"minecraft:air":0,"minecraft:jungle_planks":4,"minecraft:oak_fence_gate":1,"minecraft:oak_boat":1,"minecraft:smooth_sandstone_slab":78,"minecraft:stonecutter":1,"minecraft:anvil":2,"minecraft:torch":156,"minecraft:diamond_chestplate":2},"minecraft:picked_up":{"minecraft:wheat":400,"minecraft:flower_pot":1,"minecraft:lead":10,"minecraft:diamond_sword":4,"minecraft:enchanted_book":3,"minecraft:wither_rose":1,"minecraft:potion":4,"minecraft:amethyst_block":4,"minecraft:music_disc_cat":1,"minecraft:string":170,"minecraft:dark_oak_trapdoor":1,"minecraft:oak_sign":4,"minecraft:diamond_leggings":2,"minecraft:tnt_minecart":1,"minecraft:gold_nugget":17,"minecraft:cobbled_deepslate":3,"minecraft:bucket":18,"minecraft:white_tulip":1,"minecraft:written_book":1,"minecraft:rose_bush":1,"minecraft:cobblestone_slab":698,"minecraft:iron_pickaxe":1,"minecraft:melon_slice":18,"minecraft:furnace":1,"minecraft:stick":138,"minecraft:oak_fence":3,"minecraft:torch":213,"minecraft:sandstone_wall":9,"minecraft:porkchop":3,"minecraft:diorite":3,"minecraft:stone_sword":25,"minecraft:rotten_flesh":1259,"minecraft:music_disc_wait":2,"minecraft:cobblestone":2915,"minecraft:birch_log":11,"minecraft:feather":2,"minecraft:andesite":6,"minecraft:jungle_log":1,"minecraft:smoker":1,"minecraft:potato":7227,"minecraft:smooth_sandstone_stairs":48,"minecraft:map":1,"minecraft:lapis_lazuli":149,"minecraft:dirt":2409,"minecraft:cut_sandstone_slab":12,"minecraft:bone":1353,"minecraft:bow":96,"minecraft:wheat_seeds":1288,"minecraft:raw_gold":269,"minecraft:dark_oak_sign":3,"minecraft:rabbit":1,"minecraft:diamond_helmet":1,"minecraft:bamboo":34,"minecraft:glowstone_dust":2,"minecraft:stone_hoe":11,"minecraft:oak_planks":18,"minecraft:cooked_porkchop":6,"minecraft:red_sandstone_wall":2,"minecraft:poisonous_potato":36,"minecraft:sand":107,"minecraft:grass_block":6,"minecraft:dispenser":1,"minecraft:blue_terracotta":3,"minecraft:sugar":2,"minecraft:diamond":21,"minecraft:granite":7,"minecraft:bone_meal":48,"minecraft:emerald":91,"minecraft:bread":528,"minecraft:oak_sapling":59,"minecraft:netherrack":46,"minecraft:diamond_pickaxe":1,"minecraft:charcoal":26,"minecraft:crafting_table":23,"minecraft:azure_bluet":2,"minecraft:sandstone_slab":11,"minecraft:chicken":1,"minecraft:chest_minecart":1,"minecraft:shield":10,"minecraft:cornflower":2,"minecraft:oak_trapdoor":3,"minecraft:red_bed":1,"minecraft:flint_and_steel":5,"minecraft:item_frame":9,"minecraft:music_disc_otherside":1,"minecraft:oak_boat":14,"minecraft:poppy":20,"minecraft:chest":4,"minecraft:sugar_cane":4252,"minecraft:birch_sapling":12,"minecraft:phantom_membrane":10,"minecraft:egg":37,"minecraft:raw_iron":90,"minecraft:sandstone":394,"minecraft:carrot":362,"minecraft:redstone":165,"minecraft:dark_oak_planks":2,"minecraft:smooth_sandstone_slab":50,"minecraft:stone_shovel":11,"minecraft:arrow":1369,"minecraft:diamond_chestplate":4,"minecraft:shears":1,"minecraft:diamond_boots":1,"minecraft:gold_ingot":7,"minecraft:mutton":1,"minecraft:rail":6,"minecraft:oxeye_daisy":2,"minecraft:cut_sandstone":142,"minecraft:birch_planks":15,"minecraft:oak_log":115,"minecraft:gunpowder":262,"minecraft:nether_wart_block":1,"minecraft:cobblestone_wall":344,"minecraft:paper":55,"minecraft:orange_terracotta":6,"minecraft:smooth_sandstone":274,"minecraft:apple":41,"minecraft:stone_bricks":1,"minecraft:stone_pickaxe":13,"minecraft:iron_ingot":7,"minecraft:cooked_chicken":39,"minecraft:cobweb":68,"minecraft:glass_bottle":2,"minecraft:book":144,"minecraft:dandelion":115,"minecraft:blast_furnace":1,"minecraft:white_bed":1,"minecraft:spider_eye":62,"minecraft:firework_rocket":21,"minecraft:stone_axe":21,"minecraft:painting":9,"minecraft:stripped_dark_oak_log":60,"minecraft:coal":70,"minecraft:ender_pearl":13},"minecraft:broken":{"minecraft:stone_pickaxe":8,"minecraft:diamond_boots":1,"minecraft:stone_axe":1,"minecraft:stone_shovel":6,"minecraft:diamond_chestplate":1,"minecraft:stone_sword":5,"minecraft:diamond_leggings":1,"minecraft:stone_hoe":1,"minecraft:wooden_pickaxe":1,"minecraft:iron_pickaxe":1,"minecraft:iron_helmet":1},"minecraft:killed":{"minecraft:cave_spider":11,"minecraft:witch":3,"minecraft:spider":119,"minecraft:skeleton":963,"minecraft:magma_cube":16,"minecraft:zombie_villager":9,"minecraft:creeper":138,"minecraft:trader_llama":1,"minecraft:zombie":198,"minecraft:phantom":9,"minecraft:husk":257,"minecraft:enderman":17},"minecraft:used":{"minecraft:dispenser":4,"minecraft:ladder":3,"minecraft:oak_sign":6,"minecraft:chest":11,"minecraft:shield":48,"minecraft:smooth_sandstone_stairs":6,"minecraft:rotten_flesh":68,"minecraft:carrot":118,"minecraft:azure_bluet":2,"minecraft:lava_bucket":4,"minecraft:grass_block":5,"minecraft:bow":89,"minecraft:written_book":1,"minecraft:egg":21,"minecraft:potato":2025,"minecraft:dark_oak_sign":3,"minecraft:stone_pickaxe":1555,"minecraft:oak_planks":53,"minecraft:wooden_pickaxe":113,"minecraft:sandstone":332,"minecraft:sugar_cane":329,"minecraft:golden_apple":1,"minecraft:dark_oak_trapdoor":2,"minecraft:sand":27,"minecraft:cut_sandstone_slab":66,"minecraft:blast_furnace":1,"minecraft:lever":1,"minecraft:bread":104,"minecraft:diamond_sword":1484,"minecraft:chest_minecart":1,"minecraft:oak_boat":11,"minecraft:bone_meal":4225,"minecraft:cobweb":20,"minecraft:oak_trapdoor":33,"minecraft:oak_fence":13,"minecraft:rose_bush":1,"minecraft:stone_sword":1546,"minecraft:flint_and_steel":1,"minecraft:stone_shovel":1153,"minecraft:stone_hoe":121,"minecraft:cooked_chicken":4,"minecraft:torch":192,"minecraft:dirt":2353,"minecraft:anvil":2,"minecraft:cobblestone_wall":235,"minecraft:granite":2,"minecraft:oak_fence_gate":1,"minecraft:dark_oak_planks":3,"minecraft:wooden_axe":11,"minecraft:smooth_sandstone":258,"minecraft:wheat_seeds":401,"minecraft:water_bucket":382,"minecraft:birch_planks":1,"minecraft:baked_potato":152,"minecraft:smooth_sandstone_slab":125,"minecraft:cut_sandstone":96,"minecraft:stonecutter":1,"minecraft:cobblestone_slab":2264,"minecraft:stripped_dark_oak_log":1,"minecraft:crafting_table":21,"minecraft:red_bed":1,"minecraft:white_bed":1,"minecraft:painting":9,"minecraft:smoker":1,"minecraft:oak_log":1,"minecraft:wooden_hoe":11,"minecraft:flower_pot":1,"minecraft:diamond_pickaxe":1920,"minecraft:iron_pickaxe":251,"minecraft:stone_axe":292,"minecraft:cobblestone":580,"minecraft:potion":2,"minecraft:cooked_porkchop":10,"minecraft:sandstone_slab":27,"minecraft:bucket":387,"minecraft:dandelion":6}},"DataVersion":3955}