{"stats":{"minecraft:custom":{"minecraft:animals_bred":13,"minecraft:interact_with_crafting_table":196,"minecraft:open_barrel":18,"minecraft:open_shulker_box":80,"minecraft:leave_game":18,"minecraft:time_since_death":1099416,"minecraft:sprint_one_cm":4312737,"minecraft:damage_blocked_by_shield":1442,"minecraft:drop":197,"minecraft:talked_to_villager":214,"minecraft:play_time":1649715,"minecraft:deaths":30,"minecraft:jump":23217,"minecraft:interact_with_brewingstand":8,"minecraft:walk_on_water_one_cm":325120,"minecraft:interact_with_furnace":65,"minecraft:play_record":2,"minecraft:traded_with_villager":647,"minecraft:interact_with_cartography_table":1,"minecraft:sleep_in_bed":13,"minecraft:damage_dealt":229721,"minecraft:crouch_one_cm":902901,"minecraft:interact_with_smoker":47,"minecraft:inspect_dispenser":1,"minecraft:mob_kills":2342,"minecraft:interact_with_anvil":13,"minecraft:climb_one_cm":26149,"minecraft:walk_one_cm":3803193,"minecraft:sneak_time":201024,"minecraft:walk_under_water_one_cm":17311,"minecraft:interact_with_blast_furnace":55,"minecraft:total_world_time":1649715,"minecraft:pot_flower":1,"minecraft:interact_with_stonecutter":15,"minecraft:time_since_rest":164836,"minecraft:damage_taken":22468,"minecraft:damage_absorbed":445,"minecraft:swim_one_cm":74746,"minecraft:fly_one_cm":4756935,"minecraft:open_chest":1405,"minecraft:fall_one_cm":322131},"minecraft:killed":{"minecraft:cave_spider":11,"minecraft:witch":5,"minecraft:spider":124,"minecraft:skeleton":1222,"minecraft:chicken":2,"minecraft:magma_cube":16,"minecraft:zombie_villager":9,"minecraft:creeper":151,"minecraft:trader_llama":1,"minecraft:pillager":101,"minecraft:zombie":206,"minecraft:cow":3,"minecraft:evoker":7,"minecraft:vex":5,"minecraft:vindicator":35,"minecraft:phantom":10,"minecraft:husk":325,"minecraft:hoglin":3,"minecraft:enderman":17},"minecraft:crafted":{"minecraft:oak_planks":388,"minecraft:cobblestone_slab":1376,"minecraft:oak_sign":9,"minecraft:cut_sandstone_slab":60,"minecraft:stone":3,"minecraft:lever":2,"minecraft:diamond_helmet":3,"minecraft:diamond_leggings":4,"minecraft:bow":51,"minecraft:chest":8,"minecraft:stone_hoe":3,"minecraft:oak_fence":12,"minecraft:emerald":640,"minecraft:cooked_porkchop":8,"minecraft:diamond_axe":1,"minecraft:crafting_table":15,"minecraft:wooden_pickaxe":3,"minecraft:baked_potato":132,"minecraft:iron_helmet":1,"minecraft:hay_block":37,"minecraft:birch_planks":44,"minecraft:dispenser":3,"minecraft:wooden_hoe":1,"minecraft:paper":4569,"minecraft:diamond_pickaxe":2,"minecraft:charcoal":38,"minecraft:shield":6,"minecraft:stick":224,"minecraft:iron_ingot":93,"minecraft:iron_pickaxe":1,"minecraft:iron_block":6,"minecraft:stone_sword":20,"minecraft:gold_ingot":128,"minecraft:composter":1,"minecraft:stone_shovel":11,"minecraft:piston":1,"minecraft:dark_oak_trapdoor":2,"minecraft:dark_oak_sign":6,"minecraft:bone_meal":4977,"minecraft:oak_trapdoor":34,"minecraft:flint_and_steel":1,"minecraft:ladder":3,"minecraft:stone_pickaxe":17,"minecraft:cobblestone_wall":78,"minecraft:diamond_boots":4,"minecraft:dark_oak_planks":36,"minecraft:wheat":9,"minecraft:diamond_sword":3,"minecraft:sandstone_slab":18,"minecraft:bucket":5,"minecraft:stone_axe":7,"minecraft:enchanted_book":7,"minecraft:bread":207,"minecraft:air":0,"minecraft:jungle_planks":4,"minecraft:oak_fence_gate":1,"minecraft:oak_boat":1,"minecraft:smooth_sandstone_slab":78,"minecraft:golden_apple":16,"minecraft:stonecutter":1,"minecraft:anvil":2,"minecraft:torch":312,"minecraft:diamond_chestplate":3},"minecraft:used":{"minecraft:beetroot":1,"minecraft:ladder":3,"minecraft:dispenser":4,"minecraft:poppy":2,"minecraft:oak_sign":6,"minecraft:chest":13,"minecraft:shield":48,"minecraft:smooth_sandstone_stairs":6,"minecraft:rotten_flesh":69,"minecraft:carrot":198,"minecraft:azure_bluet":2,"minecraft:obsidian":6,"minecraft:lava_bucket":4,"minecraft:grass_block":5,"minecraft:orange_shulker_box":9,"minecraft:bow":112,"minecraft:hay_block":1,"minecraft:written_book":1,"minecraft:furnace":6,"minecraft:beetroot_seeds":3,"minecraft:egg":23,"minecraft:potato":2951,"minecraft:stone_pickaxe":1557,"minecraft:dark_oak_sign":3,"minecraft:oak_planks":54,"minecraft:ender_pearl":1,"minecraft:diamond_axe":1562,"minecraft:wooden_pickaxe":113,"minecraft:sandstone":333,"minecraft:composter":2,"minecraft:sugar_cane":330,"minecraft:white_wool":1,"minecraft:golden_apple":11,"minecraft:dark_oak_trapdoor":2,"minecraft:sand":29,"minecraft:cut_sandstone_slab":66,"minecraft:blast_furnace":1,"minecraft:lever":4,"minecraft:gray_shulker_box":6,"minecraft:bread":104,"minecraft:melon_slice":5,"minecraft:diamond_sword":2270,"minecraft:oak_boat":11,"minecraft:chest_minecart":1,"minecraft:bone_meal":5249,"minecraft:cobweb":20,"minecraft:oak_fence":13,"minecraft:oak_trapdoor":33,"minecraft:rose_bush":1,"minecraft:stone_sword":1546,"minecraft:flint_and_steel":2,"minecraft:stone_shovel":1153,"minecraft:redstone":9,"minecraft:stone_hoe":122,"minecraft:cooked_chicken":7,"minecraft:torch":360,"minecraft:anvil":2,"minecraft:dirt":2354,"minecraft:cobblestone_wall":235,"minecraft:granite":2,"minecraft:oak_fence_gate":1,"minecraft:stone_brick_slab":1,"minecraft:wooden_axe":11,"minecraft:dark_oak_planks":3,"minecraft:iron_axe":12,"minecraft:smooth_sandstone":258,"minecraft:smooth_quartz":6,"minecraft:totem_of_undying":1,"minecraft:cooked_beef":8,"minecraft:beetroot_soup":2,"minecraft:wheat_seeds":1278,"minecraft:water_bucket":423,"minecraft:birch_planks":1,"minecraft:glass_bottle":2,"minecraft:baked_potato":233,"minecraft:smooth_sandstone_slab":125,"minecraft:cut_sandstone":96,"minecraft:stonecutter":1,"minecraft:cobblestone_slab":2264,"minecraft:orange_carpet":31,"minecraft:stripped_dark_oak_log":1,"minecraft:crafting_table":21,"minecraft:red_bed":1,"minecraft:white_bed":1,"minecraft:painting":9,"minecraft:smoker":4,"minecraft:piston":2,"minecraft:oak_log":1,"minecraft:flower_pot":1,"minecraft:wooden_hoe":11,"minecraft:diamond_pickaxe":2874,"minecraft:iron_pickaxe":251,"minecraft:stone_axe":292,"minecraft:chiseled_stone_bricks":3,"minecraft:cobblestone":676,"minecraft:potion":5,"minecraft:cooked_porkchop":17,"minecraft:sandstone_slab":27,"minecraft:bucket":431,"minecraft:dandelion":6,"minecraft:diamond_leggings":1,"minecraft:birch_stairs":2},"minecraft:dropped":{"minecraft:cooked_beef":6,"minecraft:baked_potato":30,"minecraft:glass_bottle":2,"minecraft:diamond":3,"minecraft:cooked_porkchop":3,"minecraft:leather":2,"minecraft:rail":6,"minecraft:cut_sandstone_slab":6,"minecraft:emerald":3,"minecraft:dirt":246,"minecraft:orange_carpet":2,"minecraft:crimson_roots":1,"minecraft:gold_nugget":7,"minecraft:bone_meal":170,"minecraft:phantom_membrane":10,"minecraft:iron_pickaxe":1,"minecraft:birch_stairs":2,"minecraft:bone":51,"minecraft:stone_axe":2,"minecraft:sugar_cane":3,"minecraft:cooked_chicken":24,"minecraft:cobbled_deepslate":1,"minecraft:wheat":83,"minecraft:rotten_flesh":26,"minecraft:oak_planks":2,"minecraft:cooked_mutton":7,"minecraft:carrot":37,"minecraft:charcoal":3,"minecraft:birch_door":2,"minecraft:arrow":506,"minecraft:written_book":2,"minecraft:firework_rocket":7,"minecraft:egg":3,"minecraft:enchanted_book":6,"minecraft:water_bucket":1,"minecraft:bread":254,"minecraft:wheat_seeds":231,"minecraft:diamond_leggings":5,"minecraft:cobblestone":205,"minecraft:lead":2,"minecraft:apple":2,"minecraft:grass_block":3,"minecraft:golden_apple":12,"minecraft:coal":8,"minecraft:stick":3,"minecraft:diorite":3,"minecraft:torch":21,"minecraft:smooth_quartz":18,"minecraft:diamond_helmet":2,"minecraft:music_disc_wait":1,"minecraft:string":49,"minecraft:smooth_sandstone":9,"minecraft:gray_carpet":20,"minecraft:dandelion":1,"minecraft:redstone":60,"minecraft:stone_sword":4,"minecraft:bowl":1,"minecraft:stone_shovel":1,"minecraft:totem_of_undying":1,"minecraft:flint_and_steel":2,"minecraft:diamond_sword":5,"minecraft:potato":1,"minecraft:cobblestone_slab":27,"minecraft:shield":3,"minecraft:diamond_chestplate":9,"minecraft:diamond_pickaxe":4,"minecraft:andesite":3,"minecraft:oak_sapling":7,"minecraft:diamond_boots":2,"minecraft:sandstone":17,"minecraft:blue_orchid":1,"minecraft:bow":13,"minecraft:stone_pickaxe":2},"minecraft:killed_by":{"minecraft:creeper":3,"minecraft:cave_spider":1,"minecraft:witch":1,"minecraft:zombie":8,"minecraft:husk":4,"minecraft:enderman":1,"minecraft:skeleton":8},"minecraft:picked_up":{"minecraft:birch_door":83,"minecraft:wheat":533,"minecraft:flower_pot":3,"minecraft:lead":10,"minecraft:diamond_sword":5,"minecraft:oak_stairs":49,"minecraft:potion":6,"minecraft:wither_rose":1,"minecraft:enchanted_book":3,"minecraft:stone_brick_stairs":1,"minecraft:brewing_stand":9,"minecraft:amethyst_block":4,"minecraft:music_disc_cat":1,"minecraft:string":183,"minecraft:dark_oak_trapdoor":1,"minecraft:cooked_salmon":10,"minecraft:smooth_stone_slab":42,"minecraft:beetroot_soup":6,"minecraft:smooth_red_sandstone_slab":3,"minecraft:oak_sign":4,"minecraft:diamond_leggings":2,"minecraft:tnt_minecart":1,"minecraft:gold_nugget":17,"minecraft:cobbled_deepslate":7,"minecraft:bucket":19,"minecraft:white_tulip":1,"minecraft:redstone_torch":2,"minecraft:written_book":1,"minecraft:rose_bush":1,"minecraft:cobblestone_slab":732,"minecraft:iron_pickaxe":1,"minecraft:smooth_quartz":24,"minecraft:melon_slice":53,"minecraft:furnace":10,"minecraft:stick":140,"minecraft:orange_shulker_box":11,"minecraft:composter":1,"minecraft:birch_trapdoor":139,"minecraft:oak_fence":3,"minecraft:torch":235,"minecraft:sandstone_wall":9,"minecraft:porkchop":3,"minecraft:diorite":3,"minecraft:light_gray_banner":2,"minecraft:gray_shulker_box":7,"minecraft:cauldron":9,"minecraft:brown_carpet":510,"minecraft:stone_sword":25,"minecraft:rotten_flesh":1324,"minecraft:red_sandstone_slab":3,"minecraft:red_tulip":2,"minecraft:music_disc_wait":2,"minecraft:obsidian":10,"minecraft:iron_bars":2,"minecraft:cobblestone":3656,"minecraft:birch_log":11,"minecraft:feather":4,"minecraft:cooked_beef":14,"minecraft:birch_slab":24,"minecraft:jungle_log":1,"minecraft:andesite":10,"minecraft:orange_carpet":100,"minecraft:smoker":4,"minecraft:potato":9387,"minecraft:stripped_birch_log":925,"minecraft:smooth_sandstone_stairs":48,"minecraft:dirt":2433,"minecraft:map":1,"minecraft:lapis_lazuli":174,"minecraft:cut_sandstone_slab":12,"minecraft:bone":1626,"minecraft:bow":118,"minecraft:wheat_seeds":1654,"minecraft:raw_gold":289,"minecraft:dark_oak_sign":3,"minecraft:rabbit":1,"minecraft:diamond_helmet":1,"minecraft:bamboo":34,"minecraft:glowstone_dust":2,"minecraft:stone_hoe":12,"minecraft:oak_planks":28,"minecraft:cooked_porkchop":30,"minecraft:red_sandstone_wall":5,"minecraft:poisonous_potato":49,"minecraft:sand":109,"minecraft:grass_block":6,"minecraft:barrel":6,"minecraft:spruce_fence_gate":28,"minecraft:yellow_carpet":27,"minecraft:dispenser":1,"minecraft:blue_terracotta":3,"minecraft:sugar":2,"minecraft:diamond":45,"minecraft:lever":2,"minecraft:crossbow":7,"minecraft:granite":8,"minecraft:bone_meal":82,"minecraft:golden_apple":4,"minecraft:emerald":123,"minecraft:bread":528,"minecraft:oak_sapling":59,"minecraft:netherrack":49,"minecraft:crimson_roots":1,"minecraft:diamond_pickaxe":3,"minecraft:charcoal":26,"minecraft:crafting_table":25,"minecraft:azure_bluet":2,"minecraft:sandstone_slab":11,"minecraft:ominous_bottle":9,"minecraft:chicken":1,"minecraft:chest_minecart":1,"minecraft:shield":10,"minecraft:cornflower":3,"minecraft:oak_trapdoor":3,"minecraft:red_bed":1,"minecraft:iron_axe":6,"minecraft:flint_and_steel":5,"minecraft:quartz_slab":14,"minecraft:item_frame":9,"minecraft:blue_orchid":1,"minecraft:music_disc_otherside":1,"minecraft:oak_boat":14,"minecraft:piston":1,"minecraft:poppy":21,"minecraft:chest":53,"minecraft:sugar_cane":4942,"minecraft:birch_sapling":12,"minecraft:phantom_membrane":11,"minecraft:egg":40,"minecraft:raw_iron":101,"minecraft:sandstone":395,"minecraft:oak_door":7,"minecraft:cookie":5,"minecraft:carrot":669,"minecraft:redstone":182,"minecraft:dark_oak_planks":2,"minecraft:smooth_sandstone_slab":50,"minecraft:stone_shovel":11,"minecraft:arrow":1664,"minecraft:diamond_chestplate":4,"minecraft:shears":2,"minecraft:diamond_boots":1,"minecraft:hay_block":1,"minecraft:gold_ingot":7,"minecraft:totem_of_undying":9,"minecraft:mutton":1,"minecraft:white_wool":41,"minecraft:rail":6,"minecraft:oxeye_daisy":2,"minecraft:smooth_red_sandstone":9,"minecraft:tripwire_hook":8,"minecraft:leather":5,"minecraft:cut_sandstone":142,"minecraft:birch_planks":113,"minecraft:oak_log":115,"minecraft:cobblestone_wall":344,"minecraft:nether_wart_block":1,"minecraft:gunpowder":278,"minecraft:paper":55,"minecraft:white_banner":11,"minecraft:orange_terracotta":11,"minecraft:cooked_mutton":9,"minecraft:smooth_sandstone":274,"minecraft:stone_bricks":4,"minecraft:apple":41,"minecraft:gray_carpet":104,"minecraft:stone_pickaxe":13,"minecraft:iron_ingot":8,"minecraft:cooked_chicken":49,"minecraft:cobweb":68,"minecraft:glass_bottle":2,"minecraft:oak_slab":10,"minecraft:book":144,"minecraft:chiseled_stone_bricks":3,"minecraft:dandelion":118,"minecraft:stone_brick_slab":1,"minecraft:quartz":9,"minecraft:birch_stairs":139,"minecraft:red_banner":14,"minecraft:blast_furnace":1,"minecraft:white_bed":1,"minecraft:spider_eye":64,"minecraft:firework_rocket":21,"minecraft:stone_axe":21,"minecraft:painting":23,"minecraft:baked_potato":5,"minecraft:stripped_dark_oak_log":60,"minecraft:coal":79,"minecraft:ender_pearl":13},"minecraft:mined":{"minecraft:dark_oak_planks":2,"minecraft:cut_sandstone_slab":15,"minecraft:white_bed":1,"minecraft:jungle_leaves":1,"minecraft:brewing_stand":9,"minecraft:obsidian":10,"minecraft:granite":1,"minecraft:grass_block":288,"minecraft:composter":1,"minecraft:oxeye_daisy":1,"minecraft:chiseled_stone_bricks":3,"minecraft:spawner":3,"minecraft:light_blue_stained_glass":2,"minecraft:dark_oak_trapdoor":1,"minecraft:barrel":6,"minecraft:fire":18,"minecraft:iron_ore":62,"minecraft:deepslate_lapis_ore":4,"minecraft:azure_bluet":1,"minecraft:smooth_red_sandstone":9,"minecraft:water_cauldron":9,"minecraft:quartz_slab":14,"minecraft:oak_stairs":51,"minecraft:iron_bars":2,"minecraft:smooth_sandstone_stairs":43,"minecraft:sandstone_slab":10,"minecraft:cut_sandstone":132,"minecraft:red_bed":1,"minecraft:smoker":4,"minecraft:orange_terracotta":12,"minecraft:soul_fire":2,"minecraft:torch":49,"minecraft:blast_furnace":1,"minecraft:poppy":9,"minecraft:melon":3,"minecraft:chest":53,"minecraft:nether_quartz_ore":11,"minecraft:smooth_quartz_slab":1,"minecraft:cobblestone":247,"minecraft:sugar_cane":2133,"minecraft:oak_planks":12,"minecraft:smooth_sandstone_slab":51,"minecraft:wall_torch":34,"minecraft:amethyst_block":4,"minecraft:seagrass":1,"minecraft:blue_terracotta":2,"minecraft:nether_wart_block":1,"minecraft:wheat":545,"minecraft:birch_log":11,"minecraft:birch_trapdoor":139,"minecraft:birch_door":83,"minecraft:stone_brick_stairs":1,"minecraft:smooth_stone_slab":42,"minecraft:oak_log":95,"minecraft:diorite_wall":1,"minecraft:smooth_quartz":24,"minecraft:sand":32,"minecraft:dirt":1189,"minecraft:sandstone_wall":7,"minecraft:potted_red_tulip":2,"minecraft:tripwire_hook":2,"minecraft:dispenser":1,"minecraft:netherrack":53,"minecraft:piston":1,"minecraft:oak_leaves":44,"minecraft:deepslate":6,"minecraft:diamond_ore":24,"minecraft:potted_wither_rose":1,"minecraft:deepslate_diamond_ore":2,"minecraft:oak_door":7,"minecraft:stripped_birch_log":925,"minecraft:gray_shulker_box":7,"minecraft:lever":1,"minecraft:orange_shulker_box":11,"minecraft:redstone_wire":9,"minecraft:birch_slab":24,"minecraft:sandstone":344,"minecraft:large_fern":1,"minecraft:hay_block":1,"minecraft:redstone_ore":26,"minecraft:oak_trapdoor":3,"minecraft:furnace":10,"minecraft:carrots":145,"minecraft:andesite":7,"minecraft:bookshelf":16,"minecraft:potatoes":2627,"minecraft:cobblestone_slab":422,"minecraft:vine":3,"minecraft:rail":2,"minecraft:stone":2547,"minecraft:white_wool":41,"minecraft:oak_slab":10,"minecraft:birch_stairs":136,"minecraft:red_sandstone_slab":3,"minecraft:brown_carpet":23,"minecraft:stripped_dark_oak_log":32,"minecraft:stone_brick_slab":1,"minecraft:dandelion":5,"minecraft:oak_fence":3,"minecraft:smooth_sandstone":288,"minecraft:crafting_table":13,"minecraft:cornflower":1,"minecraft:short_grass":209,"minecraft:emerald_ore":9,"minecraft:light_gray_wall_banner":2,"minecraft:smooth_red_sandstone_slab":3,"minecraft:tall_grass":127,"minecraft:deepslate_gold_ore":3,"minecraft:lapis_ore":14,"minecraft:diorite":3,"minecraft:orange_carpet":4,"minecraft:black_stained_glass":1,"minecraft:birch_planks":99,"minecraft:cobblestone_wall":30,"minecraft:dark_oak_wall_sign":1,"minecraft:ice":2,"minecraft:birch_leaves":1,"minecraft:red_sandstone_wall":3,"minecraft:dark_oak_sign":1,"minecraft:coal_ore":56,"minecraft:gray_carpet":32,"minecraft:cobweb":66,"minecraft:spruce_fence_gate":28,"minecraft:stone_bricks":4,"minecraft:gold_ore":140,"minecraft:deepslate_emerald_ore":1},"minecraft:broken":{"minecraft:diamond_helmet":1,"minecraft:stone_pickaxe":8,"minecraft:diamond_boots":2,"minecraft:stone_axe":1,"minecraft:stone_shovel":6,"minecraft:diamond_chestplate":1,"minecraft:stone_sword":5,"minecraft:diamond_leggings":1,"minecraft:stone_hoe":1,"minecraft:wooden_pickaxe":1,"minecraft:diamond_axe":1,"minecraft:iron_axe":1,"minecraft:iron_pickaxe":1,"minecraft:iron_helmet":1}},"DataVersion":3955}