{"stats":{"minecraft:crafted":{"minecraft:ender_chest":3,"minecraft:oak_sign":9,"minecraft:cut_sandstone_slab":60,"minecraft:lever":2,"minecraft:diamond_helmet":5,"minecraft:diamond_leggings":7,"minecraft:emerald":640,"minecraft:cooked_porkchop":8,"minecraft:soul_campfire":22,"minecraft:diamond_axe":2,"minecraft:hay_block":37,"minecraft:wooden_hoe":1,"minecraft:iron_pickaxe":3,"minecraft:iron_block":6,"minecraft:gold_ingot":128,"minecraft:composter":1,"minecraft:stone_shovel":11,"minecraft:bone_meal":4977,"minecraft:ladder":3,"minecraft:stone_pickaxe":28,"minecraft:diamond_boots":7,"minecraft:dark_oak_planks":36,"minecraft:wheat":9,"minecraft:sandstone_slab":18,"minecraft:enchanted_book":7,"minecraft:oak_fence_gate":1,"minecraft:golden_apple":16,"minecraft:oak_planks":388,"minecraft:cobblestone_slab":1376,"minecraft:crimson_sign":66,"minecraft:stone":3,"minecraft:bow":51,"minecraft:chest":8,"minecraft:stone_hoe":3,"minecraft:oak_fence":12,"minecraft:crafting_table":15,"minecraft:spruce_planks":4,"minecraft:wooden_pickaxe":3,"minecraft:baked_potato":260,"minecraft:iron_helmet":1,"minecraft:birch_planks":44,"minecraft:dispenser":3,"minecraft:paper":4569,"minecraft:diamond_pickaxe":2,"minecraft:charcoal":99,"minecraft:shield":6,"minecraft:stick":576,"minecraft:iron_ingot":101,"minecraft:stone_sword":22,"minecraft:piston":1,"minecraft:dark_oak_trapdoor":2,"minecraft:dark_oak_sign":6,"minecraft:oak_trapdoor":34,"minecraft:flint_and_steel":1,"minecraft:scaffolding":78,"minecraft:iron_axe":4,"minecraft:cobblestone_wall":78,"minecraft:smooth_quartz_slab":108,"minecraft:birch_sign":6,"minecraft:crimson_planks":264,"minecraft:diamond_sword":3,"minecraft:bucket":6,"minecraft:stone_axe":8,"minecraft:bread":207,"minecraft:air":0,"minecraft:jungle_planks":4,"minecraft:oak_boat":1,"minecraft:smooth_sandstone_slab":78,"minecraft:stonecutter":1,"minecraft:anvil":2,"minecraft:torch":324,"minecraft:diamond_chestplate":6},"minecraft:broken":{"minecraft:diamond_helmet":2,"minecraft:stone_sword":6,"minecraft:diamond_leggings":4,"minecraft:stone_hoe":1,"minecraft:wooden_pickaxe":1,"minecraft:iron_axe":10,"minecraft:iron_pickaxe":2,"minecraft:iron_helmet":1,"minecraft:stone_pickaxe":10,"minecraft:diamond_boots":3,"minecraft:stone_axe":1,"minecraft:stone_shovel":6,"minecraft:diamond_chestplate":3,"minecraft:diamond_axe":1},"minecraft:killed":{"minecraft:cave_spider":11,"minecraft:skeleton":1222,"minecraft:chicken":2,"minecraft:magma_cube":16,"minecraft:pillager":1158,"minecraft:zombie":206,"minecraft:cow":3,"minecraft:evoker":25,"minecraft:vindicator":284,"minecraft:husk":325,"minecraft:enderman":17,"minecraft:witch":6,"minecraft:spider":124,"minecraft:piglin":18,"minecraft:zombie_villager":9,"minecraft:creeper":151,"minecraft:trader_llama":1,"minecraft:vex":32,"minecraft:phantom":11,"minecraft:hoglin":7},"minecraft:picked_up":{"minecraft:birch_door":319,"minecraft:flower_pot":3,"minecraft:diamond_sword":18,"minecraft:lead":10,"minecraft:oak_stairs":49,"minecraft:wither_rose":1,"minecraft:enchanted_book":3,"minecraft:brewing_stand":9,"minecraft:amethyst_block":4,"minecraft:music_disc_cat":1,"minecraft:string":187,"minecraft:dark_oak_trapdoor":1,"minecraft:soul_soil":48,"minecraft:cooked_salmon":10,"minecraft:beetroot_soup":6,"minecraft:diamond_leggings":11,"minecraft:gold_nugget":17,"minecraft:cobbled_deepslate":7,"minecraft:spruce_planks":146,"minecraft:written_book":1,"minecraft:melon_slice":53,"minecraft:dark_oak_door":1,"minecraft:crimson_sign":1,"minecraft:composter":1,"minecraft:sandstone_wall":9,"minecraft:gray_shulker_box":10,"minecraft:cauldron":18,"minecraft:brown_carpet":510,"minecraft:stone_sword":26,"minecraft:red_tulip":2,"minecraft:iron_bars":48,"minecraft:birch_log":11,"minecraft:magma_block":106,"minecraft:feather":4,"minecraft:cooked_beef":26,"minecraft:water_bucket":11,"minecraft:iron_door":11,"minecraft:birch_slab":50,"minecraft:jungle_log":1,"minecraft:smoker":4,"minecraft:flint":76,"minecraft:map":1,"minecraft:gray_concrete":1,"minecraft:dark_oak_sign":3,"minecraft:rabbit":1,"minecraft:diamond_helmet":10,"minecraft:glowstone_dust":4,"minecraft:warped_wart_block":1,"minecraft:stripped_crimson_stem":1,"minecraft:barrel":19,"minecraft:dispenser":1,"minecraft:blue_terracotta":3,"minecraft:lever":3,"minecraft:writable_book":1,"minecraft:granite":8,"minecraft:bread":534,"minecraft:crimson_roots":20,"minecraft:diamond_pickaxe":10,"minecraft:crafting_table":26,"minecraft:sandstone_slab":11,"minecraft:ominous_bottle":166,"minecraft:cornflower":3,"minecraft:red_bed":1,"minecraft:flint_and_steel":8,"minecraft:white_carpet":1,"minecraft:music_disc_otherside":1,"minecraft:iron_nugget":6,"minecraft:poppy":23,"minecraft:chest":166,"minecraft:birch_sapling":12,"minecraft:piston":1,"minecraft:egg":43,"minecraft:sandstone":395,"minecraft:oak_door":7,"minecraft:cake":5,"minecraft:carrot":669,"minecraft:redstone":190,"minecraft:diamond_chestplate":12,"minecraft:stone_shovel":11,"minecraft:beetroot_seeds":1,"minecraft:peony":2,"minecraft:shears":2,"minecraft:diamond_boots":6,"minecraft:hay_block":3,"minecraft:gold_ingot":7,"minecraft:totem_of_undying":78,"minecraft:mutton":1,"minecraft:white_wool":377,"minecraft:rail":6,"minecraft:oxeye_daisy":4,"minecraft:yellow_shulker_box":2,"minecraft:smooth_red_sandstone":9,"minecraft:tripwire_hook":8,"minecraft:oak_log":115,"minecraft:paper":55,"minecraft:white_banner":256,"minecraft:apple":47,"minecraft:stone_bricks":4,"minecraft:kelp":212,"minecraft:warped_stem":25,"minecraft:stone_pickaxe":24,"minecraft:cobweb":68,"minecraft:glass_bottle":13,"minecraft:gravel":642,"minecraft:birch_stairs":450,"minecraft:spruce_log":4,"minecraft:diamond_shovel":20,"minecraft:firework_rocket":21,"minecraft:stone_axe":21,"minecraft:diamond_axe":10,"minecraft:painting":23,"minecraft:birch_sign":3,"minecraft:baked_potato":363,"minecraft:stripped_dark_oak_log":60,"minecraft:smooth_quartz_slab":33,"minecraft:ender_pearl":17,"minecraft:wheat":606,"minecraft:light_gray_shulker_box":17,"minecraft:potion":9,"minecraft:stone_brick_stairs":1,"minecraft:smooth_stone_slab":42,"minecraft:oak_sign":4,"minecraft:smooth_red_sandstone_slab":3,"minecraft:tnt_minecart":1,"minecraft:black_shulker_box":31,"minecraft:smooth_stone":12,"minecraft:bucket":25,"minecraft:white_tulip":4,"minecraft:rose_bush":1,"minecraft:redstone_torch":2,"minecraft:cobblestone_slab":795,"minecraft:iron_pickaxe":7,"minecraft:smooth_quartz":10899,"minecraft:smooth_quartz_stairs":26,"minecraft:furnace":12,"minecraft:stick":214,"minecraft:orange_shulker_box":33,"minecraft:birch_trapdoor":535,"minecraft:oak_fence":3,"minecraft:torch":1389,"minecraft:porkchop":9,"minecraft:diorite":3,"minecraft:light_gray_banner":2,"minecraft:quartz_block":4,"minecraft:rotten_flesh":1324,"minecraft:red_sandstone_slab":3,"minecraft:music_disc_wait":2,"minecraft:obsidian":257,"minecraft:cobblestone":4726,"minecraft:andesite":10,"minecraft:orange_carpet":229,"minecraft:potato":9399,"minecraft:smooth_sandstone_stairs":48,"minecraft:stripped_birch_log":925,"minecraft:dirt":2747,"minecraft:lapis_lazuli":174,"minecraft:green_shulker_box":4,"minecraft:cut_sandstone_slab":12,"minecraft:bone":1632,"minecraft:bow":124,"minecraft:wheat_seeds":1756,"minecraft:raw_gold":289,"minecraft:bamboo":132,"minecraft:oak_planks":29,"minecraft:stone_hoe":12,"minecraft:diorite_wall":9,"minecraft:cooked_porkchop":244,"minecraft:red_sandstone_wall":5,"minecraft:poisonous_potato":49,"minecraft:sand":109,"minecraft:nether_brick_stairs":1,"minecraft:grass_block":6,"minecraft:shulker_box":19,"minecraft:light_gray_concrete":5,"minecraft:spruce_fence_gate":28,"minecraft:sugar":2,"minecraft:yellow_carpet":27,"minecraft:light_blue_terracotta":7,"minecraft:diamond":45,"minecraft:crossbow":170,"minecraft:bone_meal":82,"minecraft:emerald":649,"minecraft:golden_apple":9,"minecraft:oak_sapling":59,"minecraft:netherrack":78,"minecraft:lingering_potion":2,"minecraft:charcoal":26,"minecraft:azure_bluet":2,"minecraft:splash_potion":6,"minecraft:chicken":1,"minecraft:chest_minecart":1,"minecraft:wooden_pickaxe":1,"minecraft:stone_brick_wall":27,"minecraft:shield":10,"minecraft:oak_trapdoor":3,"minecraft:iron_axe":41,"minecraft:item_frame":12,"minecraft:quartz_slab":31,"minecraft:blue_orchid":1,"minecraft:oak_boat":14,"minecraft:blue_shulker_box":2,"minecraft:sugar_cane":4945,"minecraft:phantom_membrane":11,"minecraft:spruce_trapdoor":8,"minecraft:dark_oak_sapling":10,"minecraft:raw_iron":109,"minecraft:cookie":18,"minecraft:stone_pressure_plate":4,"minecraft:dark_oak_planks":4,"minecraft:smooth_sandstone_slab":50,"minecraft:arrow":2690,"minecraft:weeping_vines":5,"minecraft:red_shulker_box":7,"minecraft:skeleton_skull":1,"minecraft:soul_campfire":3,"minecraft:crimson_stem":122,"minecraft:cut_sandstone":143,"minecraft:leather":10,"minecraft:birch_planks":238,"minecraft:crimson_fungus":1,"minecraft:cobblestone_wall":344,"minecraft:nether_wart_block":6,"minecraft:gunpowder":278,"minecraft:orange_terracotta":11,"minecraft:cooked_mutton":9,"minecraft:smooth_sandstone":274,"minecraft:gray_carpet":1375,"minecraft:iron_ingot":13,"minecraft:cooked_chicken":70,"minecraft:soul_sand":76,"minecraft:book":202,"minecraft:scaffolding":259,"minecraft:oak_slab":10,"minecraft:chiseled_stone_bricks":3,"minecraft:stone_brick_slab":1,"minecraft:dandelion":118,"minecraft:quartz":9,"minecraft:lava_bucket":3,"minecraft:red_banner":14,"minecraft:blast_furnace":1,"minecraft:white_bed":2,"minecraft:spider_eye":64,"minecraft:coal":96},"minecraft:custom":{"minecraft:interact_with_crafting_table":227,"minecraft:open_barrel":19,"minecraft:eat_cake_slice":7,"minecraft:leave_game":24,"minecraft:time_since_death":10508,"minecraft:damage_blocked_by_shield":1442,"minecraft:play_time":2581125,"minecraft:deaths":61,"minecraft:jump":39264,"minecraft:interact_with_furnace":79,"minecraft:play_record":2,"minecraft:traded_with_villager":658,"minecraft:interact_with_cartography_table":2,"minecraft:sleep_in_bed":17,"minecraft:damage_dealt":449500,"minecraft:interact_with_smoker":64,"minecraft:inspect_dispenser":4,"minecraft:interact_with_anvil":13,"minecraft:sneak_time":384156,"minecraft:interact_with_blast_furnace":59,"minecraft:total_world_time":2581125,"minecraft:interact_with_stonecutter":16,"minecraft:time_since_rest":10556,"minecraft:swim_one_cm":374875,"minecraft:fly_one_cm":7956642,"minecraft:open_chest":2023,"minecraft:fall_one_cm":504325,"minecraft:animals_bred":19,"minecraft:open_shulker_box":770,"minecraft:sprint_one_cm":7088149,"minecraft:drop":273,"minecraft:talked_to_villager":249,"minecraft:interact_with_brewingstand":8,"minecraft:walk_on_water_one_cm":751102,"minecraft:open_enderchest":12,"minecraft:crouch_one_cm":1724954,"minecraft:mob_kills":4035,"minecraft:climb_one_cm":36005,"minecraft:walk_one_cm":5781106,"minecraft:walk_under_water_one_cm":281509,"minecraft:pot_flower":1,"minecraft:damage_absorbed":2333,"minecraft:damage_taken":56508},"minecraft:dropped":{"minecraft:ominous_bottle":6,"minecraft:cooked_beef":6,"minecraft:glass_bottle":2,"minecraft:diamond":3,"minecraft:cooked_porkchop":4,"minecraft:crossbow":17,"minecraft:rail":6,"minecraft:cut_sandstone_slab":6,"minecraft:emerald":3,"minecraft:dirt":250,"minecraft:gold_nugget":7,"minecraft:bone_meal":170,"minecraft:phantom_membrane":10,"minecraft:iron_pickaxe":2,"minecraft:white_wool":1,"minecraft:birch_stairs":2,"minecraft:bone":51,"minecraft:stone_axe":2,"minecraft:sugar_cane":3,"minecraft:iron_nugget":6,"minecraft:cooked_chicken":24,"minecraft:cobbled_deepslate":1,"minecraft:wheat":83,"minecraft:rotten_flesh":26,"minecraft:oak_planks":2,"minecraft:charcoal":3,"minecraft:egg":3,"minecraft:enchanted_book":6,"minecraft:wheat_seeds":233,"minecraft:cobblestone":209,"minecraft:apple":2,"minecraft:coal":8,"minecraft:golden_apple":13,"minecraft:diamond_helmet":3,"minecraft:white_banner":16,"minecraft:string":51,"minecraft:smooth_sandstone":9,"minecraft:gray_carpet":20,"minecraft:stone_sword":4,"minecraft:bowl":1,"minecraft:stone_shovel":1,"minecraft:light_gray_concrete":1,"minecraft:diamond_sword":7,"minecraft:cobblestone_slab":27,"minecraft:potato":1,"minecraft:peony":1,"minecraft:spruce_planks":2,"minecraft:diamond_pickaxe":6,"minecraft:sandstone":17,"minecraft:blue_orchid":1,"minecraft:bow":14,"minecraft:birch_planks":2,"minecraft:diamond_axe":1,"minecraft:baked_potato":116,"minecraft:leather":2,"minecraft:orange_carpet":2,"minecraft:crimson_roots":14,"minecraft:cooked_mutton":7,"minecraft:carrot":37,"minecraft:beetroot_seeds":1,"minecraft:birch_door":2,"minecraft:arrow":698,"minecraft:written_book":2,"minecraft:splash_potion":1,"minecraft:firework_rocket":7,"minecraft:water_bucket":1,"minecraft:bread":254,"minecraft:diamond_leggings":7,"minecraft:lead":2,"minecraft:grass_block":3,"minecraft:stick":3,"minecraft:diorite":3,"minecraft:torch":86,"minecraft:nether_wart_block":1,"minecraft:smooth_quartz":164,"minecraft:iron_axe":1,"minecraft:music_disc_wait":1,"minecraft:dandelion":1,"minecraft:redstone":60,"minecraft:totem_of_undying":8,"minecraft:flint_and_steel":2,"minecraft:shield":3,"minecraft:diamond_chestplate":11,"minecraft:andesite":3,"minecraft:oak_sapling":7,"minecraft:diamond_boots":4,"minecraft:stone_pickaxe":2},"minecraft:mined":{"minecraft:dark_oak_planks":3,"minecraft:cut_sandstone_slab":15,"minecraft:red_shulker_box":5,"minecraft:white_bed":2,"minecraft:jungle_leaves":1,"minecraft:obsidian":62,"minecraft:granite":1,"minecraft:stone_brick_wall":28,"minecraft:oxeye_daisy":1,"minecraft:chiseled_stone_bricks":3,"minecraft:spawner":3,"minecraft:light_blue_stained_glass":8,"minecraft:weeping_vines_plant":3,"minecraft:magma_block":96,"minecraft:dark_oak_trapdoor":1,"minecraft:fire":18,"minecraft:barrel":19,"minecraft:deepslate_lapis_ore":4,"minecraft:nether_brick_stairs":1,"minecraft:smooth_red_sandstone":9,"minecraft:water_cauldron":18,"minecraft:dirt_path":76,"minecraft:quartz_slab":31,"minecraft:oak_stairs":51,"minecraft:light_gray_concrete":2,"minecraft:smooth_sandstone_stairs":43,"minecraft:sandstone_slab":10,"minecraft:cut_sandstone":133,"minecraft:red_bed":1,"minecraft:kelp_plant":28,"minecraft:smoker":4,"minecraft:crimson_nylium":11,"minecraft:soul_fire":2,"minecraft:torch":71,"minecraft:blast_furnace":1,"minecraft:melon":3,"minecraft:dead_bush":1,"minecraft:smooth_quartz_slab":39,"minecraft:sugar_cane":2134,"minecraft:smooth_sandstone_slab":51,"minecraft:amethyst_block":4,"minecraft:wheat":579,"minecraft:birch_door":318,"minecraft:stone_brick_stairs":1,"minecraft:smooth_quartz":5977,"minecraft:sandstone_wall":7,"minecraft:blue_shulker_box":2,"minecraft:piston":1,"minecraft:deepslate":6,"minecraft:stripped_birch_log":925,"minecraft:shulker_box":16,"minecraft:crimson_roots":15,"minecraft:orange_shulker_box":31,"minecraft:redstone_wire":9,"minecraft:kelp":29,"minecraft:redstone_ore":26,"minecraft:andesite":7,"minecraft:potatoes":2627,"minecraft:cobblestone_slab":432,"minecraft:vine":3,"minecraft:rail":2,"minecraft:smooth_quartz_stairs":27,"minecraft:bamboo":7,"minecraft:white_wool":45,"minecraft:ender_chest":1,"minecraft:birch_stairs":447,"minecraft:oak_slab":10,"minecraft:gray_concrete":1,"minecraft:red_sandstone_slab":3,"minecraft:soul_sand":36,"minecraft:brown_carpet":23,"minecraft:stone_brick_slab":1,"minecraft:dandelion":5,"minecraft:smooth_sandstone":288,"minecraft:cornflower":1,"minecraft:short_grass":209,"minecraft:emerald_ore":9,"minecraft:tall_grass":127,"minecraft:smooth_red_sandstone_slab":3,"minecraft:deepslate_gold_ore":3,"minecraft:diorite":3,"minecraft:orange_carpet":13,"minecraft:black_stained_glass":1,"minecraft:cobblestone_wall":30,"minecraft:dark_oak_wall_sign":1,"minecraft:white_carpet":1,"minecraft:birch_leaves":1,"minecraft:red_sandstone_wall":3,"minecraft:dark_oak_sign":1,"minecraft:gravel":730,"minecraft:cobweb":66,"minecraft:spruce_fence_gate":28,"minecraft:stone_bricks":4,"minecraft:gold_ore":140,"minecraft:deepslate_emerald_ore":1,"minecraft:black_shulker_box":27,"minecraft:brewing_stand":9,"minecraft:spruce_trapdoor":8,"minecraft:grass_block":289,"minecraft:composter":1,"minecraft:smooth_stone":6,"minecraft:iron_ore":70,"minecraft:azure_bluet":1,"minecraft:iron_bars":50,"minecraft:birch_wall_sign":2,"minecraft:quartz_block":4,"minecraft:orange_terracotta":12,"minecraft:clay":1,"minecraft:poppy":9,"minecraft:chest":160,"minecraft:nether_quartz_ore":11,"minecraft:cobblestone":333,"minecraft:oak_planks":13,"minecraft:iron_door":2,"minecraft:wall_torch":84,"minecraft:seagrass":1,"minecraft:light_blue_terracotta":7,"minecraft:blue_terracotta":2,"minecraft:dark_oak_door":1,"minecraft:nether_wart_block":6,"minecraft:birch_log":11,"minecraft:birch_trapdoor":536,"minecraft:smooth_stone_slab":42,"minecraft:oak_log":95,"minecraft:diorite_wall":10,"minecraft:sand":32,"minecraft:dirt":1247,"minecraft:tripwire_hook":2,"minecraft:dispenser":1,"minecraft:potted_red_tulip":2,"minecraft:netherrack":72,"minecraft:oak_leaves":44,"minecraft:diamond_ore":24,"minecraft:potted_wither_rose":1,"minecraft:deepslate_diamond_ore":2,"minecraft:oak_door":7,"minecraft:gray_shulker_box":10,"minecraft:lever":1,"minecraft:weeping_vines":1,"minecraft:soul_campfire":22,"minecraft:birch_slab":50,"minecraft:sandstone":344,"minecraft:crimson_stem":101,"minecraft:large_fern":1,"minecraft:hay_block":3,"minecraft:oak_trapdoor":3,"minecraft:furnace":12,"minecraft:carrots":145,"minecraft:light_gray_shulker_box":16,"minecraft:bookshelf":35,"minecraft:stone":2783,"minecraft:yellow_shulker_box":1,"minecraft:scaffolding":1,"minecraft:stripped_dark_oak_log":32,"minecraft:polished_granite":1,"minecraft:oak_fence":3,"minecraft:crafting_table":14,"minecraft:light_gray_wall_banner":2,"minecraft:gray_stained_glass":2,"minecraft:lapis_ore":14,"minecraft:birch_planks":208,"minecraft:green_shulker_box":3,"minecraft:ice":2,"minecraft:coal_ore":73,"minecraft:gray_carpet":692,"minecraft:crimson_wall_sign":1,"minecraft:small_dripleaf":1},"minecraft:used":{"minecraft:beetroot":1,"minecraft:writable_book":1,"minecraft:smooth_quartz_slab":121,"minecraft:dispenser":4,"minecraft:ladder":3,"minecraft:poppy":2,"minecraft:chest":19,"minecraft:rotten_flesh":69,"minecraft:soul_sand":2,"minecraft:azure_bluet":2,"minecraft:lava_bucket":10,"minecraft:grass_block":5,"minecraft:orange_shulker_box":33,"minecraft:quartz_block":2,"minecraft:bow":112,"minecraft:furnace":9,"minecraft:egg":24,"minecraft:potato":2951,"minecraft:stripped_birch_log":1,"minecraft:wooden_pickaxe":113,"minecraft:composter":2,"minecraft:golden_apple":12,"minecraft:dark_oak_trapdoor":2,"minecraft:sand":29,"minecraft:cut_sandstone_slab":66,"minecraft:blast_furnace":1,"minecraft:nether_wart_block":4,"minecraft:diamond_sword":4651,"minecraft:oak_boat":11,"minecraft:oak_trapdoor":33,"minecraft:stone_sword":1813,"minecraft:netherrack":28,"minecraft:torch":498,"minecraft:light_gray_shulker_box":17,"minecraft:anvil":2,"minecraft:oak_fence_gate":1,"minecraft:red_shulker_box":7,"minecraft:iron_axe":665,"minecraft:smooth_quartz":4572,"minecraft:totem_of_undying":37,"minecraft:wheat_seeds":1312,"minecraft:water_bucket":747,"minecraft:birch_planks":7,"minecraft:yellow_shulker_box":2,"minecraft:smooth_sandstone_slab":125,"minecraft:orange_carpet":40,"minecraft:crafting_table":21,"minecraft:red_bed":1,"minecraft:birch_sign":9,"minecraft:white_bed":2,"minecraft:cake":2,"minecraft:oak_log":1,"minecraft:diamond_pickaxe":8841,"minecraft:diamond_shovel":860,"minecraft:iron_pickaxe":447,"minecraft:crimson_sign":42,"minecraft:chiseled_stone_bricks":3,"minecraft:cobblestone":1027,"minecraft:potion":6,"minecraft:cooked_porkchop":45,"minecraft:porkchop":3,"minecraft:sandstone_slab":27,"minecraft:kelp":129,"minecraft:dandelion":6,"minecraft:diamond_leggings":1,"minecraft:oak_sign":6,"minecraft:shield":48,"minecraft:smooth_sandstone_stairs":6,"minecraft:iron_chestplate":1,"minecraft:soul_campfire":22,"minecraft:carrot":198,"minecraft:obsidian":16,"minecraft:iron_helmet":1,"minecraft:birch_trapdoor":197,"minecraft:magma_block":78,"minecraft:hay_block":3,"minecraft:written_book":1,"minecraft:scaffolding":3,"minecraft:blue_shulker_box":2,"minecraft:beetroot_seeds":3,"minecraft:diamond_boots":2,"minecraft:gray_carpet":92,"minecraft:dark_oak_sign":3,"minecraft:stone_pickaxe":2217,"minecraft:oak_planks":54,"minecraft:ender_pearl":3,"minecraft:sandstone":333,"minecraft:diamond_axe":2906,"minecraft:sugar_cane":331,"minecraft:white_wool":4,"minecraft:crossbow":11,"minecraft:stone_brick_wall":1,"minecraft:lever":4,"minecraft:gray_shulker_box":11,"minecraft:light_gray_concrete":1,"minecraft:melon_slice":5,"minecraft:bread":107,"minecraft:gravel":3,"minecraft:chainmail_boots":1,"minecraft:chest_minecart":1,"minecraft:bone_meal":5249,"minecraft:cobweb":20,"minecraft:oak_fence":13,"minecraft:rose_bush":1,"minecraft:white_tulip":2,"minecraft:flint_and_steel":2,"minecraft:stone_shovel":1153,"minecraft:redstone":9,"minecraft:ender_chest":3,"minecraft:stone_hoe":122,"minecraft:cooked_chicken":28,"minecraft:dirt":2522,"minecraft:cobblestone_wall":235,"minecraft:diamond_helmet":4,"minecraft:shulker_box":17,"minecraft:granite":2,"minecraft:stone_brick_slab":1,"minecraft:dark_oak_planks":4,"minecraft:wooden_axe":11,"minecraft:smooth_sandstone":258,"minecraft:cooked_beef":39,"minecraft:beetroot_soup":2,"minecraft:cooked_mutton":2,"minecraft:glass_bottle":2,"minecraft:baked_potato":518,"minecraft:black_shulker_box":31,"minecraft:cut_sandstone":96,"minecraft:stonecutter":1,"minecraft:cobblestone_slab":2509,"minecraft:stripped_dark_oak_log":1,"minecraft:painting":9,"minecraft:smoker":4,"minecraft:piston":2,"minecraft:wooden_hoe":11,"minecraft:flower_pot":1,"minecraft:stone_axe":313,"minecraft:green_shulker_box":3,"minecraft:bucket":757,"minecraft:pumpkin_pie":16,"minecraft:smooth_stone":2,"minecraft:birch_stairs":19,"minecraft:chainmail_leggings":1},"minecraft:killed_by":{"minecraft:pillager":2,"minecraft:vindicator":3,"minecraft:zombie":8,"minecraft:vex":15,"minecraft:husk":4,"minecraft:evoker":4,"minecraft:creeper":3,"minecraft:piglin":3,"minecraft:cave_spider":1,"minecraft:witch":3,"minecraft:enderman":1,"minecraft:skeleton":8}},"DataVersion":3955}