{"stats":{"minecraft:killed_by":{"minecraft:zombie":1},"minecraft:mined":{"minecraft:cornflower":1,"minecraft:crafting_table":1,"minecraft:short_grass":53,"minecraft:grass_block":66,"minecraft:tall_grass":24,"minecraft:cobblestone":2,"minecraft:sugar_cane":12,"minecraft:oxeye_daisy":1,"minecraft:cobblestone_wall":4,"minecraft:iron_ore":3,"minecraft:wheat":2,"minecraft:coal_ore":3,"minecraft:oak_log":32,"minecraft:sand":9,"minecraft:dirt":96,"minecraft:stone":271,"minecraft:oak_leaves":15},"minecraft:dropped":{"minecraft:stone_axe":1,"minecraft:stone_shovel":1,"minecraft:rotten_flesh":5,"minecraft:grass_block":3,"minecraft:shield":1,"minecraft:stone_pickaxe":1,"minecraft:egg":3},"minecraft:crafted":{"minecraft:oak_planks":96,"minecraft:stone_shovel":2,"minecraft:crafting_table":3,"minecraft:wooden_pickaxe":2,"minecraft:bucket":1,"minecraft:stone_axe":2,"minecraft:air":0,"minecraft:oak_fence_gate":1,"minecraft:oak_boat":1,"minecraft:shield":2,"minecraft:ladder":3,"minecraft:stick":48,"minecraft:iron_ingot":3,"minecraft:stone_pickaxe":4,"minecraft:cobblestone_wall":78,"minecraft:stone_hoe":1,"minecraft:oak_fence":12},"minecraft:custom":{"minecraft:interact_with_furnace":5,"minecraft:mob_kills":10,"minecraft:interact_with_crafting_table":20,"minecraft:leave_game":3,"minecraft:time_since_death":54243,"minecraft:climb_one_cm":2434,"minecraft:time_since_rest":54272,"minecraft:sprint_one_cm":50912,"minecraft:damage_taken":430,"minecraft:walk_one_cm":275225,"minecraft:damage_blocked_by_shield":90,"minecraft:drop":7,"minecraft:damage_dealt":2376,"minecraft:swim_one_cm":1657,"minecraft:fly_one_cm":61985,"minecraft:open_chest":13,"minecraft:crouch_one_cm":21510,"minecraft:play_time":62276,"minecraft:deaths":3,"minecraft:sneak_time":4997,"minecraft:walk_under_water_one_cm":2570,"minecraft:jump":455,"minecraft:walk_on_water_one_cm":4157,"minecraft:total_world_time":62276,"minecraft:fall_one_cm":7884},"minecraft:picked_up":{"minecraft:crafting_table":1,"minecraft:oak_log":32,"minecraft:cobblestone_wall":4,"minecraft:gunpowder":2,"minecraft:cornflower":1,"minecraft:dirt":192,"minecraft:bone":10,"minecraft:apple":2,"minecraft:wheat_seeds":16,"minecraft:iron_ingot":3,"minecraft:oak_boat":3,"minecraft:sugar_cane":26,"minecraft:egg":5,"minecraft:stick":2,"minecraft:raw_iron":4,"minecraft:dandelion":1,"minecraft:porkchop":3,"minecraft:sand":8,"minecraft:grass_block":3,"minecraft:arrow":6,"minecraft:rotten_flesh":5,"minecraft:oak_sapling":4,"minecraft:coal":3,"minecraft:oxeye_daisy":1,"minecraft:cobblestone":281,"minecraft:ender_pearl":2},"minecraft:killed":{"minecraft:creeper":2,"minecraft:skeleton":4,"minecraft:zombie":1,"minecraft:enderman":3},"minecraft:broken":{"minecraft:stone_pickaxe":1,"minecraft:stone_shovel":1,"minecraft:wooden_pickaxe":1},"minecraft:used":{"minecraft:wheat_seeds":22,"minecraft:oak_fence":11,"minecraft:water_bucket":2,"minecraft:stone_shovel":131,"minecraft:stone_pickaxe":208,"minecraft:ladder":3,"minecraft:wooden_pickaxe":75,"minecraft:shield":3,"minecraft:stone_hoe":93,"minecraft:rotten_flesh":5,"minecraft:dirt":45,"minecraft:crafting_table":3,"minecraft:cobblestone_wall":82,"minecraft:oak_fence_gate":1,"minecraft:oak_log":1,"minecraft:grass_block":1,"minecraft:stone_axe":33,"minecraft:cobblestone":6,"minecraft:bucket":2,"minecraft:oak_boat":3,"minecraft:egg":1}},"DataVersion":3955}