{"stats":{"minecraft:custom":{"minecraft:animals_bred":19,"minecraft:interact_with_crafting_table":203,"minecraft:open_barrel":18,"minecraft:open_shulker_box":475,"minecraft:leave_game":22,"minecraft:time_since_death":2115,"minecraft:sprint_one_cm":5647237,"minecraft:damage_blocked_by_shield":1442,"minecraft:drop":215,"minecraft:talked_to_villager":226,"minecraft:play_time":2117730,"minecraft:deaths":50,"minecraft:jump":31219,"minecraft:interact_with_brewingstand":8,"minecraft:walk_on_water_one_cm":564525,"minecraft:interact_with_furnace":75,"minecraft:play_record":2,"minecraft:traded_with_villager":651,"minecraft:interact_with_cartography_table":1,"minecraft:sleep_in_bed":15,"minecraft:open_enderchest":8,"minecraft:damage_dealt":363692,"minecraft:crouch_one_cm":1548899,"minecraft:interact_with_smoker":49,"minecraft:inspect_dispenser":1,"minecraft:interact_with_anvil":13,"minecraft:mob_kills":3153,"minecraft:climb_one_cm":27954,"minecraft:walk_one_cm":4905833,"minecraft:sneak_time":331196,"minecraft:walk_under_water_one_cm":45017,"minecraft:interact_with_blast_furnace":55,"minecraft:total_world_time":2117730,"minecraft:pot_flower":1,"minecraft:interact_with_stonecutter":15,"minecraft:time_since_rest":2149,"minecraft:damage_taken":40719,"minecraft:damage_absorbed":976,"minecraft:swim_one_cm":85837,"minecraft:fly_one_cm":6148196,"minecraft:open_chest":1657,"minecraft:fall_one_cm":401974},"minecraft:killed":{"minecraft:cave_spider":11,"minecraft:witch":5,"minecraft:spider":124,"minecraft:skeleton":1222,"minecraft:chicken":2,"minecraft:piglin":6,"minecraft:magma_cube":16,"minecraft:zombie_villager":9,"minecraft:creeper":151,"minecraft:trader_llama":1,"minecraft:pillager":802,"minecraft:zombie":206,"minecraft:cow":3,"minecraft:vex":6,"minecraft:evoker":12,"minecraft:vindicator":51,"minecraft:phantom":11,"minecraft:husk":325,"minecraft:hoglin":3,"minecraft:enderman":17},"minecraft:crafted":{"minecraft:oak_planks":388,"minecraft:cobblestone_slab":1376,"minecraft:oak_sign":9,"minecraft:cut_sandstone_slab":60,"minecraft:stone":3,"minecraft:lever":2,"minecraft:diamond_helmet":4,"minecraft:bow":51,"minecraft:diamond_leggings":5,"minecraft:chest":8,"minecraft:stone_hoe":3,"minecraft:oak_fence":12,"minecraft:emerald":640,"minecraft:cooked_porkchop":8,"minecraft:diamond_axe":2,"minecraft:crafting_table":15,"minecraft:baked_potato":196,"minecraft:iron_helmet":1,"minecraft:wooden_pickaxe":3,"minecraft:hay_block":37,"minecraft:birch_planks":44,"minecraft:dispenser":3,"minecraft:charcoal":99,"minecraft:wooden_hoe":1,"minecraft:paper":4569,"minecraft:diamond_pickaxe":2,"minecraft:shield":6,"minecraft:stick":232,"minecraft:iron_ingot":93,"minecraft:iron_pickaxe":2,"minecraft:iron_block":6,"minecraft:stone_sword":20,"minecraft:gold_ingot":128,"minecraft:composter":1,"minecraft:stone_shovel":11,"minecraft:piston":1,"minecraft:dark_oak_trapdoor":2,"minecraft:dark_oak_sign":6,"minecraft:bone_meal":4977,"minecraft:oak_trapdoor":34,"minecraft:flint_and_steel":1,"minecraft:scaffolding":78,"minecraft:ladder":3,"minecraft:stone_pickaxe":17,"minecraft:cobblestone_wall":78,"minecraft:diamond_boots":5,"minecraft:dark_oak_planks":36,"minecraft:wheat":9,"minecraft:diamond_sword":3,"minecraft:sandstone_slab":18,"minecraft:bucket":5,"minecraft:stone_axe":7,"minecraft:enchanted_book":7,"minecraft:bread":207,"minecraft:air":0,"minecraft:jungle_planks":4,"minecraft:oak_fence_gate":1,"minecraft:oak_boat":1,"minecraft:smooth_sandstone_slab":78,"minecraft:golden_apple":16,"minecraft:stonecutter":1,"minecraft:anvil":2,"minecraft:torch":312,"minecraft:diamond_chestplate":4,"minecraft:ender_chest":3},"minecraft:used":{"minecraft:beetroot":1,"minecraft:poppy":2,"minecraft:dispenser":4,"minecraft:ladder":3,"minecraft:oak_sign":6,"minecraft:chest":19,"minecraft:shield":48,"minecraft:smooth_sandstone_stairs":6,"minecraft:rotten_flesh":69,"minecraft:carrot":198,"minecraft:azure_bluet":2,"minecraft:obsidian":16,"minecraft:lava_bucket":4,"minecraft:grass_block":5,"minecraft:orange_shulker_box":33,"minecraft:quartz_block":2,"minecraft:bow":112,"minecraft:hay_block":1,"minecraft:written_book":1,"minecraft:scaffolding":3,"minecraft:blue_shulker_box":2,"minecraft:furnace":9,"minecraft:beetroot_seeds":3,"minecraft:egg":23,"minecraft:potato":2951,"minecraft:diamond_boots":1,"minecraft:stone_pickaxe":1557,"minecraft:dark_oak_sign":3,"minecraft:ender_pearl":1,"minecraft:gray_carpet":24,"minecraft:oak_planks":54,"minecraft:diamond_axe":2734,"minecraft:wooden_pickaxe":113,"minecraft:sandstone":333,"minecraft:composter":2,"minecraft:sugar_cane":331,"minecraft:white_wool":1,"minecraft:golden_apple":12,"minecraft:dark_oak_trapdoor":2,"minecraft:sand":29,"minecraft:cut_sandstone_slab":66,"minecraft:blast_furnace":1,"minecraft:crossbow":5,"minecraft:stone_brick_wall":1,"minecraft:lever":4,"minecraft:gray_shulker_box":10,"minecraft:light_gray_concrete":1,"minecraft:bread":104,"minecraft:melon_slice":5,"minecraft:gravel":3,"minecraft:diamond_sword":4039,"minecraft:nether_wart_block":4,"minecraft:oak_boat":11,"minecraft:chest_minecart":1,"minecraft:bone_meal":5249,"minecraft:cobweb":20,"minecraft:oak_fence":13,"minecraft:oak_trapdoor":33,"minecraft:rose_bush":1,"minecraft:stone_sword":1546,"minecraft:flint_and_steel":2,"minecraft:white_tulip":2,"minecraft:stone_shovel":1153,"minecraft:redstone":9,"minecraft:ender_chest":3,"minecraft:stone_hoe":122,"minecraft:cooked_chicken":28,"minecraft:netherrack":8,"minecraft:light_gray_shulker_box":16,"minecraft:torch":434,"minecraft:anvil":2,"minecraft:dirt":2458,"minecraft:cobblestone_wall":235,"minecraft:diamond_helmet":1,"minecraft:shulker_box":16,"minecraft:granite":2,"minecraft:oak_fence_gate":1,"minecraft:wooden_axe":11,"minecraft:stone_brick_slab":1,"minecraft:red_shulker_box":7,"minecraft:dark_oak_planks":3,"minecraft:iron_axe":22,"minecraft:smooth_sandstone":258,"minecraft:smooth_quartz":3649,"minecraft:totem_of_undying":11,"minecraft:cooked_beef":8,"minecraft:beetroot_soup":2,"minecraft:wheat_seeds":1312,"minecraft:cooked_mutton":2,"minecraft:water_bucket":604,"minecraft:birch_planks":6,"minecraft:yellow_shulker_box":2,"minecraft:glass_bottle":2,"minecraft:baked_potato":430,"minecraft:smooth_sandstone_slab":125,"minecraft:black_shulker_box":29,"minecraft:cut_sandstone":96,"minecraft:stonecutter":1,"minecraft:cobblestone_slab":2266,"minecraft:orange_carpet":31,"minecraft:stripped_dark_oak_log":1,"minecraft:crafting_table":21,"minecraft:red_bed":1,"minecraft:white_bed":1,"minecraft:painting":9,"minecraft:smoker":4,"minecraft:oak_log":1,"minecraft:flower_pot":1,"minecraft:piston":2,"minecraft:wooden_hoe":11,"minecraft:diamond_pickaxe":8841,"minecraft:diamond_shovel":831,"minecraft:iron_pickaxe":330,"minecraft:chiseled_stone_bricks":3,"minecraft:stone_axe":292,"minecraft:green_shulker_box":3,"minecraft:cobblestone":676,"minecraft:potion":6,"minecraft:cooked_porkchop":20,"minecraft:sandstone_slab":27,"minecraft:bucket":612,"minecraft:pumpkin_pie":9,"minecraft:smooth_stone":2,"minecraft:dandelion":6,"minecraft:diamond_leggings":1,"minecraft:birch_stairs":19},"minecraft:dropped":{"minecraft:diamond_axe":1,"minecraft:cooked_beef":6,"minecraft:baked_potato":86,"minecraft:glass_bottle":2,"minecraft:diamond":3,"minecraft:cooked_porkchop":3,"minecraft:leather":2,"minecraft:rail":6,"minecraft:cut_sandstone_slab":6,"minecraft:emerald":3,"minecraft:dirt":246,"minecraft:orange_carpet":2,"minecraft:crimson_roots":1,"minecraft:gold_nugget":7,"minecraft:bone_meal":170,"minecraft:phantom_membrane":10,"minecraft:iron_pickaxe":2,"minecraft:birch_stairs":2,"minecraft:bone":51,"minecraft:stone_axe":2,"minecraft:sugar_cane":3,"minecraft:wheat":83,"minecraft:cooked_chicken":24,"minecraft:cobbled_deepslate":1,"minecraft:rotten_flesh":26,"minecraft:oak_planks":2,"minecraft:cooked_mutton":7,"minecraft:carrot":37,"minecraft:charcoal":3,"minecraft:beetroot_seeds":1,"minecraft:birch_door":2,"minecraft:arrow":506,"minecraft:written_book":2,"minecraft:firework_rocket":7,"minecraft:egg":3,"minecraft:enchanted_book":6,"minecraft:water_bucket":1,"minecraft:bread":254,"minecraft:wheat_seeds":231,"minecraft:diamond_leggings":6,"minecraft:lead":2,"minecraft:cobblestone":205,"minecraft:apple":2,"minecraft:grass_block":3,"minecraft:golden_apple":13,"minecraft:coal":8,"minecraft:stick":3,"minecraft:diorite":3,"minecraft:torch":21,"minecraft:nether_wart_block":1,"minecraft:smooth_quartz":95,"minecraft:diamond_helmet":2,"minecraft:music_disc_wait":1,"minecraft:string":49,"minecraft:smooth_sandstone":9,"minecraft:gray_carpet":20,"minecraft:dandelion":1,"minecraft:redstone":60,"minecraft:stone_sword":4,"minecraft:bowl":1,"minecraft:stone_shovel":1,"minecraft:totem_of_undying":1,"minecraft:flint_and_steel":2,"minecraft:diamond_sword":6,"minecraft:potato":1,"minecraft:cobblestone_slab":27,"minecraft:shield":3,"minecraft:diamond_chestplate":10,"minecraft:diamond_pickaxe":6,"minecraft:andesite":3,"minecraft:oak_sapling":7,"minecraft:diamond_boots":3,"minecraft:sandstone":17,"minecraft:bow":13,"minecraft:blue_orchid":1,"minecraft:stone_pickaxe":2},"minecraft:killed_by":{"minecraft:evoker":4,"minecraft:creeper":3,"minecraft:pillager":2,"minecraft:vindicator":1,"minecraft:cave_spider":1,"minecraft:witch":1,"minecraft:zombie":8,"minecraft:vex":13,"minecraft:husk":4,"minecraft:enderman":1,"minecraft:skeleton":8},"minecraft:picked_up":{"minecraft:birch_door":319,"minecraft:wheat":606,"minecraft:flower_pot":3,"minecraft:light_gray_shulker_box":17,"minecraft:lead":10,"minecraft:diamond_sword":16,"minecraft:oak_stairs":49,"minecraft:potion":9,"minecraft:wither_rose":1,"minecraft:enchanted_book":3,"minecraft:stone_brick_stairs":1,"minecraft:brewing_stand":9,"minecraft:amethyst_block":4,"minecraft:music_disc_cat":1,"minecraft:dark_oak_trapdoor":1,"minecraft:string":183,"minecraft:cooked_salmon":10,"minecraft:smooth_stone_slab":42,"minecraft:beetroot_soup":6,"minecraft:oak_sign":4,"minecraft:smooth_red_sandstone_slab":3,"minecraft:cobbled_deepslate":7,"minecraft:tnt_minecart":1,"minecraft:diamond_leggings":10,"minecraft:gold_nugget":17,"minecraft:black_shulker_box":30,"minecraft:smooth_stone":12,"minecraft:bucket":19,"minecraft:spruce_planks":40,"minecraft:white_tulip":4,"minecraft:written_book":1,"minecraft:rose_bush":1,"minecraft:redstone_torch":2,"minecraft:cobblestone_slab":742,"minecraft:smooth_quartz":9525,"minecraft:iron_pickaxe":5,"minecraft:melon_slice":53,"minecraft:smooth_quartz_stairs":26,"minecraft:furnace":12,"minecraft:dark_oak_door":1,"minecraft:stick":160,"minecraft:orange_shulker_box":33,"minecraft:composter":1,"minecraft:birch_trapdoor":474,"minecraft:oak_fence":3,"minecraft:torch":1041,"minecraft:sandstone_wall":9,"minecraft:porkchop":3,"minecraft:diorite":3,"minecraft:light_gray_banner":2,"minecraft:gray_shulker_box":10,"minecraft:cauldron":18,"minecraft:brown_carpet":510,"minecraft:quartz_block":4,"minecraft:stone_sword":25,"minecraft:rotten_flesh":1324,"minecraft:red_sandstone_slab":3,"minecraft:red_tulip":2,"minecraft:music_disc_wait":2,"minecraft:obsidian":257,"minecraft:iron_bars":48,"minecraft:cobblestone":3671,"minecraft:birch_log":11,"minecraft:water_bucket":10,"minecraft:cooked_beef":16,"minecraft:feather":4,"minecraft:iron_door":11,"minecraft:andesite":10,"minecraft:birch_slab":50,"minecraft:jungle_log":1,"minecraft:orange_carpet":148,"minecraft:smoker":4,"minecraft:potato":9399,"minecraft:flint":76,"minecraft:smooth_sandstone_stairs":48,"minecraft:gray_concrete":1,"minecraft:green_shulker_box":4,"minecraft:map":1,"minecraft:lapis_lazuli":174,"minecraft:dirt":2649,"minecraft:stripped_birch_log":925,"minecraft:cut_sandstone_slab":12,"minecraft:bone":1628,"minecraft:bow":120,"minecraft:wheat_seeds":1753,"minecraft:raw_gold":289,"minecraft:dark_oak_sign":3,"minecraft:diamond_helmet":7,"minecraft:rabbit":1,"minecraft:glowstone_dust":2,"minecraft:bamboo":132,"minecraft:stone_hoe":12,"minecraft:oak_planks":29,"minecraft:diorite_wall":9,"minecraft:cooked_porkchop":207,"minecraft:red_sandstone_wall":5,"minecraft:poisonous_potato":49,"minecraft:sand":109,"minecraft:grass_block":6,"minecraft:barrel":19,"minecraft:shulker_box":17,"minecraft:light_gray_concrete":1,"minecraft:spruce_fence_gate":28,"minecraft:dispenser":1,"minecraft:yellow_carpet":27,"minecraft:blue_terracotta":3,"minecraft:sugar":2,"minecraft:light_blue_terracotta":7,"minecraft:diamond":45,"minecraft:lever":3,"minecraft:crossbow":127,"minecraft:granite":8,"minecraft:bone_meal":82,"minecraft:golden_apple":9,"minecraft:emerald":375,"minecraft:bread":531,"minecraft:oak_sapling":59,"minecraft:netherrack":57,"minecraft:crimson_roots":4,"minecraft:diamond_pickaxe":10,"minecraft:lingering_potion":2,"minecraft:charcoal":26,"minecraft:crafting_table":26,"minecraft:azure_bluet":2,"minecraft:sandstone_slab":11,"minecraft:ominous_bottle":90,"minecraft:chicken":1,"minecraft:chest_minecart":1,"minecraft:wooden_pickaxe":1,"minecraft:stone_brick_wall":27,"minecraft:shield":10,"minecraft:cornflower":3,"minecraft:oak_trapdoor":3,"minecraft:red_bed":1,"minecraft:iron_axe":11,"minecraft:flint_and_steel":8,"minecraft:quartz_slab":31,"minecraft:item_frame":9,"minecraft:blue_orchid":1,"minecraft:music_disc_otherside":1,"minecraft:oak_boat":14,"minecraft:poppy":23,"minecraft:sugar_cane":4945,"minecraft:blue_shulker_box":2,"minecraft:chest":166,"minecraft:birch_sapling":12,"minecraft:piston":1,"minecraft:spruce_trapdoor":8,"minecraft:phantom_membrane":11,"minecraft:egg":41,"minecraft:dark_oak_sapling":10,"minecraft:raw_iron":101,"minecraft:sandstone":395,"minecraft:oak_door":7,"minecraft:cake":4,"minecraft:cookie":18,"minecraft:carrot":669,"minecraft:redstone":182,"minecraft:stone_pressure_plate":4,"minecraft:dark_oak_planks":2,"minecraft:smooth_sandstone_slab":50,"minecraft:weeping_vines":2,"minecraft:arrow":1768,"minecraft:red_shulker_box":7,"minecraft:stone_shovel":11,"minecraft:diamond_chestplate":12,"minecraft:beetroot_seeds":1,"minecraft:shears":2,"minecraft:diamond_boots":5,"minecraft:hay_block":1,"minecraft:gold_ingot":7,"minecraft:totem_of_undying":19,"minecraft:mutton":1,"minecraft:rail":6,"minecraft:white_wool":246,"minecraft:oxeye_daisy":2,"minecraft:yellow_shulker_box":2,"minecraft:smooth_red_sandstone":9,"minecraft:tripwire_hook":8,"minecraft:leather":5,"minecraft:cut_sandstone":142,"minecraft:birch_planks":235,"minecraft:crimson_fungus":1,"minecraft:oak_log":115,"minecraft:nether_wart_block":6,"minecraft:gunpowder":278,"minecraft:cobblestone_wall":344,"minecraft:paper":55,"minecraft:white_banner":93,"minecraft:orange_terracotta":11,"minecraft:cooked_mutton":9,"minecraft:smooth_sandstone":274,"minecraft:gray_carpet":1330,"minecraft:apple":41,"minecraft:stone_bricks":4,"minecraft:iron_ingot":13,"minecraft:stone_pickaxe":13,"minecraft:cooked_chicken":70,"minecraft:cobweb":68,"minecraft:glass_bottle":13,"minecraft:scaffolding":259,"minecraft:book":144,"minecraft:oak_slab":10,"minecraft:chiseled_stone_bricks":3,"minecraft:stone_brick_slab":1,"minecraft:quartz":9,"minecraft:dandelion":118,"minecraft:gravel":642,"minecraft:birch_stairs":450,"minecraft:red_banner":14,"minecraft:blast_furnace":1,"minecraft:white_bed":1,"minecraft:spruce_log":4,"minecraft:spider_eye":64,"minecraft:firework_rocket":21,"minecraft:diamond_shovel":17,"minecraft:stone_axe":21,"minecraft:diamond_axe":5,"minecraft:painting":23,"minecraft:baked_potato":155,"minecraft:stripped_dark_oak_log":60,"minecraft:coal":79,"minecraft:ender_pearl":15},"minecraft:mined":{"minecraft:black_shulker_box":26,"minecraft:dark_oak_planks":2,"minecraft:cut_sandstone_slab":15,"minecraft:red_shulker_box":5,"minecraft:white_bed":1,"minecraft:jungle_leaves":1,"minecraft:brewing_stand":9,"minecraft:obsidian":62,"minecraft:spruce_trapdoor":8,"minecraft:granite":1,"minecraft:stone_brick_wall":28,"minecraft:grass_block":288,"minecraft:composter":1,"minecraft:oxeye_daisy":1,"minecraft:light_blue_stained_glass":8,"minecraft:chiseled_stone_bricks":3,"minecraft:spawner":3,"minecraft:smooth_stone":6,"minecraft:weeping_vines_plant":3,"minecraft:dark_oak_trapdoor":1,"minecraft:barrel":19,"minecraft:fire":18,"minecraft:iron_ore":62,"minecraft:deepslate_lapis_ore":4,"minecraft:azure_bluet":1,"minecraft:smooth_red_sandstone":9,"minecraft:dirt_path":35,"minecraft:water_cauldron":18,"minecraft:iron_bars":50,"minecraft:oak_stairs":51,"minecraft:quartz_slab":31,"minecraft:light_gray_concrete":1,"minecraft:smooth_sandstone_stairs":43,"minecraft:sandstone_slab":10,"minecraft:cut_sandstone":132,"minecraft:quartz_block":4,"minecraft:red_bed":1,"minecraft:crimson_nylium":6,"minecraft:smoker":4,"minecraft:soul_fire":2,"minecraft:orange_terracotta":12,"minecraft:torch":56,"minecraft:blast_furnace":1,"minecraft:poppy":9,"minecraft:melon":3,"minecraft:chest":160,"minecraft:smooth_quartz_slab":2,"minecraft:nether_quartz_ore":11,"minecraft:cobblestone":263,"minecraft:sugar_cane":2134,"minecraft:oak_planks":13,"minecraft:iron_door":2,"minecraft:smooth_sandstone_slab":51,"minecraft:wall_torch":62,"minecraft:amethyst_block":4,"minecraft:seagrass":1,"minecraft:light_blue_terracotta":7,"minecraft:blue_terracotta":2,"minecraft:dark_oak_door":1,"minecraft:nether_wart_block":6,"minecraft:birch_log":11,"minecraft:wheat":579,"minecraft:birch_trapdoor":471,"minecraft:birch_door":318,"minecraft:stone_brick_stairs":1,"minecraft:smooth_stone_slab":42,"minecraft:oak_log":95,"minecraft:diorite_wall":10,"minecraft:dirt":1223,"minecraft:sand":32,"minecraft:smooth_quartz":5698,"minecraft:sandstone_wall":7,"minecraft:blue_shulker_box":2,"minecraft:tripwire_hook":2,"minecraft:dispenser":1,"minecraft:potted_red_tulip":2,"minecraft:netherrack":55,"minecraft:piston":1,"minecraft:oak_leaves":44,"minecraft:deepslate":6,"minecraft:diamond_ore":24,"minecraft:potted_wither_rose":1,"minecraft:deepslate_diamond_ore":2,"minecraft:oak_door":7,"minecraft:stripped_birch_log":925,"minecraft:gray_shulker_box":10,"minecraft:shulker_box":14,"minecraft:lever":1,"minecraft:crimson_roots":3,"minecraft:orange_shulker_box":31,"minecraft:redstone_wire":9,"minecraft:birch_slab":50,"minecraft:sandstone":344,"minecraft:large_fern":1,"minecraft:hay_block":1,"minecraft:redstone_ore":26,"minecraft:oak_trapdoor":3,"minecraft:furnace":12,"minecraft:carrots":145,"minecraft:light_gray_shulker_box":16,"minecraft:andesite":7,"minecraft:bookshelf":16,"minecraft:potatoes":2627,"minecraft:cobblestone_slab":432,"minecraft:vine":3,"minecraft:rail":2,"minecraft:smooth_quartz_stairs":27,"minecraft:bamboo":7,"minecraft:stone":2547,"minecraft:yellow_shulker_box":1,"minecraft:white_wool":42,"minecraft:ender_chest":1,"minecraft:oak_slab":10,"minecraft:birch_stairs":447,"minecraft:scaffolding":1,"minecraft:gray_concrete":1,"minecraft:red_sandstone_slab":3,"minecraft:stripped_dark_oak_log":32,"minecraft:brown_carpet":23,"minecraft:stone_brick_slab":1,"minecraft:dandelion":5,"minecraft:polished_granite":1,"minecraft:oak_fence":3,"minecraft:smooth_sandstone":288,"minecraft:crafting_table":14,"minecraft:cornflower":1,"minecraft:short_grass":209,"minecraft:emerald_ore":9,"minecraft:light_gray_wall_banner":2,"minecraft:gray_stained_glass":2,"minecraft:smooth_red_sandstone_slab":3,"minecraft:tall_grass":127,"minecraft:deepslate_gold_ore":3,"minecraft:lapis_ore":14,"minecraft:diorite":3,"minecraft:orange_carpet":4,"minecraft:black_stained_glass":1,"minecraft:birch_planks":207,"minecraft:green_shulker_box":3,"minecraft:cobblestone_wall":30,"minecraft:dark_oak_wall_sign":1,"minecraft:ice":2,"minecraft:birch_leaves":1,"minecraft:red_sandstone_wall":3,"minecraft:coal_ore":56,"minecraft:dark_oak_sign":1,"minecraft:gravel":730,"minecraft:gray_carpet":646,"minecraft:cobweb":66,"minecraft:spruce_fence_gate":28,"minecraft:stone_bricks":4,"minecraft:gold_ore":140,"minecraft:deepslate_emerald_ore":1},"minecraft:broken":{"minecraft:diamond_helmet":2,"minecraft:stone_pickaxe":8,"minecraft:diamond_boots":3,"minecraft:stone_axe":1,"minecraft:stone_shovel":6,"minecraft:diamond_chestplate":3,"minecraft:stone_sword":5,"minecraft:diamond_leggings":4,"minecraft:stone_hoe":1,"minecraft:wooden_pickaxe":1,"minecraft:diamond_axe":1,"minecraft:iron_axe":1,"minecraft:iron_pickaxe":1,"minecraft:iron_helmet":1}},"DataVersion":3955}