{"stats":{"minecraft:killed_by":{"minecraft:husk":4,"minecraft:creeper":3,"minecraft:enderman":1,"minecraft:cave_spider":1,"minecraft:skeleton":8,"minecraft:witch":1,"minecraft:zombie":8},"minecraft:mined":{"minecraft:dark_oak_planks":2,"minecraft:jungle_leaves":1,"minecraft:grass_block":273,"minecraft:oxeye_daisy":1,"minecraft:spawner":3,"minecraft:oak_trapdoor":1,"minecraft:carrots":21,"minecraft:dark_oak_trapdoor":1,"minecraft:iron_ore":10,"minecraft:azure_bluet":1,"minecraft:bookshelf":16,"minecraft:potatoes":69,"minecraft:cobblestone_slab":414,"minecraft:vine":2,"minecraft:stone":692,"minecraft:smoker":1,"minecraft:stripped_dark_oak_log":32,"minecraft:dandelion":4,"minecraft:torch":31,"minecraft:crafting_table":9,"minecraft:cornflower":1,"minecraft:short_grass":191,"minecraft:blast_furnace":1,"minecraft:poppy":8,"minecraft:cobblestone":7,"minecraft:tall_grass":118,"minecraft:sugar_cane":450,"minecraft:oak_planks":2,"minecraft:wall_torch":1,"minecraft:birch_planks":1,"minecraft:cobblestone_wall":25,"minecraft:dark_oak_wall_sign":1,"minecraft:birch_log":11,"minecraft:wheat":309,"minecraft:ice":2,"minecraft:birch_leaves":1,"minecraft:coal_ore":11,"minecraft:oak_log":91,"minecraft:dark_oak_sign":1,"minecraft:sand":25,"minecraft:dirt":1152,"minecraft:cobweb":3,"minecraft:oak_leaves":44},"minecraft:dropped":{"minecraft:enchanted_book":1,"minecraft:water_bucket":1,"minecraft:bread":212,"minecraft:wheat_seeds":84,"minecraft:lead":2,"minecraft:apple":2,"minecraft:grass_block":3,"minecraft:dirt":245,"minecraft:torch":21,"minecraft:bone_meal":81,"minecraft:music_disc_wait":1,"minecraft:string":10,"minecraft:dandelion":1,"minecraft:bone":44,"minecraft:stone_axe":2,"minecraft:sugar_cane":2,"minecraft:stone_sword":3,"minecraft:wheat":83,"minecraft:stone_shovel":1,"minecraft:rotten_flesh":15,"minecraft:carrot":37,"minecraft:flint_and_steel":1,"minecraft:cobblestone_slab":1,"minecraft:shield":1,"minecraft:charcoal":3,"minecraft:oak_sapling":7,"minecraft:bow":4,"minecraft:arrow":211,"minecraft:stone_pickaxe":2,"minecraft:written_book":2,"minecraft:firework_rocket":7,"minecraft:egg":3},"minecraft:custom":{"minecraft:mob_kills":361,"minecraft:animals_bred":5,"minecraft:interact_with_crafting_table":108,"minecraft:leave_game":15,"minecraft:time_since_death":22792,"minecraft:climb_one_cm":11445,"minecraft:sprint_one_cm":1507469,"minecraft:walk_one_cm":1732479,"minecraft:damage_blocked_by_shield":1140,"minecraft:drop":69,"minecraft:talked_to_villager":66,"minecraft:play_time":573091,"minecraft:deaths":30,"minecraft:sneak_time":86523,"minecraft:walk_under_water_one_cm":11497,"minecraft:jump":8956,"minecraft:interact_with_brewingstand":1,"minecraft:walk_on_water_one_cm":131851,"minecraft:total_world_time":573091,"minecraft:interact_with_furnace":31,"minecraft:play_record":2,"minecraft:traded_with_villager":39,"minecraft:interact_with_cartography_table":1,"minecraft:interact_with_stonecutter":12,"minecraft:sleep_in_bed":10,"minecraft:time_since_rest":21929,"minecraft:damage_taken":10750,"minecraft:damage_dealt":44854,"minecraft:swim_one_cm":32967,"minecraft:fly_one_cm":1805742,"minecraft:open_chest":303,"minecraft:crouch_one_cm":389096,"minecraft:interact_with_smoker":9,"minecraft:fall_one_cm":140431},"minecraft:crafted":{"minecraft:oak_planks":264,"minecraft:cobblestone_slab":644,"minecraft:stone_shovel":11,"minecraft:oak_sign":9,"minecraft:dark_oak_trapdoor":2,"minecraft:stone":3,"minecraft:dark_oak_sign":6,"minecraft:bone_meal":258,"minecraft:oak_trapdoor":16,"minecraft:bow":7,"minecraft:ladder":3,"minecraft:stone_pickaxe":12,"minecraft:cobblestone_wall":78,"minecraft:chest":1,"minecraft:dark_oak_planks":36,"minecraft:stone_hoe":2,"minecraft:oak_fence":12,"minecraft:emerald":25,"minecraft:crafting_table":9,"minecraft:wooden_pickaxe":3,"minecraft:bucket":2,"minecraft:birch_planks":44,"minecraft:stone_axe":6,"minecraft:bread":204,"minecraft:air":0,"minecraft:oak_fence_gate":1,"minecraft:oak_boat":1,"minecraft:paper":528,"minecraft:charcoal":38,"minecraft:shield":2,"minecraft:stick":104,"minecraft:iron_ingot":8,"minecraft:stone_sword":13,"minecraft:stonecutter":1,"minecraft:torch":104},"minecraft:picked_up":{"minecraft:charcoal":24,"minecraft:crafting_table":21,"minecraft:wheat":303,"minecraft:azure_bluet":2,"minecraft:chicken":1,"minecraft:lead":10,"minecraft:enchanted_book":2,"minecraft:shield":9,"minecraft:cornflower":2,"minecraft:oak_trapdoor":1,"minecraft:string":62,"minecraft:dark_oak_trapdoor":1,"minecraft:flint_and_steel":5,"minecraft:oak_sign":4,"minecraft:bucket":17,"minecraft:music_disc_otherside":1,"minecraft:cobblestone_slab":696,"minecraft:oak_boat":14,"minecraft:rose_bush":1,"minecraft:written_book":1,"minecraft:poppy":18,"minecraft:sugar_cane":873,"minecraft:birch_sapling":12,"minecraft:egg":36,"minecraft:stick":132,"minecraft:raw_iron":26,"minecraft:sandstone":34,"minecraft:torch":97,"minecraft:porkchop":3,"minecraft:carrot":136,"minecraft:redstone":18,"minecraft:dark_oak_planks":2,"minecraft:stone_shovel":10,"minecraft:rotten_flesh":859,"minecraft:stone_sword":20,"minecraft:arrow":434,"minecraft:music_disc_wait":2,"minecraft:mutton":1,"minecraft:cobblestone":1595,"minecraft:oxeye_daisy":2,"minecraft:birch_log":11,"minecraft:feather":2,"minecraft:cut_sandstone":2,"minecraft:smoker":1,"minecraft:potato":232,"minecraft:birch_planks":15,"minecraft:oak_log":110,"minecraft:smooth_sandstone_stairs":2,"minecraft:gunpowder":212,"minecraft:cobblestone_wall":341,"minecraft:lapis_lazuli":8,"minecraft:map":1,"minecraft:dirt":2337,"minecraft:paper":55,"minecraft:bone":386,"minecraft:apple":28,"minecraft:bow":28,"minecraft:wheat_seeds":914,"minecraft:raw_gold":6,"minecraft:stone_pickaxe":13,"minecraft:iron_ingot":3,"minecraft:cooked_chicken":3,"minecraft:dark_oak_sign":3,"minecraft:bamboo":34,"minecraft:glowstone_dust":2,"minecraft:oak_planks":6,"minecraft:stone_hoe":11,"minecraft:book":144,"minecraft:cooked_porkchop":3,"minecraft:dandelion":113,"minecraft:sand":73,"minecraft:blast_furnace":1,"minecraft:grass_block":6,"minecraft:spider_eye":21,"minecraft:firework_rocket":21,"minecraft:sugar":2,"minecraft:stone_axe":20,"minecraft:granite":7,"minecraft:painting":9,"minecraft:bread":507,"minecraft:emerald":75,"minecraft:oak_sapling":58,"minecraft:stripped_dark_oak_log":60,"minecraft:coal":14,"minecraft:ender_pearl":11},"minecraft:broken":{"minecraft:stone_sword":2,"minecraft:stone_hoe":1,"minecraft:wooden_pickaxe":1,"minecraft:stone_pickaxe":5,"minecraft:stone_axe":1,"minecraft:stone_shovel":6},"minecraft:killed":{"minecraft:cave_spider":1,"minecraft:witch":3,"minecraft:spider":25,"minecraft:skeleton":106,"minecraft:husk":5,"minecraft:zombie_villager":1,"minecraft:creeper":86,"minecraft:zombie":114,"minecraft:enderman":15},"minecraft:used":{"minecraft:oak_fence":11,"minecraft:oak_trapdoor":13,"minecraft:rose_bush":1,"minecraft:stone_sword":797,"minecraft:stone_shovel":1153,"minecraft:ladder":3,"minecraft:oak_sign":6,"minecraft:chest":2,"minecraft:shield":38,"minecraft:stone_hoe":120,"minecraft:cooked_chicken":3,"minecraft:rotten_flesh":59,"minecraft:torch":87,"minecraft:dirt":2322,"minecraft:cobblestone_wall":143,"minecraft:carrot":34,"minecraft:granite":2,"minecraft:azure_bluet":2,"minecraft:oak_fence_gate":1,"minecraft:wooden_axe":11,"minecraft:dark_oak_planks":3,"minecraft:grass_block":5,"minecraft:bow":37,"minecraft:written_book":1,"minecraft:egg":21,"minecraft:potato":149,"minecraft:wheat_seeds":298,"minecraft:water_bucket":322,"minecraft:birch_planks":1,"minecraft:stone_pickaxe":1057,"minecraft:dark_oak_sign":3,"minecraft:oak_planks":50,"minecraft:sandstone":5,"minecraft:wooden_pickaxe":113,"minecraft:stonecutter":1,"minecraft:sugar_cane":315,"minecraft:cobblestone_slab":1718,"minecraft:dark_oak_trapdoor":2,"minecraft:sand":24,"minecraft:stripped_dark_oak_log":1,"minecraft:crafting_table":15,"minecraft:blast_furnace":1,"minecraft:painting":9,"minecraft:smoker":1,"minecraft:oak_log":1,"minecraft:bread":90,"minecraft:stone_axe":292,"minecraft:cobblestone":72,"minecraft:cooked_porkchop":2,"minecraft:bucket":323,"minecraft:oak_boat":11,"minecraft:dandelion":6,"minecraft:bone_meal":318}},"DataVersion":3955}