{"stats":{"minecraft:crafted":{"minecraft:oak_planks":96,"minecraft:cobblestone_slab":46,"minecraft:stone_shovel":7,"minecraft:dark_oak_trapdoor":2,"minecraft:stone":3,"minecraft:dark_oak_sign":6,"minecraft:bone_meal":9,"minecraft:ladder":3,"minecraft:stone_pickaxe":5,"minecraft:cobblestone_wall":78,"minecraft:dark_oak_planks":36,"minecraft:stone_hoe":1,"minecraft:oak_fence":12,"minecraft:crafting_table":4,"minecraft:wooden_pickaxe":2,"minecraft:bucket":1,"minecraft:stone_axe":3,"minecraft:air":0,"minecraft:oak_fence_gate":1,"minecraft:oak_boat":1,"minecraft:charcoal":17,"minecraft:shield":2,"minecraft:stick":60,"minecraft:iron_ingot":3,"minecraft:stone_sword":2,"minecraft:stonecutter":1,"minecraft:torch":40},"minecraft:killed":{"minecraft:witch":1,"minecraft:spider":2,"minecraft:skeleton":6,"minecraft:creeper":3,"minecraft:zombie":18,"minecraft:enderman":9},"minecraft:killed_by":{"minecraft:zombie":4},"minecraft:dropped":{"minecraft:grass_block":3,"minecraft:torch":21,"minecraft:music_disc_wait":1,"minecraft:stone_axe":1,"minecraft:stone_shovel":1,"minecraft:rotten_flesh":15,"minecraft:carrot":1,"minecraft:shield":1,"minecraft:arrow":8,"minecraft:bow":1,"minecraft:stone_pickaxe":1,"minecraft:egg":3},"minecraft:custom":{"minecraft:mob_kills":40,"minecraft:interact_with_crafting_table":43,"minecraft:leave_game":5,"minecraft:time_since_death":69436,"minecraft:climb_one_cm":5695,"minecraft:sprint_one_cm":230071,"minecraft:walk_one_cm":753098,"minecraft:damage_blocked_by_shield":145,"minecraft:drop":15,"minecraft:play_time":164419,"minecraft:deaths":6,"minecraft:sneak_time":27261,"minecraft:walk_under_water_one_cm":3277,"minecraft:jump":1352,"minecraft:walk_on_water_one_cm":21855,"minecraft:total_world_time":164419,"minecraft:interact_with_furnace":22,"minecraft:interact_with_stonecutter":5,"minecraft:sleep_in_bed":1,"minecraft:time_since_rest":12680,"minecraft:damage_taken":1705,"minecraft:damage_dealt":9937,"minecraft:swim_one_cm":1657,"minecraft:fly_one_cm":166814,"minecraft:open_chest":48,"minecraft:crouch_one_cm":125123,"minecraft:interact_with_smoker":1,"minecraft:fall_one_cm":23391},"minecraft:mined":{"minecraft:dark_oak_planks":2,"minecraft:grass_block":248,"minecraft:oxeye_daisy":1,"minecraft:carrots":4,"minecraft:iron_ore":3,"minecraft:azure_bluet":1,"minecraft:cobblestone_slab":18,"minecraft:stone":326,"minecraft:stripped_dark_oak_log":32,"minecraft:dandelion":1,"minecraft:cornflower":1,"minecraft:crafting_table":3,"minecraft:torch":2,"minecraft:short_grass":72,"minecraft:tall_grass":32,"minecraft:cobblestone":4,"minecraft:sugar_cane":21,"minecraft:cobblestone_wall":25,"minecraft:dark_oak_wall_sign":1,"minecraft:wheat":3,"minecraft:dark_oak_sign":1,"minecraft:oak_log":32,"minecraft:coal_ore":5,"minecraft:sand":17,"minecraft:dirt":512,"minecraft:oak_leaves":26},"minecraft:broken":{"minecraft:wooden_pickaxe":1,"minecraft:stone_pickaxe":1,"minecraft:stone_axe":1,"minecraft:stone_shovel":4},"minecraft:picked_up":{"minecraft:charcoal":7,"minecraft:crafting_table":3,"minecraft:wheat":3,"minecraft:azure_bluet":2,"minecraft:shield":1,"minecraft:cornflower":2,"minecraft:bucket":1,"minecraft:oak_boat":14,"minecraft:rose_bush":1,"minecraft:cobblestone_slab":27,"minecraft:poppy":3,"minecraft:sugar_cane":42,"minecraft:egg":27,"minecraft:raw_iron":7,"minecraft:stick":21,"minecraft:torch":17,"minecraft:porkchop":3,"minecraft:carrot":14,"minecraft:redstone":7,"minecraft:dark_oak_planks":2,"minecraft:stone_sword":3,"minecraft:arrow":14,"minecraft:rotten_flesh":54,"minecraft:music_disc_wait":2,"minecraft:mutton":1,"minecraft:cobblestone":503,"minecraft:oxeye_daisy":1,"minecraft:oak_log":32,"minecraft:cobblestone_wall":341,"minecraft:gunpowder":4,"minecraft:dirt":744,"minecraft:bone":13,"minecraft:apple":6,"minecraft:bow":2,"minecraft:wheat_seeds":27,"minecraft:cooked_chicken":3,"minecraft:iron_ingot":3,"minecraft:dark_oak_sign":3,"minecraft:cooked_porkchop":3,"minecraft:dandelion":30,"minecraft:sand":15,"minecraft:grass_block":6,"minecraft:spider_eye":1,"minecraft:sugar":2,"minecraft:bread":1,"minecraft:oak_sapling":11,"minecraft:stripped_dark_oak_log":60,"minecraft:coal":7,"minecraft:ender_pearl":5},"minecraft:used":{"minecraft:oak_fence":11,"minecraft:rose_bush":1,"minecraft:stone_sword":95,"minecraft:stone_shovel":687,"minecraft:ladder":3,"minecraft:chest":1,"minecraft:shield":5,"minecraft:stone_hoe":104,"minecraft:cooked_chicken":3,"minecraft:rotten_flesh":27,"minecraft:torch":40,"minecraft:dirt":789,"minecraft:cobblestone_wall":143,"minecraft:carrot":8,"minecraft:azure_bluet":2,"minecraft:oak_fence_gate":1,"minecraft:wooden_axe":11,"minecraft:dark_oak_planks":3,"minecraft:grass_block":4,"minecraft:egg":16,"minecraft:wheat_seeds":33,"minecraft:water_bucket":35,"minecraft:stone_pickaxe":307,"minecraft:dark_oak_sign":3,"minecraft:wooden_pickaxe":75,"minecraft:sugar_cane":22,"minecraft:stonecutter":1,"minecraft:cobblestone_slab":458,"minecraft:dark_oak_trapdoor":2,"minecraft:stripped_dark_oak_log":1,"minecraft:crafting_table":5,"minecraft:oak_log":1,"minecraft:bread":1,"minecraft:stone_axe":100,"minecraft:cobblestone":24,"minecraft:cooked_porkchop":1,"minecraft:bucket":35,"minecraft:oak_boat":11,"minecraft:dandelion":6,"minecraft:bone_meal":9}},"DataVersion":3955}