{"stats":{"minecraft:mined":{"minecraft:short_grass":4,"minecraft:spruce_leaves":2,"minecraft:grass_block":1},"minecraft:custom":{"minecraft:jump":187,"minecraft:open_chest":2,"minecraft:time_since_rest":7561,"minecraft:leave_game":1,"minecraft:sprint_one_cm":18324,"minecraft:play_time":7561,"minecraft:damage_taken":80,"minecraft:time_since_death":7561,"minecraft:walk_one_cm":5162,"minecraft:sneak_time":2,"minecraft:total_world_time":7561,"minecraft:fall_one_cm":8193,"minecraft:fly_one_cm":50154},"minecraft:picked_up":{"minecraft:dirt":1},"minecraft:used":{"minecraft:golden_helmet":1,"minecraft:golden_chestplate":1,"minecraft:dirt":1,"minecraft:goat_horn":1}},"DataVersion":3955}