{"stats":{"minecraft:killed_by":{"minecraft:husk":4,"minecraft:creeper":3,"minecraft:enderman":1,"minecraft:cave_spider":1,"minecraft:skeleton":8,"minecraft:witch":1,"minecraft:zombie":8},"minecraft:mined":{"minecraft:dark_oak_planks":2,"minecraft:diamond_ore":5,"minecraft:white_bed":1,"minecraft:deepslate_diamond_ore":2,"minecraft:potted_wither_rose":1,"minecraft:jungle_leaves":1,"minecraft:grass_block":283,"minecraft:oxeye_daisy":1,"minecraft:spawner":3,"minecraft:large_fern":1,"minecraft:redstone_ore":1,"minecraft:oak_trapdoor":1,"minecraft:carrots":21,"minecraft:dark_oak_trapdoor":1,"minecraft:iron_ore":36,"minecraft:deepslate_lapis_ore":4,"minecraft:azure_bluet":1,"minecraft:bookshelf":16,"minecraft:potatoes":108,"minecraft:cobblestone_slab":415,"minecraft:vine":2,"minecraft:stone":1034,"minecraft:red_bed":1,"minecraft:smoker":1,"minecraft:stripped_dark_oak_log":32,"minecraft:dandelion":4,"minecraft:crafting_table":9,"minecraft:cornflower":1,"minecraft:torch":31,"minecraft:short_grass":196,"minecraft:blast_furnace":1,"minecraft:emerald_ore":2,"minecraft:poppy":8,"minecraft:cobblestone":209,"minecraft:tall_grass":122,"minecraft:lapis_ore":6,"minecraft:deepslate_gold_ore":3,"minecraft:sugar_cane":948,"minecraft:oak_planks":2,"minecraft:wall_torch":1,"minecraft:amethyst_block":4,"minecraft:birch_planks":1,"minecraft:cobblestone_wall":29,"minecraft:dark_oak_wall_sign":1,"minecraft:birch_log":11,"minecraft:wheat":309,"minecraft:ice":2,"minecraft:birch_leaves":1,"minecraft:coal_ore":27,"minecraft:oak_log":91,"minecraft:dark_oak_sign":1,"minecraft:sand":29,"minecraft:dirt":1165,"minecraft:cobweb":3,"minecraft:stone_bricks":1,"minecraft:gold_ore":28,"minecraft:oak_leaves":44,"minecraft:deepslate_emerald_ore":1},"minecraft:dropped":{"minecraft:enchanted_book":1,"minecraft:water_bucket":1,"minecraft:bread":212,"minecraft:wheat_seeds":84,"minecraft:diamond":3,"minecraft:diamond_leggings":1,"minecraft:lead":2,"minecraft:apple":2,"minecraft:grass_block":3,"minecraft:dirt":245,"minecraft:torch":21,"minecraft:diamond_helmet":1,"minecraft:bone_meal":138,"minecraft:music_disc_wait":1,"minecraft:iron_pickaxe":1,"minecraft:string":10,"minecraft:dandelion":1,"minecraft:bone":44,"minecraft:stone_axe":2,"minecraft:wheat":83,"minecraft:sugar_cane":3,"minecraft:stone_shovel":1,"minecraft:stone_sword":3,"minecraft:cobbled_deepslate":1,"minecraft:rotten_flesh":15,"minecraft:carrot":37,"minecraft:flint_and_steel":1,"minecraft:diamond_sword":1,"minecraft:potato":1,"minecraft:cobblestone_slab":2,"minecraft:shield":2,"minecraft:diamond_chestplate":1,"minecraft:charcoal":3,"minecraft:oak_sapling":7,"minecraft:diamond_boots":1,"minecraft:bow":4,"minecraft:arrow":211,"minecraft:stone_pickaxe":2,"minecraft:written_book":2,"minecraft:firework_rocket":7,"minecraft:egg":3},"minecraft:custom":{"minecraft:mob_kills":552,"minecraft:animals_bred":5,"minecraft:interact_with_crafting_table":127,"minecraft:leave_game":16,"minecraft:time_since_death":162270,"minecraft:climb_one_cm":14146,"minecraft:sprint_one_cm":1971831,"minecraft:walk_one_cm":2015624,"minecraft:damage_blocked_by_shield":1195,"minecraft:drop":82,"minecraft:talked_to_villager":117,"minecraft:play_time":712569,"minecraft:deaths":30,"minecraft:sneak_time":94631,"minecraft:walk_under_water_one_cm":12165,"minecraft:jump":11347,"minecraft:interact_with_brewingstand":1,"minecraft:interact_with_blast_furnace":5,"minecraft:walk_on_water_one_cm":138088,"minecraft:total_world_time":712569,"minecraft:interact_with_furnace":35,"minecraft:play_record":2,"minecraft:traded_with_villager":136,"minecraft:interact_with_cartography_table":1,"minecraft:pot_flower":1,"minecraft:interact_with_stonecutter":15,"minecraft:sleep_in_bed":10,"minecraft:time_since_rest":161407,"minecraft:damage_taken":11707,"minecraft:damage_dealt":68060,"minecraft:swim_one_cm":50258,"minecraft:fly_one_cm":2261599,"minecraft:open_chest":439,"minecraft:crouch_one_cm":412955,"minecraft:interact_with_smoker":21,"minecraft:fall_one_cm":172004},"minecraft:crafted":{"minecraft:oak_planks":268,"minecraft:stone_shovel":11,"minecraft:cobblestone_slab":896,"minecraft:oak_sign":9,"minecraft:dark_oak_trapdoor":2,"minecraft:stone":3,"minecraft:dark_oak_sign":6,"minecraft:bone_meal":330,"minecraft:oak_trapdoor":16,"minecraft:diamond_helmet":1,"minecraft:bow":8,"minecraft:diamond_leggings":2,"minecraft:ladder":3,"minecraft:stone_pickaxe":15,"minecraft:cobblestone_wall":78,"minecraft:chest":1,"minecraft:diamond_boots":2,"minecraft:dark_oak_planks":36,"minecraft:stone_hoe":2,"minecraft:oak_fence":12,"minecraft:wheat":9,"minecraft:diamond_sword":2,"minecraft:emerald":114,"minecraft:cooked_porkchop":8,"minecraft:crafting_table":10,"minecraft:baked_potato":54,"minecraft:iron_helmet":1,"minecraft:wooden_pickaxe":3,"minecraft:birch_planks":44,"minecraft:bucket":2,"minecraft:hay_block":16,"minecraft:stone_axe":6,"minecraft:bread":207,"minecraft:air":0,"minecraft:oak_fence_gate":1,"minecraft:oak_boat":1,"minecraft:paper":1827,"minecraft:charcoal":38,"minecraft:shield":4,"minecraft:stick":123,"minecraft:iron_ingot":14,"minecraft:iron_pickaxe":1,"minecraft:stone_sword":16,"minecraft:stonecutter":1,"minecraft:torch":140,"minecraft:diamond_chestplate":1},"minecraft:picked_up":{"minecraft:charcoal":24,"minecraft:crafting_table":21,"minecraft:wheat":303,"minecraft:azure_bluet":2,"minecraft:chicken":1,"minecraft:flower_pot":1,"minecraft:lead":10,"minecraft:diamond_sword":1,"minecraft:wither_rose":1,"minecraft:enchanted_book":2,"minecraft:shield":9,"minecraft:amethyst_block":4,"minecraft:red_bed":1,"minecraft:cornflower":2,"minecraft:music_disc_cat":1,"minecraft:oak_trapdoor":1,"minecraft:string":70,"minecraft:dark_oak_trapdoor":1,"minecraft:flint_and_steel":5,"minecraft:oak_sign":4,"minecraft:cobbled_deepslate":1,"minecraft:bucket":17,"minecraft:music_disc_otherside":1,"minecraft:cobblestone_slab":697,"minecraft:oak_boat":14,"minecraft:rose_bush":1,"minecraft:written_book":1,"minecraft:poppy":18,"minecraft:iron_pickaxe":1,"minecraft:sugar_cane":2182,"minecraft:birch_sapling":12,"minecraft:phantom_membrane":5,"minecraft:egg":36,"minecraft:stick":132,"minecraft:raw_iron":51,"minecraft:sandstone":34,"minecraft:torch":97,"minecraft:porkchop":3,"minecraft:carrot":136,"minecraft:redstone":23,"minecraft:dark_oak_planks":2,"minecraft:stone_shovel":10,"minecraft:rotten_flesh":953,"minecraft:stone_sword":20,"minecraft:arrow":475,"minecraft:music_disc_wait":2,"minecraft:mutton":1,"minecraft:cobblestone":2093,"minecraft:oxeye_daisy":2,"minecraft:birch_log":11,"minecraft:feather":2,"minecraft:cut_sandstone":2,"minecraft:smoker":1,"minecraft:potato":365,"minecraft:birch_planks":15,"minecraft:oak_log":110,"minecraft:smooth_sandstone_stairs":2,"minecraft:gunpowder":244,"minecraft:cobblestone_wall":343,"minecraft:paper":55,"minecraft:map":1,"minecraft:lapis_lazuli":77,"minecraft:dirt":2357,"minecraft:bone":424,"minecraft:apple":28,"minecraft:stone_bricks":1,"minecraft:bow":30,"minecraft:wheat_seeds":918,"minecraft:raw_gold":34,"minecraft:stone_pickaxe":13,"minecraft:iron_ingot":4,"minecraft:cooked_chicken":3,"minecraft:dark_oak_sign":3,"minecraft:bamboo":34,"minecraft:glowstone_dust":2,"minecraft:oak_planks":6,"minecraft:stone_hoe":11,"minecraft:book":144,"minecraft:cooked_porkchop":3,"minecraft:red_sandstone_wall":2,"minecraft:dandelion":113,"minecraft:sand":99,"minecraft:blast_furnace":1,"minecraft:white_bed":1,"minecraft:grass_block":6,"minecraft:spider_eye":24,"minecraft:firework_rocket":21,"minecraft:sugar":2,"minecraft:diamond":5,"minecraft:stone_axe":20,"minecraft:granite":7,"minecraft:painting":9,"minecraft:bread":507,"minecraft:emerald":80,"minecraft:oak_sapling":58,"minecraft:stripped_dark_oak_log":60,"minecraft:coal":30,"minecraft:ender_pearl":11},"minecraft:broken":{"minecraft:stone_sword":2,"minecraft:stone_hoe":1,"minecraft:wooden_pickaxe":1,"minecraft:stone_pickaxe":8,"minecraft:stone_axe":1,"minecraft:iron_pickaxe":1,"minecraft:stone_shovel":6},"minecraft:killed":{"minecraft:cave_spider":1,"minecraft:witch":3,"minecraft:spider":40,"minecraft:phantom":6,"minecraft:skeleton":148,"minecraft:zombie_villager":6,"minecraft:husk":27,"minecraft:creeper":120,"minecraft:zombie":181,"minecraft:enderman":15},"minecraft:used":{"minecraft:oak_fence":11,"minecraft:oak_trapdoor":13,"minecraft:rose_bush":1,"minecraft:stone_sword":1029,"minecraft:stone_shovel":1153,"minecraft:ladder":3,"minecraft:oak_sign":6,"minecraft:chest":2,"minecraft:shield":40,"minecraft:stone_hoe":120,"minecraft:cooked_chicken":3,"minecraft:rotten_flesh":61,"minecraft:torch":103,"minecraft:dirt":2343,"minecraft:cobblestone_wall":234,"minecraft:carrot":34,"minecraft:granite":2,"minecraft:azure_bluet":2,"minecraft:oak_fence_gate":1,"minecraft:wooden_axe":11,"minecraft:dark_oak_planks":3,"minecraft:lava_bucket":4,"minecraft:grass_block":5,"minecraft:bow":60,"minecraft:written_book":1,"minecraft:egg":21,"minecraft:potato":188,"minecraft:wheat_seeds":298,"minecraft:water_bucket":338,"minecraft:birch_planks":1,"minecraft:oak_planks":50,"minecraft:stone_pickaxe":1456,"minecraft:dark_oak_sign":3,"minecraft:baked_potato":13,"minecraft:sandstone":5,"minecraft:stonecutter":1,"minecraft:sugar_cane":322,"minecraft:wooden_pickaxe":113,"minecraft:cobblestone_slab":1807,"minecraft:dark_oak_trapdoor":2,"minecraft:sand":24,"minecraft:stripped_dark_oak_log":1,"minecraft:blast_furnace":1,"minecraft:crafting_table":15,"minecraft:red_bed":1,"minecraft:white_bed":1,"minecraft:painting":9,"minecraft:smoker":1,"minecraft:oak_log":1,"minecraft:flower_pot":1,"minecraft:bread":104,"minecraft:iron_pickaxe":251,"minecraft:stone_axe":292,"minecraft:diamond_sword":182,"minecraft:cobblestone":100,"minecraft:cooked_porkchop":7,"minecraft:bucket":344,"minecraft:oak_boat":11,"minecraft:dandelion":6,"minecraft:bone_meal":398}},"DataVersion":3955}