{"stats":{"minecraft:killed_by":{"minecraft:creeper":3,"minecraft:cave_spider":1,"minecraft:witch":1,"minecraft:zombie":8,"minecraft:husk":4,"minecraft:enderman":1,"minecraft:skeleton":8},"minecraft:dropped":{"minecraft:glass_bottle":2,"minecraft:diamond":3,"minecraft:cooked_porkchop":3,"minecraft:rail":2,"minecraft:cut_sandstone_slab":6,"minecraft:dirt":246,"minecraft:gold_nugget":7,"minecraft:bone_meal":138,"minecraft:phantom_membrane":10,"minecraft:iron_pickaxe":1,"minecraft:bone":51,"minecraft:stone_axe":2,"minecraft:sugar_cane":3,"minecraft:cobbled_deepslate":1,"minecraft:wheat":83,"minecraft:rotten_flesh":20,"minecraft:oak_planks":2,"minecraft:carrot":37,"minecraft:charcoal":3,"minecraft:arrow":211,"minecraft:written_book":2,"minecraft:egg":3,"minecraft:firework_rocket":7,"minecraft:water_bucket":1,"minecraft:enchanted_book":2,"minecraft:bread":254,"minecraft:wheat_seeds":84,"minecraft:diamond_leggings":1,"minecraft:cobblestone":1,"minecraft:lead":2,"minecraft:apple":2,"minecraft:grass_block":3,"minecraft:stick":1,"minecraft:torch":21,"minecraft:diamond_helmet":1,"minecraft:music_disc_wait":1,"minecraft:string":40,"minecraft:dandelion":1,"minecraft:stone_sword":4,"minecraft:stone_shovel":1,"minecraft:flint_and_steel":1,"minecraft:diamond_sword":2,"minecraft:cobblestone_slab":2,"minecraft:potato":1,"minecraft:shield":2,"minecraft:diamond_chestplate":1,"minecraft:diamond_pickaxe":1,"minecraft:oak_sapling":7,"minecraft:diamond_boots":1,"minecraft:sandstone":13,"minecraft:bow":6,"minecraft:stone_pickaxe":2},"minecraft:mined":{"minecraft:dark_oak_planks":2,"minecraft:cut_sandstone_slab":15,"minecraft:white_bed":1,"minecraft:jungle_leaves":1,"minecraft:grass_block":283,"minecraft:oxeye_daisy":1,"minecraft:spawner":3,"minecraft:dark_oak_trapdoor":1,"minecraft:iron_ore":40,"minecraft:deepslate_lapis_ore":4,"minecraft:azure_bluet":1,"minecraft:smooth_sandstone_stairs":41,"minecraft:sandstone_slab":9,"minecraft:cut_sandstone":119,"minecraft:red_bed":1,"minecraft:smoker":1,"minecraft:orange_terracotta":7,"minecraft:torch":45,"minecraft:blast_furnace":1,"minecraft:poppy":9,"minecraft:chest":4,"minecraft:cobblestone":235,"minecraft:oak_planks":2,"minecraft:sugar_cane":1079,"minecraft:smooth_sandstone_slab":49,"minecraft:wall_torch":29,"minecraft:amethyst_block":4,"minecraft:blue_terracotta":2,"minecraft:birch_log":11,"minecraft:wheat":309,"minecraft:oak_log":95,"minecraft:sand":29,"minecraft:dirt":1170,"minecraft:sandstone_wall":7,"minecraft:oak_leaves":44,"minecraft:diamond_ore":5,"minecraft:potted_wither_rose":1,"minecraft:deepslate_diamond_ore":2,"minecraft:sandstone":301,"minecraft:large_fern":1,"minecraft:redstone_ore":1,"minecraft:oak_trapdoor":3,"minecraft:furnace":1,"minecraft:carrots":21,"minecraft:bookshelf":16,"minecraft:potatoes":1200,"minecraft:vine":2,"minecraft:cobblestone_slab":415,"minecraft:stone":1080,"minecraft:stripped_dark_oak_log":32,"minecraft:dandelion":4,"minecraft:oak_fence":3,"minecraft:smooth_sandstone":279,"minecraft:cornflower":1,"minecraft:crafting_table":11,"minecraft:short_grass":199,"minecraft:emerald_ore":2,"minecraft:tall_grass":126,"minecraft:deepslate_gold_ore":3,"minecraft:lapis_ore":7,"minecraft:birch_planks":1,"minecraft:cobblestone_wall":30,"minecraft:dark_oak_wall_sign":1,"minecraft:ice":2,"minecraft:birch_leaves":1,"minecraft:dark_oak_sign":1,"minecraft:coal_ore":30,"minecraft:cobweb":66,"minecraft:stone_bricks":1,"minecraft:gold_ore":51,"minecraft:deepslate_emerald_ore":1},"minecraft:custom":{"minecraft:animals_bred":6,"minecraft:interact_with_crafting_table":150,"minecraft:leave_game":16,"minecraft:time_since_death":492270,"minecraft:sprint_one_cm":2483610,"minecraft:damage_blocked_by_shield":1442,"minecraft:drop":109,"minecraft:talked_to_villager":157,"minecraft:play_time":1042569,"minecraft:deaths":30,"minecraft:jump":14388,"minecraft:interact_with_brewingstand":1,"minecraft:walk_on_water_one_cm":265599,"minecraft:interact_with_furnace":39,"minecraft:play_record":2,"minecraft:traded_with_villager":335,"minecraft:interact_with_cartography_table":1,"minecraft:sleep_in_bed":11,"minecraft:damage_dealt":131760,"minecraft:crouch_one_cm":538585,"minecraft:interact_with_smoker":25,"minecraft:interact_with_anvil":9,"minecraft:mob_kills":1161,"minecraft:climb_one_cm":18252,"minecraft:walk_one_cm":2650360,"minecraft:sneak_time":121078,"minecraft:walk_under_water_one_cm":15921,"minecraft:interact_with_blast_furnace":17,"minecraft:total_world_time":1042569,"minecraft:pot_flower":1,"minecraft:interact_with_stonecutter":15,"minecraft:time_since_rest":8519,"minecraft:damage_absorbed":41,"minecraft:damage_taken":15480,"minecraft:swim_one_cm":57017,"minecraft:fly_one_cm":2821788,"minecraft:open_chest":657,"minecraft:fall_one_cm":222555},"minecraft:crafted":{"minecraft:oak_planks":384,"minecraft:cobblestone_slab":896,"minecraft:oak_sign":9,"minecraft:cut_sandstone_slab":60,"minecraft:stone":3,"minecraft:diamond_helmet":1,"minecraft:diamond_leggings":2,"minecraft:bow":18,"minecraft:chest":5,"minecraft:stone_hoe":2,"minecraft:oak_fence":12,"minecraft:emerald":310,"minecraft:cooked_porkchop":8,"minecraft:crafting_table":13,"minecraft:wooden_pickaxe":3,"minecraft:baked_potato":54,"minecraft:iron_helmet":1,"minecraft:hay_block":16,"minecraft:birch_planks":44,"minecraft:wooden_hoe":1,"minecraft:diamond_pickaxe":1,"minecraft:paper":2514,"minecraft:charcoal":38,"minecraft:shield":4,"minecraft:stick":139,"minecraft:iron_ingot":58,"minecraft:iron_pickaxe":1,"minecraft:iron_block":3,"minecraft:stone_sword":20,"minecraft:stone_shovel":11,"minecraft:dark_oak_trapdoor":2,"minecraft:dark_oak_sign":6,"minecraft:bone_meal":2634,"minecraft:oak_trapdoor":34,"minecraft:ladder":3,"minecraft:stone_pickaxe":15,"minecraft:cobblestone_wall":78,"minecraft:diamond_boots":2,"minecraft:dark_oak_planks":36,"minecraft:wheat":9,"minecraft:diamond_sword":3,"minecraft:sandstone_slab":18,"minecraft:bucket":2,"minecraft:stone_axe":6,"minecraft:enchanted_book":3,"minecraft:bread":207,"minecraft:air":0,"minecraft:jungle_planks":4,"minecraft:oak_fence_gate":1,"minecraft:oak_boat":1,"minecraft:smooth_sandstone_slab":78,"minecraft:stonecutter":1,"minecraft:anvil":1,"minecraft:torch":140,"minecraft:diamond_chestplate":1},"minecraft:picked_up":{"minecraft:wheat":303,"minecraft:flower_pot":1,"minecraft:diamond_sword":2,"minecraft:lead":10,"minecraft:enchanted_book":3,"minecraft:wither_rose":1,"minecraft:potion":4,"minecraft:amethyst_block":4,"minecraft:music_disc_cat":1,"minecraft:string":126,"minecraft:dark_oak_trapdoor":1,"minecraft:oak_sign":4,"minecraft:diamond_leggings":1,"minecraft:tnt_minecart":1,"minecraft:gold_nugget":17,"minecraft:cobbled_deepslate":1,"minecraft:bucket":18,"minecraft:white_tulip":1,"minecraft:written_book":1,"minecraft:rose_bush":1,"minecraft:cobblestone_slab":697,"minecraft:iron_pickaxe":1,"minecraft:furnace":1,"minecraft:stick":138,"minecraft:oak_fence":3,"minecraft:torch":207,"minecraft:sandstone_wall":9,"minecraft:porkchop":3,"minecraft:stone_sword":25,"minecraft:rotten_flesh":1126,"minecraft:music_disc_wait":2,"minecraft:cobblestone":2164,"minecraft:birch_log":11,"minecraft:feather":2,"minecraft:jungle_log":1,"minecraft:smoker":1,"minecraft:potato":4189,"minecraft:smooth_sandstone_stairs":46,"minecraft:cut_sandstone_slab":12,"minecraft:dirt":2409,"minecraft:lapis_lazuli":85,"minecraft:map":1,"minecraft:bone":910,"minecraft:bow":65,"minecraft:wheat_seeds":974,"minecraft:raw_gold":76,"minecraft:dark_oak_sign":3,"minecraft:glowstone_dust":2,"minecraft:bamboo":34,"minecraft:rabbit":1,"minecraft:diamond_helmet":1,"minecraft:stone_hoe":11,"minecraft:oak_planks":18,"minecraft:cooked_porkchop":6,"minecraft:red_sandstone_wall":2,"minecraft:poisonous_potato":18,"minecraft:sand":106,"minecraft:grass_block":6,"minecraft:blue_terracotta":3,"minecraft:sugar":2,"minecraft:diamond":7,"minecraft:granite":7,"minecraft:emerald":80,"minecraft:bread":528,"minecraft:oak_sapling":59,"minecraft:diamond_pickaxe":1,"minecraft:charcoal":26,"minecraft:crafting_table":23,"minecraft:sandstone_slab":9,"minecraft:azure_bluet":2,"minecraft:chicken":1,"minecraft:chest_minecart":1,"minecraft:shield":10,"minecraft:cornflower":2,"minecraft:oak_trapdoor":3,"minecraft:red_bed":1,"minecraft:flint_and_steel":5,"minecraft:item_frame":7,"minecraft:music_disc_otherside":1,"minecraft:oak_boat":14,"minecraft:poppy":20,"minecraft:chest":3,"minecraft:sugar_cane":2871,"minecraft:birch_sapling":12,"minecraft:phantom_membrane":10,"minecraft:egg":37,"minecraft:raw_iron":57,"minecraft:sandstone":341,"minecraft:carrot":201,"minecraft:redstone":23,"minecraft:dark_oak_planks":2,"minecraft:smooth_sandstone_slab":48,"minecraft:arrow":971,"minecraft:stone_shovel":11,"minecraft:diamond_chestplate":1,"minecraft:shears":1,"minecraft:diamond_boots":1,"minecraft:gold_ingot":7,"minecraft:mutton":1,"minecraft:rail":2,"minecraft:oxeye_daisy":2,"minecraft:cut_sandstone":129,"minecraft:birch_planks":15,"minecraft:oak_log":115,"minecraft:cobblestone_wall":344,"minecraft:gunpowder":257,"minecraft:paper":55,"minecraft:orange_terracotta":6,"minecraft:smooth_sandstone":258,"minecraft:apple":41,"minecraft:stone_bricks":1,"minecraft:iron_ingot":7,"minecraft:stone_pickaxe":13,"minecraft:cooked_chicken":3,"minecraft:cobweb":68,"minecraft:glass_bottle":2,"minecraft:book":144,"minecraft:dandelion":114,"minecraft:blast_furnace":1,"minecraft:white_bed":1,"minecraft:spider_eye":43,"minecraft:firework_rocket":21,"minecraft:stone_axe":21,"minecraft:painting":9,"minecraft:stripped_dark_oak_log":60,"minecraft:coal":33,"minecraft:ender_pearl":13},"minecraft:broken":{"minecraft:stone_pickaxe":8,"minecraft:diamond_boots":1,"minecraft:stone_axe":1,"minecraft:stone_shovel":6,"minecraft:stone_sword":5,"minecraft:stone_hoe":1,"minecraft:wooden_pickaxe":1,"minecraft:iron_pickaxe":1,"minecraft:iron_helmet":1},"minecraft:killed":{"minecraft:cave_spider":11,"minecraft:witch":3,"minecraft:spider":66,"minecraft:skeleton":552,"minecraft:zombie_villager":9,"minecraft:creeper":130,"minecraft:trader_llama":1,"minecraft:zombie":192,"minecraft:phantom":9,"minecraft:husk":142,"minecraft:enderman":17},"minecraft:used":{"minecraft:ladder":3,"minecraft:oak_sign":6,"minecraft:chest":9,"minecraft:shield":48,"minecraft:smooth_sandstone_stairs":6,"minecraft:rotten_flesh":68,"minecraft:carrot":38,"minecraft:azure_bluet":2,"minecraft:lava_bucket":4,"minecraft:grass_block":5,"minecraft:bow":89,"minecraft:written_book":1,"minecraft:egg":21,"minecraft:potato":1177,"minecraft:dark_oak_sign":3,"minecraft:stone_pickaxe":1500,"minecraft:oak_planks":51,"minecraft:wooden_pickaxe":113,"minecraft:sandstone":211,"minecraft:sugar_cane":322,"minecraft:golden_apple":1,"minecraft:dark_oak_trapdoor":2,"minecraft:sand":25,"minecraft:cut_sandstone_slab":66,"minecraft:blast_furnace":1,"minecraft:bread":104,"minecraft:diamond_sword":856,"minecraft:chest_minecart":1,"minecraft:oak_boat":11,"minecraft:bone_meal":2632,"minecraft:cobweb":9,"minecraft:oak_trapdoor":33,"minecraft:oak_fence":13,"minecraft:rose_bush":1,"minecraft:stone_sword":1546,"minecraft:stone_shovel":1153,"minecraft:stone_hoe":120,"minecraft:cooked_chicken":3,"minecraft:torch":179,"minecraft:dirt":2345,"minecraft:anvil":1,"minecraft:cobblestone_wall":235,"minecraft:granite":2,"minecraft:oak_fence_gate":1,"minecraft:dark_oak_planks":3,"minecraft:wooden_axe":11,"minecraft:smooth_sandstone":237,"minecraft:wheat_seeds":298,"minecraft:water_bucket":379,"minecraft:birch_planks":1,"minecraft:baked_potato":86,"minecraft:smooth_sandstone_slab":123,"minecraft:cut_sandstone":59,"minecraft:stonecutter":1,"minecraft:cobblestone_slab":1807,"minecraft:stripped_dark_oak_log":1,"minecraft:crafting_table":19,"minecraft:red_bed":1,"minecraft:white_bed":1,"minecraft:painting":9,"minecraft:smoker":1,"minecraft:oak_log":1,"minecraft:wooden_hoe":10,"minecraft:flower_pot":1,"minecraft:diamond_pickaxe":898,"minecraft:iron_pickaxe":251,"minecraft:stone_axe":292,"minecraft:cobblestone":310,"minecraft:potion":2,"minecraft:cooked_porkchop":10,"minecraft:sandstone_slab":25,"minecraft:bucket":385,"minecraft:dandelion":6}},"DataVersion":3955}