{"minecraft:recipes/decorations/crafting_table":{"criteria":{"unlock_right_away":"2024-11-12 04:11:17 +0000"},"done":true},"minecraft:adventure/adventuring_time":{"criteria":{"minecraft:flower_forest":"2024-11-12 04:16:26 +0000","minecraft:river":"2024-11-12 04:11:47 +0000","minecraft:snowy_plains":"2024-11-17 03:23:40 +0000","minecraft:dripstone_caves":"2024-11-25 04:28:12 +0000","minecraft:frozen_ocean":"2024-11-17 05:24:44 +0000","minecraft:desert":"2024-11-17 03:31:22 +0000","minecraft:jungle":"2024-11-17 05:13:27 +0000","minecraft:ocean":"2024-11-19 23:23:25 +0000","minecraft:swamp":"2024-11-27 03:37:08 +0000","minecraft:birch_forest":"2024-11-20 03:10:43 +0000","minecraft:bamboo_jungle":"2024-11-19 22:03:36 +0000","minecraft:plains":"2024-11-12 04:11:18 +0000","minecraft:warm_ocean":"2024-11-17 03:32:12 +0000"},"done":false},"minecraft:recipes/misc/charcoal":{"criteria":{"has_log":"2024-11-12 04:11:54 +0000"},"done":true},"minecraft:recipes/building_blocks/oak_planks":{"criteria":{"has_logs":"2024-11-12 04:11:54 +0000"},"done":true},"minecraft:recipes/building_blocks/oak_wood":{"criteria":{"has_log":"2024-11-12 04:11:54 +0000"},"done":true},"minecraft:story/root":{"criteria":{"crafting_table":"2024-11-12 04:12:39 +0000"},"done":true},"minecraft:recipes/building_blocks/oak_slab":{"criteria":{"has_planks":"2024-11-12 04:12:57 +0000"},"done":true},"minecraft:recipes/decorations/oak_sign":{"criteria":{"has_planks":"2024-11-12 04:12:57 +0000"},"done":true},"minecraft:recipes/redstone/oak_trapdoor":{"criteria":{"has_planks":"2024-11-12 04:12:57 +0000"},"done":true},"minecraft:recipes/redstone/oak_fence_gate":{"criteria":{"has_planks":"2024-11-12 04:12:57 +0000"},"done":true},"minecraft:recipes/redstone/oak_pressure_plate":{"criteria":{"has_planks":"2024-11-12 04:12:57 +0000"},"done":true},"minecraft:recipes/redstone/oak_door":{"criteria":{"has_planks":"2024-11-12 04:12:57 +0000"},"done":true},"minecraft:recipes/misc/stick":{"criteria":{"has_planks":"2024-11-12 04:12:57 +0000"},"done":true},"minecraft:recipes/building_blocks/oak_stairs":{"criteria":{"has_planks":"2024-11-12 04:12:57 +0000"},"done":true},"minecraft:recipes/decorations/oak_fence":{"criteria":{"has_planks":"2024-11-12 04:12:57 +0000"},"done":true},"minecraft:recipes/decorations/barrel":{"criteria":{"has_planks":"2024-11-12 04:12:57 +0000"},"done":true},"minecraft:recipes/redstone/oak_button":{"criteria":{"has_planks":"2024-11-12 04:12:57 +0000"},"done":true},"minecraft:recipes/decorations/ladder":{"criteria":{"has_stick":"2024-11-12 04:13:11 +0000"},"done":true},"minecraft:recipes/decorations/campfire":{"criteria":{"has_stick":"2024-11-12 04:13:11 +0000"},"done":true},"minecraft:recipes/tools/wooden_hoe":{"criteria":{"has_stick":"2024-11-12 04:13:11 +0000"},"done":true},"minecraft:recipes/tools/wooden_pickaxe":{"criteria":{"has_stick":"2024-11-12 04:13:11 +0000"},"done":true},"minecraft:recipes/tools/wooden_axe":{"criteria":{"has_stick":"2024-11-12 04:13:11 +0000"},"done":true},"minecraft:recipes/tools/wooden_shovel":{"criteria":{"has_stick":"2024-11-12 04:13:11 +0000"},"done":true},"minecraft:recipes/combat/wooden_sword":{"criteria":{"has_stick":"2024-11-12 04:13:11 +0000"},"done":true},"minecraft:recipes/transportation/mangrove_boat":{"criteria":{"in_water":"2024-11-12 04:13:33 +0000"},"done":true},"minecraft:recipes/transportation/acacia_boat":{"criteria":{"in_water":"2024-11-12 04:13:33 +0000"},"done":true},"minecraft:recipes/transportation/cherry_boat":{"criteria":{"in_water":"2024-11-12 04:13:33 +0000"},"done":true},"minecraft:recipes/transportation/bamboo_raft":{"criteria":{"in_water":"2024-11-12 04:13:33 +0000"},"done":true},"minecraft:recipes/transportation/spruce_boat":{"criteria":{"in_water":"2024-11-12 04:13:33 +0000"},"done":true},"minecraft:recipes/transportation/birch_boat":{"criteria":{"in_water":"2024-11-12 04:13:33 +0000"},"done":true},"minecraft:recipes/transportation/oak_boat":{"criteria":{"in_water":"2024-11-12 04:13:33 +0000"},"done":true},"minecraft:recipes/transportation/jungle_boat":{"criteria":{"in_water":"2024-11-12 04:13:33 +0000"},"done":true},"minecraft:recipes/transportation/dark_oak_boat":{"criteria":{"in_water":"2024-11-12 04:13:33 +0000"},"done":true},"minecraft:recipes/building_blocks/birch_planks":{"criteria":{"has_logs":"2024-11-12 04:13:39 +0000"},"done":true},"minecraft:recipes/building_blocks/birch_wood":{"criteria":{"has_log":"2024-11-12 04:13:39 +0000"},"done":true},"minecraft:recipes/misc/yellow_dye_from_dandelion":{"criteria":{"has_dandelion":"2024-11-12 04:14:57 +0000"},"done":true},"minecraft:recipes/decorations/chest":{"criteria":{"has_lots_of_items":"2024-11-12 04:16:33 +0000"},"done":true},"minecraft:recipes/misc/pink_dye_from_peony":{"criteria":{"has_peony":"2024-11-12 04:16:33 +0000"},"done":true},"minecraft:recipes/decorations/torch":{"criteria":{"has_stone_pickaxe":"2024-11-12 04:17:28 +0000"},"done":true},"minecraft:story/upgrade_tools":{"criteria":{"stone_pickaxe":"2024-11-12 04:17:28 +0000"},"done":true},"minecraft:recipes/redstone/birch_button":{"criteria":{"has_planks":"2024-11-12 04:18:00 +0000"},"done":true},"minecraft:recipes/redstone/birch_door":{"criteria":{"has_planks":"2024-11-12 04:18:00 +0000"},"done":true},"minecraft:recipes/decorations/birch_fence":{"criteria":{"has_planks":"2024-11-12 04:18:00 +0000"},"done":true},"minecraft:recipes/redstone/birch_trapdoor":{"criteria":{"has_planks":"2024-11-12 04:18:00 +0000"},"done":true},"minecraft:recipes/decorations/birch_sign":{"criteria":{"has_planks":"2024-11-12 04:18:00 +0000"},"done":true},"minecraft:recipes/redstone/birch_fence_gate":{"criteria":{"has_planks":"2024-11-12 04:18:00 +0000"},"done":true},"minecraft:recipes/redstone/birch_pressure_plate":{"criteria":{"has_planks":"2024-11-12 04:18:00 +0000"},"done":true},"minecraft:recipes/building_blocks/birch_slab":{"criteria":{"has_planks":"2024-11-12 04:18:00 +0000"},"done":true},"minecraft:recipes/building_blocks/birch_stairs":{"criteria":{"has_planks":"2024-11-12 04:18:00 +0000"},"done":true},"minecraft:recipes/redstone/lever":{"criteria":{"has_cobblestone":"2024-11-12 04:18:39 +0000"},"done":true},"minecraft:recipes/combat/stone_sword":{"criteria":{"has_cobblestone":"2024-11-12 04:18:39 +0000"},"done":true},"minecraft:recipes/decorations/cobblestone_wall":{"criteria":{"has_cobblestone":"2024-11-12 04:18:39 +0000"},"done":true},"minecraft:recipes/tools/stone_pickaxe":{"criteria":{"has_cobblestone":"2024-11-12 04:18:39 +0000"},"done":true},"minecraft:recipes/tools/stone_axe":{"criteria":{"has_cobblestone":"2024-11-12 04:18:39 +0000"},"done":true},"minecraft:story/mine_stone":{"criteria":{"get_stone":"2024-11-12 04:18:39 +0000"},"done":true},"minecraft:recipes/decorations/furnace":{"criteria":{"has_cobblestone":"2024-11-12 04:18:39 +0000"},"done":true},"minecraft:recipes/building_blocks/cobblestone_slab":{"criteria":{"has_cobblestone":"2024-11-12 04:18:39 +0000"},"done":true},"minecraft:recipes/building_blocks/cobblestone_slab_from_cobblestone_stonecutting":{"criteria":{"has_cobblestone":"2024-11-12 04:18:39 +0000"},"done":true},"minecraft:recipes/building_blocks/stone":{"criteria":{"has_cobblestone":"2024-11-12 04:18:39 +0000"},"done":true},"minecraft:recipes/decorations/cobblestone_wall_from_cobblestone_stonecutting":{"criteria":{"has_cobblestone":"2024-11-12 04:18:39 +0000"},"done":true},"minecraft:recipes/building_blocks/cobblestone_stairs_from_cobblestone_stonecutting":{"criteria":{"has_cobblestone":"2024-11-12 04:18:39 +0000"},"done":true},"minecraft:recipes/building_blocks/cobblestone_stairs":{"criteria":{"has_cobblestone":"2024-11-12 04:18:39 +0000"},"done":true},"minecraft:recipes/tools/stone_hoe":{"criteria":{"has_cobblestone":"2024-11-12 04:18:39 +0000"},"done":true},"minecraft:recipes/tools/stone_shovel":{"criteria":{"has_cobblestone":"2024-11-12 04:18:39 +0000"},"done":true},"minecraft:recipes/building_blocks/lime_concrete_powder":{"criteria":{"has_sand":"2024-11-12 04:19:51 +0000"},"done":true},"minecraft:recipes/building_blocks/light_gray_concrete_powder":{"criteria":{"has_sand":"2024-11-12 04:19:51 +0000"},"done":true},"minecraft:recipes/building_blocks/pink_concrete_powder":{"criteria":{"has_sand":"2024-11-12 04:19:51 +0000"},"done":true},"minecraft:recipes/building_blocks/orange_concrete_powder":{"criteria":{"has_sand":"2024-11-12 04:19:51 +0000"},"done":true},"minecraft:recipes/building_blocks/red_concrete_powder":{"criteria":{"has_sand":"2024-11-12 04:19:51 +0000"},"done":true},"minecraft:recipes/building_blocks/magenta_concrete_powder":{"criteria":{"has_sand":"2024-11-12 04:19:51 +0000"},"done":true},"minecraft:recipes/building_blocks/brown_concrete_powder":{"criteria":{"has_sand":"2024-11-12 04:19:51 +0000"},"done":true},"minecraft:recipes/building_blocks/light_blue_concrete_powder":{"criteria":{"has_sand":"2024-11-12 04:19:51 +0000"},"done":true},"minecraft:recipes/building_blocks/glass":{"criteria":{"has_smelts_to_glass":"2024-11-12 04:19:51 +0000"},"done":true},"minecraft:recipes/building_blocks/green_concrete_powder":{"criteria":{"has_sand":"2024-11-12 04:19:51 +0000"},"done":true},"minecraft:recipes/building_blocks/blue_concrete_powder":{"criteria":{"has_sand":"2024-11-12 04:19:51 +0000"},"done":true},"minecraft:recipes/building_blocks/yellow_concrete_powder":{"criteria":{"has_sand":"2024-11-12 04:19:51 +0000"},"done":true},"minecraft:recipes/building_blocks/sandstone":{"criteria":{"has_sand":"2024-11-12 04:19:51 +0000"},"done":true},"minecraft:recipes/building_blocks/white_concrete_powder":{"criteria":{"has_sand":"2024-11-12 04:19:51 +0000"},"done":true},"minecraft:recipes/building_blocks/gray_concrete_powder":{"criteria":{"has_sand":"2024-11-12 04:19:51 +0000"},"done":true},"minecraft:recipes/building_blocks/black_concrete_powder":{"criteria":{"has_sand":"2024-11-12 04:19:51 +0000"},"done":true},"minecraft:recipes/building_blocks/purple_concrete_powder":{"criteria":{"has_sand":"2024-11-12 04:19:51 +0000"},"done":true},"minecraft:recipes/building_blocks/cyan_concrete_powder":{"criteria":{"has_sand":"2024-11-12 04:19:51 +0000"},"done":true},"minecraft:recipes/building_blocks/dark_oak_planks":{"criteria":{"has_log":"2024-11-12 04:22:19 +0000"},"done":true},"minecraft:recipes/decorations/dark_oak_hanging_sign":{"criteria":{"has_stripped_logs":"2024-11-12 04:22:19 +0000"},"done":true},"minecraft:recipes/building_blocks/stripped_dark_oak_wood":{"criteria":{"has_log":"2024-11-12 04:22:19 +0000"},"done":true},"minecraft:recipes/building_blocks/coal_block":{"criteria":{"has_coal":"2024-11-12 04:22:46 +0000"},"done":true},"minecraft:recipes/misc/iron_ingot_from_smelting_raw_iron":{"criteria":{"has_raw_iron":"2024-11-12 04:22:48 +0000"},"done":true},"minecraft:recipes/building_blocks/raw_iron_block":{"criteria":{"has_raw_iron":"2024-11-12 04:22:48 +0000"},"done":true},"minecraft:recipes/misc/iron_ingot_from_blasting_raw_iron":{"criteria":{"has_raw_iron":"2024-11-12 04:22:48 +0000"},"done":true},"minecraft:recipes/decorations/smoker":{"criteria":{"has_furnace":"2024-11-12 04:23:27 +0000"},"done":true},"minecraft:recipes/combat/iron_sword":{"criteria":{"has_iron_ingot":"2024-11-12 04:24:18 +0000"},"done":true},"minecraft:recipes/tools/iron_pickaxe":{"criteria":{"has_iron_ingot":"2024-11-12 04:24:18 +0000"},"done":true},"minecraft:recipes/combat/iron_leggings":{"criteria":{"has_iron_ingot":"2024-11-12 04:24:18 +0000"},"done":true},"minecraft:recipes/combat/shield":{"criteria":{"has_iron_ingot":"2024-11-12 04:24:18 +0000"},"done":true},"minecraft:recipes/redstone/hopper":{"criteria":{"has_iron_ingot":"2024-11-12 04:24:18 +0000"},"done":true},"minecraft:recipes/decorations/iron_bars":{"criteria":{"has_iron_ingot":"2024-11-12 04:24:18 +0000"},"done":true},"minecraft:recipes/combat/iron_boots":{"criteria":{"has_iron_ingot":"2024-11-12 04:24:18 +0000"},"done":true},"minecraft:recipes/combat/iron_chestplate":{"criteria":{"has_iron_ingot":"2024-11-12 04:24:18 +0000"},"done":true},"minecraft:recipes/decorations/lantern":{"criteria":{"has_iron_ingot":"2024-11-12 04:24:18 +0000"},"done":true},"minecraft:recipes/misc/iron_nugget":{"criteria":{"has_iron_ingot":"2024-11-12 04:24:18 +0000"},"done":true},"minecraft:recipes/misc/bucket":{"criteria":{"has_iron_ingot":"2024-11-12 04:24:18 +0000"},"done":true},"minecraft:recipes/combat/iron_helmet":{"criteria":{"has_iron_ingot":"2024-11-12 04:24:18 +0000"},"done":true},"minecraft:recipes/transportation/minecart":{"criteria":{"has_iron_ingot":"2024-11-12 04:24:18 +0000"},"done":true},"minecraft:recipes/tools/iron_hoe":{"criteria":{"has_iron_ingot":"2024-11-12 04:24:18 +0000"},"done":true},"minecraft:recipes/tools/iron_shovel":{"criteria":{"has_iron_ingot":"2024-11-12 04:24:18 +0000"},"done":true},"minecraft:story/smelt_iron":{"criteria":{"iron":"2024-11-12 04:24:18 +0000"},"done":true},"minecraft:recipes/tools/shears":{"criteria":{"has_iron_ingot":"2024-11-12 04:24:18 +0000"},"done":true},"minecraft:recipes/redstone/iron_trapdoor":{"criteria":{"has_iron_ingot":"2024-11-12 04:24:18 +0000"},"done":true},"minecraft:recipes/decorations/chain":{"criteria":{"has_iron_ingot":"2024-11-12 04:24:18 +0000"},"done":true},"minecraft:recipes/building_blocks/iron_block":{"criteria":{"has_iron_ingot":"2024-11-12 04:24:18 +0000"},"done":true},"minecraft:recipes/tools/iron_axe":{"criteria":{"has_iron_ingot":"2024-11-12 04:24:18 +0000"},"done":true},"minecraft:recipes/combat/crossbow":{"criteria":{"has_iron_ingot":"2024-11-12 04:24:18 +0000"},"done":true},"minecraft:recipes/decorations/smithing_table":{"criteria":{"has_iron_ingot":"2024-11-12 04:24:18 +0000"},"done":true},"minecraft:recipes/redstone/iron_door":{"criteria":{"has_iron_ingot":"2024-11-12 04:24:18 +0000"},"done":true},"minecraft:recipes/redstone/heavy_weighted_pressure_plate":{"criteria":{"has_iron_ingot":"2024-11-12 04:24:18 +0000"},"done":true},"minecraft:adventure/root":{"criteria":{"killed_something":"2024-11-12 04:31:10 +0000"},"done":true},"minecraft:adventure/kill_all_mobs":{"criteria":{"minecraft:pillager":"2024-11-21 05:09:08 +0000","minecraft:skeleton":"2024-11-12 04:31:10 +0000","minecraft:phantom":"2024-11-19 21:44:13 +0000","minecraft:zombified_piglin":"2024-11-20 03:05:48 +0000","minecraft:witch":"2024-11-27 04:07:44 +0000","minecraft:husk":"2024-11-17 03:37:20 +0000","minecraft:cave_spider":"2024-11-17 03:43:42 +0000","minecraft:vindicator":"2024-11-21 05:08:33 +0000","minecraft:enderman":"2024-11-17 02:27:46 +0000","minecraft:spider":"2024-11-14 05:41:11 +0000","minecraft:vex":"2024-11-26 06:18:36 +0000","minecraft:zombie":"2024-11-12 05:08:34 +0000","minecraft:creeper":"2024-11-12 04:53:44 +0000","minecraft:drowned":"2024-11-27 04:08:31 +0000","minecraft:evoker":"2024-11-21 05:25:48 +0000"},"done":false},"minecraft:recipes/misc/bone_meal":{"criteria":{"has_bone":"2024-11-12 04:31:10 +0000"},"done":true},"minecraft:adventure/kill_a_mob":{"criteria":{"minecraft:skeleton":"2024-11-12 04:31:10 +0000"},"done":true},"minecraft:recipes/building_blocks/dark_oak_slab":{"criteria":{"has_planks":"2024-11-12 04:32:56 +0000"},"done":true},"minecraft:recipes/redstone/dark_oak_door":{"criteria":{"has_planks":"2024-11-12 04:32:56 +0000"},"done":true},"minecraft:recipes/redstone/dark_oak_fence_gate":{"criteria":{"has_planks":"2024-11-12 04:32:56 +0000"},"done":true},"minecraft:recipes/redstone/dark_oak_trapdoor":{"criteria":{"has_planks":"2024-11-12 04:32:56 +0000"},"done":true},"minecraft:recipes/redstone/dark_oak_button":{"criteria":{"has_planks":"2024-11-12 04:32:56 +0000"},"done":true},"minecraft:recipes/building_blocks/dark_oak_stairs":{"criteria":{"has_planks":"2024-11-12 04:32:56 +0000"},"done":true},"minecraft:recipes/decorations/dark_oak_sign":{"criteria":{"has_planks":"2024-11-12 04:32:56 +0000"},"done":true},"minecraft:recipes/redstone/dark_oak_pressure_plate":{"criteria":{"has_planks":"2024-11-12 04:32:56 +0000"},"done":true},"minecraft:recipes/decorations/dark_oak_fence":{"criteria":{"has_planks":"2024-11-12 04:32:56 +0000"},"done":true},"minecraft:recipes/food/cake":{"criteria":{"has_egg":"2024-11-12 04:33:49 +0000"},"done":true},"minecraft:recipes/misc/blue_dye_from_cornflower":{"criteria":{"has_cornflower":"2024-11-12 04:37:39 +0000"},"done":true},"minecraft:recipes/misc/flower_banner_pattern":{"criteria":{"has_oxeye_daisy":"2024-11-12 04:39:25 +0000"},"done":true},"minecraft:recipes/misc/light_gray_dye_from_oxeye_daisy":{"criteria":{"has_oxeye_daisy":"2024-11-12 04:39:25 +0000"},"done":true},"minecraft:recipes/misc/light_gray_dye_from_azure_bluet":{"criteria":{"has_azure_bluet":"2024-11-12 04:39:30 +0000"},"done":true},"minecraft:husbandry/plant_seed":{"criteria":{"wheat":"2024-11-12 04:39:54 +0000"},"done":true},"minecraft:recipes/misc/red_dye_from_poppy":{"criteria":{"has_poppy":"2024-11-12 04:40:45 +0000"},"done":true},"minecraft:recipes/decorations/lime_glazed_terracotta":{"criteria":{"has_lime_terracotta":"2024-11-12 04:42:00 +0000"},"done":true},"minecraft:husbandry/balanced_diet":{"criteria":{"cooked_porkchop":"2024-11-12 05:38:54 +0000","bread":"2024-11-12 05:02:44 +0000","golden_apple":"2024-11-21 05:13:06 +0000","rotten_flesh":"2024-11-12 04:42:30 +0000","cooked_mutton":"2024-11-21 05:00:04 +0000","cooked_beef":"2024-11-21 04:18:47 +0000","baked_potato":"2024-11-14 04:31:25 +0000","melon_slice":"2024-11-20 06:07:13 +0000","apple":"2024-11-12 05:01:54 +0000","cooked_rabbit":"2024-11-20 02:49:03 +0000","cooked_chicken":"2024-11-14 04:56:53 +0000","potato":"2024-11-20 02:05:45 +0000","carrot":"2024-11-14 04:31:19 +0000"},"done":false},"minecraft:husbandry/root":{"criteria":{"consumed_item":"2024-11-12 04:42:30 +0000"},"done":true},"minecraft:recipes/misc/white_dye":{"criteria":{"has_bone_meal":"2024-11-12 04:52:52 +0000"},"done":true},"minecraft:recipes/building_blocks/bone_block":{"criteria":{"has_bone_meal":"2024-11-12 04:52:52 +0000"},"done":true},"minecraft:recipes/redstone/dispenser":{"criteria":{"has_bow":"2024-11-12 04:53:28 +0000"},"done":true},"minecraft:adventure/shoot_arrow":{"criteria":{"shot_arrow":"2024-11-12 04:53:37 +0000"},"done":true},"minecraft:recipes/misc/firework_rocket_simple":{"criteria":{"has_gunpowder":"2024-11-12 04:53:48 +0000"},"done":true},"minecraft:recipes/redstone/tnt":{"criteria":{"has_gunpowder":"2024-11-12 04:53:48 +0000"},"done":true},"minecraft:recipes/food/bread":{"criteria":{"has_wheat":"2024-11-12 04:53:55 +0000"},"done":true},"minecraft:recipes/building_blocks/hay_block":{"criteria":{"has_wheat":"2024-11-12 04:53:55 +0000"},"done":true},"minecraft:recipes/misc/red_dye_from_rose_bush":{"criteria":{"has_rose_bush":"2024-11-12 04:58:51 +0000"},"done":true},"minecraft:recipes/brewing/fermented_spider_eye":{"criteria":{"has_spider_eye":"2024-11-12 05:01:27 +0000"},"done":true},"minecraft:recipes/combat/bow":{"criteria":{"has_string":"2024-11-12 05:01:27 +0000"},"done":true},"minecraft:recipes/tools/fishing_rod":{"criteria":{"has_string":"2024-11-12 05:01:27 +0000"},"done":true},"minecraft:recipes/building_blocks/white_wool_from_string":{"criteria":{"has_string":"2024-11-12 05:01:27 +0000"},"done":true},"minecraft:recipes/redstone/tripwire_hook":{"criteria":{"has_string":"2024-11-12 05:01:27 +0000"},"done":true},"minecraft:recipes/decorations/candle":{"criteria":{"has_string":"2024-11-12 05:01:27 +0000"},"done":true},"minecraft:recipes/decorations/loom":{"criteria":{"has_string":"2024-11-12 05:01:27 +0000"},"done":true},"minecraft:recipes/transportation/carrot_on_a_stick":{"criteria":{"has_carrot":"2024-11-12 05:10:53 +0000"},"done":true},"minecraft:recipes/misc/magenta_dye_from_allium":{"criteria":{"has_allium":"2024-11-12 05:26:40 +0000"},"done":true},"minecraft:recipes/misc/light_blue_dye_from_blue_orchid":{"criteria":{"has_blue_orchid":"2024-11-12 05:26:45 +0000"},"done":true},"minecraft:recipes/misc/orange_dye_from_orange_tulip":{"criteria":{"has_orange_tulip":"2024-11-12 05:26:46 +0000"},"done":true},"minecraft:recipes/misc/light_gray_dye_from_white_tulip":{"criteria":{"has_white_tulip":"2024-11-12 05:26:53 +0000"},"done":true},"minecraft:recipes/misc/pink_dye_from_pink_tulip":{"criteria":{"has_pink_tulip":"2024-11-12 05:27:02 +0000"},"done":true},"minecraft:recipes/decorations/painting":{"criteria":{"has_wool":"2024-11-12 05:29:51 +0000"},"done":true},"minecraft:recipes/decorations/light_gray_bed":{"criteria":{"has_light_gray_wool":"2024-11-12 05:29:51 +0000"},"done":true},"minecraft:recipes/decorations/light_gray_banner":{"criteria":{"has_light_gray_wool":"2024-11-12 05:29:51 +0000"},"done":true},"minecraft:recipes/decorations/light_gray_carpet":{"criteria":{"has_light_gray_wool":"2024-11-12 05:29:51 +0000"},"done":true},"minecraft:recipes/decorations/white_banner":{"criteria":{"has_white_wool":"2024-11-12 05:30:35 +0000"},"done":true},"minecraft:recipes/decorations/white_bed":{"criteria":{"has_white_wool":"2024-11-12 05:30:35 +0000"},"done":true},"minecraft:recipes/decorations/white_carpet":{"criteria":{"has_white_wool":"2024-11-12 05:30:35 +0000"},"done":true},"minecraft:recipes/building_blocks/dye_red_bed":{"criteria":{"has_needed_dye":"2024-11-12 05:31:27 +0000"},"done":true},"minecraft:recipes/building_blocks/dye_red_wool":{"criteria":{"has_needed_dye":"2024-11-12 05:31:27 +0000"},"done":true},"minecraft:recipes/misc/purple_dye":{"criteria":{"has_red_dye":"2024-11-12 05:31:27 +0000"},"done":true},"minecraft:recipes/misc/orange_dye_from_red_yellow":{"criteria":{"has_red_dye":"2024-11-12 05:31:27 +0000"},"done":true},"minecraft:recipes/decorations/red_candle":{"criteria":{"has_red_dye":"2024-11-12 05:31:27 +0000"},"done":true},"minecraft:recipes/misc/magenta_dye_from_blue_red_pink":{"criteria":{"has_red_dye":"2024-11-12 05:31:27 +0000"},"done":true},"minecraft:recipes/decorations/red_stained_glass_pane_from_glass_pane":{"criteria":{"has_red_dye":"2024-11-12 05:31:27 +0000"},"done":true},"minecraft:recipes/misc/pink_dye_from_red_white_dye":{"criteria":{"has_red_dye":"2024-11-12 05:31:27 +0000"},"done":true},"minecraft:recipes/building_blocks/dye_red_carpet":{"criteria":{"has_needed_dye":"2024-11-12 05:31:27 +0000"},"done":true},"minecraft:recipes/misc/magenta_dye_from_blue_red_white_dye":{"criteria":{"has_rose_red":"2024-11-12 05:31:27 +0000"},"done":true},"minecraft:recipes/decorations/red_carpet":{"criteria":{"has_red_wool":"2024-11-12 05:31:31 +0000"},"done":true},"minecraft:recipes/decorations/red_banner":{"criteria":{"has_red_wool":"2024-11-12 05:31:31 +0000"},"done":true},"minecraft:recipes/decorations/red_bed":{"criteria":{"has_red_wool":"2024-11-12 05:31:31 +0000"},"done":true},"minecraft:husbandry/bred_all_animals":{"criteria":{"minecraft:cow":"2024-11-14 06:12:43 +0000","minecraft:chicken":"2024-11-14 04:21:48 +0000","minecraft:pig":"2024-11-12 05:33:40 +0000","minecraft:sheep":"2024-11-14 06:12:52 +0000"},"done":false},"minecraft:husbandry/breed_an_animal":{"criteria":{"bred":"2024-11-12 05:33:40 +0000"},"done":true},"minecraft:recipes/food/cooked_porkchop":{"criteria":{"has_porkchop":"2024-11-12 05:34:59 +0000"},"done":true},"minecraft:recipes/food/cooked_porkchop_from_campfire_cooking":{"criteria":{"has_porkchop":"2024-11-12 05:34:59 +0000"},"done":true},"minecraft:recipes/food/cooked_porkchop_from_smoking":{"criteria":{"has_porkchop":"2024-11-12 05:34:59 +0000"},"done":true},"minecraft:recipes/food/cooked_chicken_from_campfire_cooking":{"criteria":{"has_chicken":"2024-11-12 05:35:04 +0000"},"done":true},"minecraft:recipes/food/cooked_chicken":{"criteria":{"has_chicken":"2024-11-12 05:35:04 +0000"},"done":true},"minecraft:recipes/food/cooked_chicken_from_smoking":{"criteria":{"has_chicken":"2024-11-12 05:35:04 +0000"},"done":true},"minecraft:recipes/combat/arrow":{"criteria":{"has_feather":"2024-11-12 05:35:04 +0000"},"done":true},"minecraft:recipes/decorations/green_glazed_terracotta":{"criteria":{"has_green_terracotta":"2024-11-12 05:39:24 +0000"},"done":true},"minecraft:adventure/sleep_in_bed":{"criteria":{"slept_in_bed":"2024-11-12 05:56:40 +0000"},"done":true},"minecraft:recipes/building_blocks/diorite_stairs_from_diorite_stonecutting":{"criteria":{"has_diorite":"2024-11-12 06:04:13 +0000"},"done":true},"minecraft:recipes/building_blocks/polished_diorite":{"criteria":{"has_diorite":"2024-11-12 06:04:13 +0000"},"done":true},"minecraft:recipes/building_blocks/diorite_slab":{"criteria":{"has_diorite":"2024-11-12 06:04:13 +0000"},"done":true},"minecraft:recipes/decorations/diorite_wall_from_diorite_stonecutting":{"criteria":{"has_diorite":"2024-11-12 06:04:13 +0000"},"done":true},"minecraft:recipes/building_blocks/andesite":{"criteria":{"has_stone":"2024-11-12 06:04:13 +0000"},"done":true},"minecraft:recipes/building_blocks/polished_diorite_from_diorite_stonecutting":{"criteria":{"has_diorite":"2024-11-12 06:04:13 +0000"},"done":true},"minecraft:recipes/decorations/diorite_wall":{"criteria":{"has_diorite":"2024-11-12 06:04:13 +0000"},"done":true},"minecraft:recipes/building_blocks/diorite_slab_from_diorite_stonecutting":{"criteria":{"has_diorite":"2024-11-12 06:04:13 +0000"},"done":true},"minecraft:recipes/building_blocks/polished_diorite_slab_from_diorite_stonecutting":{"criteria":{"has_diorite":"2024-11-12 06:04:13 +0000"},"done":true},"minecraft:recipes/building_blocks/polished_diorite_stairs_from_diorite_stonecutting":{"criteria":{"has_diorite":"2024-11-12 06:04:13 +0000"},"done":true},"minecraft:recipes/building_blocks/diorite_stairs":{"criteria":{"has_diorite":"2024-11-12 06:04:13 +0000"},"done":true},"minecraft:recipes/misc/iron_nugget_from_smelting":{"criteria":{"has_iron_shovel":"2024-11-14 04:37:07 +0000"},"done":true},"minecraft:recipes/misc/iron_nugget_from_blasting":{"criteria":{"has_iron_shovel":"2024-11-14 04:37:07 +0000"},"done":true},"minecraft:recipes/misc/sugar_from_sugar_cane":{"criteria":{"has_sugar_cane":"2024-11-14 05:12:11 +0000"},"done":true},"minecraft:recipes/misc/paper":{"criteria":{"has_reeds":"2024-11-14 05:12:11 +0000"},"done":true},"minecraft:story/deflect_arrow":{"criteria":{"deflected_projectile":"2024-11-14 05:23:53 +0000"},"done":true},"minecraft:recipes/redstone/redstone_torch":{"criteria":{"has_redstone":"2024-11-14 05:37:01 +0000"},"done":true},"minecraft:recipes/tools/clock":{"criteria":{"has_redstone":"2024-11-14 05:37:01 +0000"},"done":true},"minecraft:recipes/redstone/dropper":{"criteria":{"has_redstone":"2024-11-14 05:37:01 +0000"},"done":true},"minecraft:recipes/redstone/redstone_block":{"criteria":{"has_redstone":"2024-11-14 05:37:01 +0000"},"done":true},"minecraft:recipes/redstone/note_block":{"criteria":{"has_redstone":"2024-11-14 05:37:01 +0000"},"done":true},"minecraft:recipes/redstone/target":{"criteria":{"has_redstone":"2024-11-14 05:37:01 +0000"},"done":true},"minecraft:recipes/tools/compass":{"criteria":{"has_redstone":"2024-11-14 05:37:01 +0000"},"done":true},"minecraft:recipes/redstone/piston":{"criteria":{"has_redstone":"2024-11-14 05:37:01 +0000"},"done":true},"minecraft:story/iron_tools":{"criteria":{"iron_pickaxe":"2024-11-14 05:39:00 +0000"},"done":true},"minecraft:recipes/building_blocks/glowstone":{"criteria":{"has_glowstone_dust":"2024-11-14 05:51:10 +0000"},"done":true},"minecraft:recipes/combat/spectral_arrow":{"criteria":{"has_glowstone_dust":"2024-11-14 05:51:10 +0000"},"done":true},"minecraft:recipes/decorations/end_crystal":{"criteria":{"has_ender_eye":"2024-11-17 02:45:14 +0000"},"done":true},"minecraft:recipes/building_blocks/emerald_block":{"criteria":{"has_emerald":"2024-11-17 02:45:14 +0000"},"done":true},"minecraft:recipes/decorations/ender_chest":{"criteria":{"has_ender_eye":"2024-11-17 02:45:14 +0000"},"done":true},"minecraft:recipes/decorations/fletching_table":{"criteria":{"has_flint":"2024-11-17 02:46:10 +0000"},"done":true},"minecraft:recipes/tools/flint_and_steel":{"criteria":{"has_flint":"2024-11-17 02:46:10 +0000"},"done":true},"minecraft:recipes/food/baked_potato_from_campfire_cooking":{"criteria":{"has_potato":"2024-11-17 02:46:13 +0000"},"done":true},"minecraft:recipes/food/baked_potato_from_smoking":{"criteria":{"has_potato":"2024-11-17 02:46:13 +0000"},"done":true},"minecraft:recipes/food/baked_potato":{"criteria":{"has_potato":"2024-11-17 02:46:13 +0000"},"done":true},"minecraft:recipes/misc/red_dye_from_beetroot":{"criteria":{"has_beetroot":"2024-11-17 02:46:50 +0000"},"done":true},"minecraft:recipes/food/beetroot_soup":{"criteria":{"has_beetroot":"2024-11-17 02:46:50 +0000"},"done":true},"minecraft:adventure/trade":{"criteria":{"traded":"2024-11-17 02:47:37 +0000"},"done":true},"minecraft:recipes/building_blocks/smooth_sandstone_stairs_from_smooth_sandstone_stonecutting":{"criteria":{"has_smooth_sandstone":"2024-11-17 03:42:27 +0000"},"done":true},"minecraft:recipes/building_blocks/sandstone_stairs":{"criteria":{"has_cut_sandstone":"2024-11-17 03:42:27 +0000"},"done":true},"minecraft:recipes/building_blocks/smooth_sandstone_slab_from_smooth_sandstone_stonecutting":{"criteria":{"has_smooth_sandstone":"2024-11-17 03:42:27 +0000"},"done":true},"minecraft:recipes/building_blocks/smooth_sandstone_stairs":{"criteria":{"has_smooth_sandstone":"2024-11-17 03:42:27 +0000"},"done":true},"minecraft:recipes/building_blocks/smooth_sandstone_slab":{"criteria":{"has_smooth_sandstone":"2024-11-17 03:42:27 +0000"},"done":true},"minecraft:recipes/building_blocks/cut_sandstone_slab":{"criteria":{"has_cut_sandstone":"2024-11-17 03:42:27 +0000"},"done":true},"minecraft:recipes/building_blocks/cut_sandstone_slab_from_cut_sandstone_stonecutting":{"criteria":{"has_cut_sandstone":"2024-11-17 03:42:27 +0000"},"done":true},"minecraft:recipes/building_blocks/sandstone_slab":{"criteria":{"has_sandstone":"2024-11-17 03:42:38 +0000"},"done":true},"minecraft:recipes/building_blocks/cut_sandstone_from_sandstone_stonecutting":{"criteria":{"has_sandstone":"2024-11-17 03:42:38 +0000"},"done":true},"minecraft:recipes/building_blocks/chiseled_sandstone_from_sandstone_stonecutting":{"criteria":{"has_sandstone":"2024-11-17 03:42:38 +0000"},"done":true},"minecraft:recipes/building_blocks/smooth_sandstone":{"criteria":{"has_sandstone":"2024-11-17 03:42:38 +0000"},"done":true},"minecraft:recipes/decorations/sandstone_wall_from_sandstone_stonecutting":{"criteria":{"has_sandstone":"2024-11-17 03:42:38 +0000"},"done":true},"minecraft:recipes/building_blocks/cut_sandstone_slab_from_sandstone_stonecutting":{"criteria":{"has_sandstone":"2024-11-17 03:42:38 +0000"},"done":true},"minecraft:recipes/building_blocks/cut_sandstone":{"criteria":{"has_sandstone":"2024-11-17 03:42:38 +0000"},"done":true},"minecraft:recipes/building_blocks/sandstone_slab_from_sandstone_stonecutting":{"criteria":{"has_sandstone":"2024-11-17 03:42:38 +0000"},"done":true},"minecraft:recipes/building_blocks/sandstone_stairs_from_sandstone_stonecutting":{"criteria":{"has_sandstone":"2024-11-17 03:42:38 +0000"},"done":true},"minecraft:recipes/decorations/sandstone_wall":{"criteria":{"has_sandstone":"2024-11-17 03:42:38 +0000"},"done":true},"minecraft:recipes/misc/gold_ingot_from_smelting_raw_gold":{"criteria":{"has_raw_gold":"2024-11-17 03:44:34 +0000"},"done":true},"minecraft:recipes/building_blocks/raw_gold_block":{"criteria":{"has_raw_gold":"2024-11-17 03:44:34 +0000"},"done":true},"minecraft:recipes/misc/gold_ingot_from_blasting_raw_gold":{"criteria":{"has_raw_gold":"2024-11-17 03:44:34 +0000"},"done":true},"minecraft:recipes/tools/golden_axe":{"criteria":{"has_gold_ingot":"2024-11-17 03:46:02 +0000"},"done":true},"minecraft:recipes/tools/golden_pickaxe":{"criteria":{"has_gold_ingot":"2024-11-17 03:46:02 +0000"},"done":true},"minecraft:recipes/misc/gold_nugget":{"criteria":{"has_gold_ingot":"2024-11-17 03:46:02 +0000"},"done":true},"minecraft:recipes/tools/golden_shovel":{"criteria":{"has_gold_ingot":"2024-11-17 03:46:02 +0000"},"done":true},"minecraft:recipes/food/golden_apple":{"criteria":{"has_gold_ingot":"2024-11-17 03:46:02 +0000"},"done":true},"minecraft:recipes/combat/golden_boots":{"criteria":{"has_gold_ingot":"2024-11-17 03:46:02 +0000"},"done":true},"minecraft:recipes/combat/golden_helmet":{"criteria":{"has_gold_ingot":"2024-11-17 03:46:02 +0000"},"done":true},"minecraft:recipes/combat/golden_sword":{"criteria":{"has_gold_ingot":"2024-11-17 03:46:02 +0000"},"done":true},"minecraft:recipes/building_blocks/gold_block":{"criteria":{"has_gold_ingot":"2024-11-17 03:46:02 +0000"},"done":true},"minecraft:recipes/combat/golden_chestplate":{"criteria":{"has_gold_ingot":"2024-11-17 03:46:02 +0000"},"done":true},"minecraft:recipes/tools/golden_hoe":{"criteria":{"has_gold_ingot":"2024-11-17 03:46:02 +0000"},"done":true},"minecraft:recipes/redstone/light_weighted_pressure_plate":{"criteria":{"has_gold_ingot":"2024-11-17 03:46:02 +0000"},"done":true},"minecraft:recipes/combat/golden_leggings":{"criteria":{"has_gold_ingot":"2024-11-17 03:46:02 +0000"},"done":true},"minecraft:recipes/brewing/cauldron":{"criteria":{"has_water_bucket":"2024-11-17 04:46:49 +0000"},"done":true},"minecraft:recipes/decorations/snow":{"criteria":{"has_snowball":"2024-11-17 05:10:44 +0000"},"done":true},"minecraft:recipes/building_blocks/snow_block":{"criteria":{"has_snowball":"2024-11-17 05:10:44 +0000"},"done":true},"minecraft:recipes/misc/stick_from_bamboo_item":{"criteria":{"has_bamboo":"2024-11-17 05:14:46 +0000"},"done":true},"minecraft:recipes/building_blocks/bamboo_block":{"criteria":{"has_bamboo":"2024-11-17 05:14:46 +0000"},"done":true},"minecraft:recipes/decorations/scaffolding":{"criteria":{"has_bamboo":"2024-11-17 05:14:46 +0000"},"done":true},"minecraft:recipes/misc/melon_seeds":{"criteria":{"has_melon":"2024-11-17 05:18:17 +0000"},"done":true},"minecraft:recipes/brewing/glistering_melon_slice":{"criteria":{"has_melon":"2024-11-17 05:18:17 +0000"},"done":true},"minecraft:recipes/building_blocks/melon":{"criteria":{"has_melon":"2024-11-17 05:18:17 +0000"},"done":true},"minecraft:recipes/misc/book":{"criteria":{"has_paper":"2024-11-17 05:22:46 +0000"},"done":true},"minecraft:recipes/decorations/cartography_table":{"criteria":{"has_paper":"2024-11-17 05:22:46 +0000"},"done":true},"minecraft:recipes/food/dried_kelp_from_smoking":{"criteria":{"has_kelp":"2024-11-17 05:26:24 +0000"},"done":true},"minecraft:recipes/food/dried_kelp_from_smelting":{"criteria":{"has_kelp":"2024-11-17 05:26:24 +0000"},"done":true},"minecraft:recipes/food/dried_kelp_from_campfire_cooking":{"criteria":{"has_kelp":"2024-11-17 05:26:24 +0000"},"done":true},"minecraft:recipes/building_blocks/spruce_planks":{"criteria":{"has_logs":"2024-11-18 03:14:25 +0000"},"done":true},"minecraft:recipes/building_blocks/spruce_wood":{"criteria":{"has_log":"2024-11-18 03:14:25 +0000"},"done":true},"minecraft:recipes/combat/diamond_leggings":{"criteria":{"has_diamond":"2024-11-18 03:27:26 +0000"},"done":true},"minecraft:recipes/combat/diamond_sword":{"criteria":{"has_diamond":"2024-11-18 03:27:26 +0000"},"done":true},"minecraft:recipes/decorations/jukebox":{"criteria":{"has_diamond":"2024-11-18 03:27:26 +0000"},"done":true},"minecraft:recipes/combat/diamond_chestplate":{"criteria":{"has_diamond":"2024-11-18 03:27:26 +0000"},"done":true},"minecraft:recipes/combat/diamond_helmet":{"criteria":{"has_diamond":"2024-11-18 03:27:26 +0000"},"done":true},"minecraft:recipes/tools/diamond_pickaxe":{"criteria":{"has_diamond":"2024-11-18 03:27:26 +0000"},"done":true},"minecraft:recipes/building_blocks/diamond_block":{"criteria":{"has_diamond":"2024-11-18 03:27:26 +0000"},"done":true},"minecraft:recipes/tools/diamond_hoe":{"criteria":{"has_diamond":"2024-11-18 03:27:26 +0000"},"done":true},"minecraft:recipes/tools/diamond_shovel":{"criteria":{"has_diamond":"2024-11-18 03:27:26 +0000"},"done":true},"minecraft:story/mine_diamond":{"criteria":{"diamond":"2024-11-18 03:27:26 +0000"},"done":true},"minecraft:recipes/tools/diamond_axe":{"criteria":{"has_diamond":"2024-11-18 03:27:26 +0000"},"done":true},"minecraft:recipes/combat/diamond_boots":{"criteria":{"has_diamond":"2024-11-18 03:27:26 +0000"},"done":true},"minecraft:recipes/decorations/moss_carpet":{"criteria":{"has_moss_block":"2024-11-18 03:28:18 +0000"},"done":true},"minecraft:recipes/building_blocks/mossy_cobblestone_from_moss_block":{"criteria":{"has_moss_block":"2024-11-18 03:28:18 +0000"},"done":true},"minecraft:recipes/building_blocks/mossy_stone_bricks_from_moss_block":{"criteria":{"has_moss_block":"2024-11-18 03:28:18 +0000"},"done":true},"minecraft:recipes/misc/blue_dye":{"criteria":{"has_lapis_lazuli":"2024-11-18 03:29:23 +0000"},"done":true},"minecraft:recipes/building_blocks/lapis_block":{"criteria":{"has_lapis_lazuli":"2024-11-18 03:29:23 +0000"},"done":true},"minecraft:recipes/redstone/calibrated_sculk_sensor":{"criteria":{"has_amethyst_shard":"2024-11-18 03:29:57 +0000"},"done":true},"minecraft:recipes/building_blocks/tinted_glass":{"criteria":{"has_amethyst_shard":"2024-11-18 03:29:57 +0000"},"done":true},"minecraft:recipes/tools/spyglass":{"criteria":{"has_amethyst_shard":"2024-11-18 03:29:57 +0000"},"done":true},"minecraft:recipes/building_blocks/amethyst_block":{"criteria":{"has_amethyst_shard":"2024-11-18 03:29:57 +0000"},"done":true},"minecraft:recipes/building_blocks/polished_deepslate":{"criteria":{"has_cobbled_deepslate":"2024-11-18 03:30:48 +0000"},"done":true},"minecraft:recipes/building_blocks/deepslate_tile_stairs_from_cobbled_deepslate_stonecutting":{"criteria":{"has_cobbled_deepslate":"2024-11-18 03:30:48 +0000"},"done":true},"minecraft:recipes/decorations/deepslate_brick_wall_from_cobbled_deepslate_stonecutting":{"criteria":{"has_cobbled_deepslate":"2024-11-18 03:30:48 +0000"},"done":true},"minecraft:recipes/building_blocks/polished_deepslate_from_cobbled_deepslate_stonecutting":{"criteria":{"has_cobbled_deepslate":"2024-11-18 03:30:48 +0000"},"done":true},"minecraft:recipes/building_blocks/polished_deepslate_slab_from_cobbled_deepslate_stonecutting":{"criteria":{"has_cobbled_deepslate":"2024-11-18 03:30:48 +0000"},"done":true},"minecraft:recipes/building_blocks/deepslate_brick_stairs_from_cobbled_deepslate_stonecutting":{"criteria":{"has_cobbled_deepslate":"2024-11-18 03:30:48 +0000"},"done":true},"minecraft:recipes/building_blocks/deepslate_brick_slab_from_cobbled_deepslate_stonecutting":{"criteria":{"has_cobbled_deepslate":"2024-11-18 03:30:48 +0000"},"done":true},"minecraft:recipes/building_blocks/cobbled_deepslate_slab_from_cobbled_deepslate_stonecutting":{"criteria":{"has_cobbled_deepslate":"2024-11-18 03:30:48 +0000"},"done":true},"minecraft:recipes/building_blocks/deepslate_tile_slab_from_cobbled_deepslate_stonecutting":{"criteria":{"has_cobbled_deepslate":"2024-11-18 03:30:48 +0000"},"done":true},"minecraft:recipes/building_blocks/cobbled_deepslate_stairs":{"criteria":{"has_cobbled_deepslate":"2024-11-18 03:30:48 +0000"},"done":true},"minecraft:recipes/building_blocks/chiseled_deepslate_from_cobbled_deepslate_stonecutting":{"criteria":{"has_cobbled_deepslate":"2024-11-18 03:30:48 +0000"},"done":true},"minecraft:recipes/building_blocks/cobbled_deepslate_slab":{"criteria":{"has_cobbled_deepslate":"2024-11-18 03:30:48 +0000"},"done":true},"minecraft:recipes/decorations/cobbled_deepslate_wall_from_cobbled_deepslate_stonecutting":{"criteria":{"has_cobbled_deepslate":"2024-11-18 03:30:48 +0000"},"done":true},"minecraft:recipes/decorations/deepslate_tile_wall_from_cobbled_deepslate_stonecutting":{"criteria":{"has_cobbled_deepslate":"2024-11-18 03:30:48 +0000"},"done":true},"minecraft:recipes/decorations/cobbled_deepslate_wall":{"criteria":{"has_cobbled_deepslate":"2024-11-18 03:30:48 +0000"},"done":true},"minecraft:recipes/decorations/polished_deepslate_wall_from_cobbled_deepslate_stonecutting":{"criteria":{"has_cobbled_deepslate":"2024-11-18 03:30:48 +0000"},"done":true},"minecraft:recipes/building_blocks/deepslate_bricks_from_cobbled_deepslate_stonecutting":{"criteria":{"has_cobbled_deepslate":"2024-11-18 03:30:48 +0000"},"done":true},"minecraft:recipes/building_blocks/deepslate_tiles_from_cobbled_deepslate_stonecutting":{"criteria":{"has_cobbled_deepslate":"2024-11-18 03:30:48 +0000"},"done":true},"minecraft:recipes/building_blocks/cobbled_deepslate_stairs_from_cobbled_deepslate_stonecutting":{"criteria":{"has_cobbled_deepslate":"2024-11-18 03:30:48 +0000"},"done":true},"minecraft:recipes/building_blocks/deepslate":{"criteria":{"has_cobbled_deepslate":"2024-11-18 03:30:48 +0000"},"done":true},"minecraft:recipes/building_blocks/polished_deepslate_stairs_from_cobbled_deepslate_stonecutting":{"criteria":{"has_cobbled_deepslate":"2024-11-18 03:30:48 +0000"},"done":true},"minecraft:recipes/building_blocks/coarse_dirt":{"criteria":{"has_gravel":"2024-11-18 03:31:47 +0000"},"done":true},"minecraft:story/shiny_gear":{"criteria":{"diamond_chestplate":"2024-11-18 03:51:11 +0000"},"done":true},"minecraft:recipes/food/cooked_rabbit":{"criteria":{"has_rabbit":"2024-11-18 04:51:45 +0000"},"done":true},"minecraft:recipes/food/cooked_rabbit_from_smoking":{"criteria":{"has_rabbit":"2024-11-18 04:51:45 +0000"},"done":true},"minecraft:recipes/food/cooked_rabbit_from_campfire_cooking":{"criteria":{"has_rabbit":"2024-11-18 04:51:45 +0000"},"done":true},"minecraft:recipes/building_blocks/jungle_wood":{"criteria":{"has_log":"2024-11-19 21:48:48 +0000"},"done":true},"minecraft:recipes/building_blocks/jungle_planks":{"criteria":{"has_logs":"2024-11-19 21:48:48 +0000"},"done":true},"minecraft:recipes/decorations/orange_glazed_terracotta":{"criteria":{"has_orange_terracotta":"2024-11-19 22:13:03 +0000"},"done":true},"minecraft:recipes/decorations/blue_glazed_terracotta":{"criteria":{"has_blue_terracotta":"2024-11-19 22:19:44 +0000"},"done":true},"minecraft:recipes/misc/gold_ingot_from_nuggets":{"criteria":{"has_gold_nugget":"2024-11-19 22:23:56 +0000"},"done":true},"minecraft:recipes/brewing/golden_carrot":{"criteria":{"has_gold_nugget":"2024-11-19 22:23:56 +0000"},"done":true},"minecraft:recipes/combat/leather_helmet":{"criteria":{"has_leather":"2024-11-19 22:36:35 +0000"},"done":true},"minecraft:recipes/combat/leather_leggings":{"criteria":{"has_leather":"2024-11-19 22:36:35 +0000"},"done":true},"minecraft:recipes/decorations/item_frame":{"criteria":{"has_leather":"2024-11-19 22:36:35 +0000"},"done":true},"minecraft:recipes/combat/leather_chestplate":{"criteria":{"has_leather":"2024-11-19 22:36:35 +0000"},"done":true},"minecraft:recipes/combat/leather_boots":{"criteria":{"has_leather":"2024-11-19 22:36:35 +0000"},"done":true},"minecraft:recipes/misc/leather_horse_armor":{"criteria":{"has_leather":"2024-11-19 22:36:35 +0000"},"done":true},"minecraft:recipes/misc/brick":{"criteria":{"has_clay_ball":"2024-11-19 23:39:58 +0000"},"done":true},"minecraft:recipes/building_blocks/clay":{"criteria":{"has_clay_ball":"2024-11-19 23:39:58 +0000"},"done":true},"minecraft:recipes/building_blocks/terracotta":{"criteria":{"has_clay_block":"2024-11-19 23:40:17 +0000"},"done":true},"minecraft:recipes/redstone/spruce_button":{"criteria":{"has_planks":"2024-11-20 00:02:15 +0000"},"done":true},"minecraft:recipes/redstone/spruce_pressure_plate":{"criteria":{"has_planks":"2024-11-20 00:02:15 +0000"},"done":true},"minecraft:recipes/decorations/spruce_sign":{"criteria":{"has_planks":"2024-11-20 00:02:15 +0000"},"done":true},"minecraft:recipes/redstone/spruce_trapdoor":{"criteria":{"has_planks":"2024-11-20 00:02:15 +0000"},"done":true},"minecraft:recipes/redstone/spruce_door":{"criteria":{"has_planks":"2024-11-20 00:02:15 +0000"},"done":true},"minecraft:recipes/redstone/spruce_fence_gate":{"criteria":{"has_planks":"2024-11-20 00:02:15 +0000"},"done":true},"minecraft:recipes/decorations/spruce_fence":{"criteria":{"has_planks":"2024-11-20 00:02:15 +0000"},"done":true},"minecraft:recipes/building_blocks/spruce_stairs":{"criteria":{"has_planks":"2024-11-20 00:02:15 +0000"},"done":true},"minecraft:recipes/building_blocks/spruce_slab":{"criteria":{"has_planks":"2024-11-20 00:02:15 +0000"},"done":true},"minecraft:recipes/building_blocks/stripped_oak_wood":{"criteria":{"has_log":"2024-11-20 00:04:08 +0000"},"done":true},"minecraft:recipes/decorations/oak_hanging_sign":{"criteria":{"has_stripped_logs":"2024-11-20 00:04:08 +0000"},"done":true},"minecraft:recipes/misc/green_dye":{"criteria":{"has_cactus":"2024-11-20 00:21:52 +0000"},"done":true},"minecraft:recipes/redstone/trapped_chest":{"criteria":{"has_tripwire_hook":"2024-11-20 02:25:15 +0000"},"done":true},"minecraft:adventure/ol_betsy":{"criteria":{"shot_crossbow":"2024-11-20 02:26:12 +0000"},"done":true},"minecraft:recipes/food/rabbit_stew_from_brown_mushroom":{"criteria":{"has_cooked_rabbit":"2024-11-20 02:48:47 +0000"},"done":true},"minecraft:recipes/food/rabbit_stew_from_red_mushroom":{"criteria":{"has_cooked_rabbit":"2024-11-20 02:48:47 +0000"},"done":true},"minecraft:nether/explore_nether":{"criteria":{"minecraft:crimson_forest":"2024-11-21 04:53:49 +0000","minecraft:nether_wastes":"2024-11-20 03:05:23 +0000"},"done":false},"minecraft:recipes/decorations/composter":{"criteria":{"has_wood_slab":"2024-11-20 05:09:28 +0000"},"done":true},"minecraft:recipes/building_blocks/red_stained_glass":{"criteria":{"has_glass":"2024-11-20 05:12:49 +0000"},"done":true},"minecraft:recipes/building_blocks/light_blue_stained_glass":{"criteria":{"has_glass":"2024-11-20 05:12:49 +0000"},"done":true},"minecraft:recipes/brewing/glass_bottle":{"criteria":{"has_glass":"2024-11-20 05:12:49 +0000"},"done":true},"minecraft:recipes/building_blocks/green_stained_glass":{"criteria":{"has_glass":"2024-11-20 05:12:49 +0000"},"done":true},"minecraft:recipes/building_blocks/brown_stained_glass":{"criteria":{"has_glass":"2024-11-20 05:12:49 +0000"},"done":true},"minecraft:recipes/building_blocks/light_gray_stained_glass":{"criteria":{"has_glass":"2024-11-20 05:12:49 +0000"},"done":true},"minecraft:recipes/building_blocks/blue_stained_glass":{"criteria":{"has_glass":"2024-11-20 05:12:49 +0000"},"done":true},"minecraft:recipes/building_blocks/orange_stained_glass":{"criteria":{"has_glass":"2024-11-20 05:12:49 +0000"},"done":true},"minecraft:recipes/building_blocks/cyan_stained_glass":{"criteria":{"has_glass":"2024-11-20 05:12:49 +0000"},"done":true},"minecraft:recipes/building_blocks/pink_stained_glass":{"criteria":{"has_glass":"2024-11-20 05:12:49 +0000"},"done":true},"minecraft:recipes/building_blocks/black_stained_glass":{"criteria":{"has_glass":"2024-11-20 05:12:49 +0000"},"done":true},"minecraft:recipes/building_blocks/gray_stained_glass":{"criteria":{"has_glass":"2024-11-20 05:12:49 +0000"},"done":true},"minecraft:recipes/building_blocks/purple_stained_glass":{"criteria":{"has_glass":"2024-11-20 05:12:49 +0000"},"done":true},"minecraft:recipes/building_blocks/yellow_stained_glass":{"criteria":{"has_glass":"2024-11-20 05:12:49 +0000"},"done":true},"minecraft:recipes/building_blocks/lime_stained_glass":{"criteria":{"has_glass":"2024-11-20 05:12:49 +0000"},"done":true},"minecraft:recipes/decorations/glass_pane":{"criteria":{"has_glass":"2024-11-20 05:12:49 +0000"},"done":true},"minecraft:recipes/building_blocks/magenta_stained_glass":{"criteria":{"has_glass":"2024-11-20 05:12:49 +0000"},"done":true},"minecraft:recipes/building_blocks/white_stained_glass":{"criteria":{"has_glass":"2024-11-20 05:12:49 +0000"},"done":true},"minecraft:recipes/building_blocks/andesite_stairs_from_andesite_stonecutting":{"criteria":{"has_andesite":"2024-11-20 05:29:25 +0000"},"done":true},"minecraft:recipes/building_blocks/andesite_stairs":{"criteria":{"has_andesite":"2024-11-20 05:29:25 +0000"},"done":true},"minecraft:recipes/building_blocks/polished_andesite_from_andesite_stonecutting":{"criteria":{"has_andesite":"2024-11-20 05:29:25 +0000"},"done":true},"minecraft:recipes/building_blocks/polished_andesite":{"criteria":{"has_andesite":"2024-11-20 05:29:25 +0000"},"done":true},"minecraft:recipes/decorations/andesite_wall_from_andesite_stonecutting":{"criteria":{"has_andesite":"2024-11-20 05:29:25 +0000"},"done":true},"minecraft:recipes/building_blocks/polished_andesite_slab_from_andesite_stonecutting":{"criteria":{"has_andesite":"2024-11-20 05:29:25 +0000"},"done":true},"minecraft:recipes/decorations/andesite_wall":{"criteria":{"has_andesite":"2024-11-20 05:29:25 +0000"},"done":true},"minecraft:recipes/building_blocks/andesite_slab":{"criteria":{"has_andesite":"2024-11-20 05:29:25 +0000"},"done":true},"minecraft:recipes/building_blocks/polished_andesite_stairs_from_andesite_stonecutting":{"criteria":{"has_andesite":"2024-11-20 05:29:25 +0000"},"done":true},"minecraft:recipes/building_blocks/andesite_slab_from_andesite_stonecutting":{"criteria":{"has_andesite":"2024-11-20 05:29:25 +0000"},"done":true},"minecraft:recipes/food/cooked_beef_from_smoking":{"criteria":{"has_beef":"2024-11-21 04:46:17 +0000"},"done":true},"minecraft:recipes/food/cooked_beef":{"criteria":{"has_beef":"2024-11-21 04:46:17 +0000"},"done":true},"minecraft:recipes/food/cooked_beef_from_campfire_cooking":{"criteria":{"has_beef":"2024-11-21 04:46:17 +0000"},"done":true},"minecraft:nether/root":{"criteria":{"entered_nether":"2024-11-21 04:53:49 +0000"},"done":true},"minecraft:story/enter_the_nether":{"criteria":{"entered_nether":"2024-11-21 04:53:49 +0000"},"done":true},"minecraft:recipes/building_blocks/smooth_quartz_slab_from_smooth_quartz_stonecutting":{"criteria":{"has_smooth_quartz":"2024-11-21 05:06:40 +0000"},"done":true},"minecraft:recipes/building_blocks/smooth_quartz_slab":{"criteria":{"has_smooth_quartz":"2024-11-21 05:06:40 +0000"},"done":true},"minecraft:recipes/building_blocks/smooth_quartz_stairs":{"criteria":{"has_smooth_quartz":"2024-11-21 05:06:40 +0000"},"done":true},"minecraft:recipes/building_blocks/smooth_quartz_stairs_from_smooth_quartz_stonecutting":{"criteria":{"has_smooth_quartz":"2024-11-21 05:06:40 +0000"},"done":true},"minecraft:recipes/decorations/blast_furnace":{"criteria":{"has_smooth_stone":"2024-11-21 05:06:51 +0000"},"done":true},"minecraft:recipes/building_blocks/smooth_stone_slab":{"criteria":{"has_smooth_stone":"2024-11-21 05:06:51 +0000"},"done":true},"minecraft:recipes/building_blocks/smooth_stone_slab_from_smooth_stone_stonecutting":{"criteria":{"has_smooth_stone":"2024-11-21 05:06:51 +0000"},"done":true},"minecraft:adventure/whos_the_pillager_now":{"criteria":{"kill_pillager":"2024-11-21 05:24:16 +0000"},"done":true},"minecraft:nether/brew_potion":{"criteria":{"potion":"2024-11-21 05:28:24 +0000"},"done":true},"minecraft:adventure/voluntary_exile":{"criteria":{"voluntary_exile":"2024-11-21 05:33:37 +0000"},"done":true},"minecraft:recipes/misc/nether_brick":{"criteria":{"has_netherrack":"2024-11-24 02:52:35 +0000"},"done":true},"minecraft:recipes/decorations/stone_brick_wall":{"criteria":{"has_stone_bricks":"2024-11-24 02:52:37 +0000"},"done":true},"minecraft:recipes/building_blocks/stone_brick_slab_from_stone_bricks_stonecutting":{"criteria":{"has_stone_bricks":"2024-11-24 02:52:37 +0000"},"done":true},"minecraft:recipes/building_blocks/cracked_stone_bricks":{"criteria":{"has_stone_bricks":"2024-11-24 02:52:37 +0000"},"done":true},"minecraft:recipes/building_blocks/stone_brick_stairs_from_stone_bricks_stonecutting":{"criteria":{"has_stone_bricks":"2024-11-24 02:52:37 +0000"},"done":true},"minecraft:recipes/building_blocks/stone_brick_slab":{"criteria":{"has_stone_bricks":"2024-11-24 02:52:37 +0000"},"done":true},"minecraft:recipes/building_blocks/stone_brick_stairs":{"criteria":{"has_stone_bricks":"2024-11-24 02:52:37 +0000"},"done":true},"minecraft:recipes/building_blocks/chiseled_stone_bricks_from_stone_bricks_stonecutting":{"criteria":{"has_stone_bricks":"2024-11-24 02:52:37 +0000"},"done":true},"minecraft:recipes/building_blocks/chiseled_stone_bricks":{"criteria":{"has_tag":"2024-11-24 02:52:37 +0000"},"done":true},"minecraft:recipes/decorations/stone_brick_wall_from_stone_bricks_stonecutting":{"criteria":{"has_stone_bricks":"2024-11-24 02:52:37 +0000"},"done":true},"minecraft:recipes/food/cooked_mutton_from_smoking":{"criteria":{"has_mutton":"2024-11-24 03:01:34 +0000"},"done":true},"minecraft:recipes/food/cooked_mutton":{"criteria":{"has_mutton":"2024-11-24 03:01:34 +0000"},"done":true},"minecraft:recipes/food/cooked_mutton_from_campfire_cooking":{"criteria":{"has_mutton":"2024-11-24 03:01:34 +0000"},"done":true},"minecraft:story/form_obsidian":{"criteria":{"obsidian":"2024-11-24 03:09:11 +0000"},"done":true},"minecraft:recipes/decorations/enchanting_table":{"criteria":{"has_obsidian":"2024-11-24 03:09:11 +0000"},"done":true},"minecraft:recipes/building_blocks/stripped_birch_wood":{"criteria":{"has_log":"2024-11-24 04:10:08 +0000"},"done":true},"minecraft:recipes/decorations/birch_hanging_sign":{"criteria":{"has_stripped_logs":"2024-11-24 04:10:08 +0000"},"done":true},"minecraft:recipes/misc/white_dye_from_lily_of_the_valley":{"criteria":{"has_lily_of_the_valley":"2024-11-24 04:34:49 +0000"},"done":true},"minecraft:recipes/redstone/sticky_piston":{"criteria":{"has_slime_ball":"2024-11-24 04:37:21 +0000"},"done":true},"minecraft:recipes/redstone/slime_block":{"criteria":{"has_slime_ball":"2024-11-24 04:37:21 +0000"},"done":true},"minecraft:recipes/tools/lead":{"criteria":{"has_slime_ball":"2024-11-24 04:37:21 +0000"},"done":true},"minecraft:recipes/building_blocks/crimson_planks":{"criteria":{"has_logs":"2024-11-25 03:13:41 +0000"},"done":true},"minecraft:recipes/building_blocks/crimson_hyphae":{"criteria":{"has_log":"2024-11-25 03:13:41 +0000"},"done":true},"minecraft:adventure/totem_of_undying":{"criteria":{"used_totem":"2024-11-25 03:43:40 +0000"},"done":true},"minecraft:recipes/decorations/light_blue_glazed_terracotta":{"criteria":{"has_light_blue_terracotta":"2024-11-26 04:27:11 +0000"},"done":true},"minecraft:recipes/building_blocks/dye_light_blue_wool":{"criteria":{"has_needed_dye":"2024-11-26 06:00:46 +0000"},"done":true},"minecraft:recipes/building_blocks/dye_light_blue_bed":{"criteria":{"has_needed_dye":"2024-11-26 06:00:46 +0000"},"done":true},"minecraft:recipes/building_blocks/dye_light_blue_carpet":{"criteria":{"has_needed_dye":"2024-11-26 06:00:46 +0000"},"done":true},"minecraft:recipes/decorations/light_blue_stained_glass_pane_from_glass_pane":{"criteria":{"has_light_blue_dye":"2024-11-26 06:00:46 +0000"},"done":true},"minecraft:recipes/decorations/light_blue_candle":{"criteria":{"has_light_blue_dye":"2024-11-26 06:00:46 +0000"},"done":true},"minecraft:recipes/decorations/light_blue_bed":{"criteria":{"has_light_blue_wool":"2024-11-26 06:00:54 +0000"},"done":true},"minecraft:recipes/decorations/light_blue_carpet":{"criteria":{"has_light_blue_wool":"2024-11-26 06:00:54 +0000"},"done":true},"minecraft:recipes/decorations/light_blue_banner":{"criteria":{"has_light_blue_wool":"2024-11-26 06:00:54 +0000"},"done":true},"minecraft:recipes/redstone/observer":{"criteria":{"has_quartz":"2024-11-26 22:13:54 +0000"},"done":true},"minecraft:recipes/redstone/comparator":{"criteria":{"has_quartz":"2024-11-26 22:13:54 +0000"},"done":true},"minecraft:recipes/building_blocks/diorite":{"criteria":{"has_quartz":"2024-11-26 22:13:54 +0000"},"done":true},"minecraft:recipes/building_blocks/granite":{"criteria":{"has_quartz":"2024-11-26 22:13:54 +0000"},"done":true},"minecraft:recipes/building_blocks/quartz_block":{"criteria":{"has_quartz":"2024-11-26 22:13:54 +0000"},"done":true},"minecraft:recipes/redstone/daylight_detector":{"criteria":{"has_quartz":"2024-11-26 22:13:54 +0000"},"done":true},"minecraft:recipes/building_blocks/bookshelf":{"criteria":{"has_book":"2024-11-26 22:30:14 +0000"},"done":true},"minecraft:recipes/redstone/lectern":{"criteria":{"has_book":"2024-11-26 22:30:14 +0000"},"done":true},"minecraft:recipes/building_blocks/chiseled_bookshelf":{"criteria":{"has_book":"2024-11-26 22:30:14 +0000"},"done":true},"minecraft:recipes/misc/writable_book":{"criteria":{"has_book":"2024-11-26 22:30:14 +0000"},"done":true},"minecraft:recipes/misc/iron_ingot_from_nuggets":{"criteria":{"has_iron_nugget":"2024-11-26 22:38:24 +0000"},"done":true},"minecraft:recipes/building_blocks/warped_planks":{"criteria":{"has_logs":"2024-11-26 22:54:43 +0000"},"done":true},"minecraft:recipes/building_blocks/warped_hyphae":{"criteria":{"has_log":"2024-11-26 22:54:43 +0000"},"done":true},"minecraft:recipes/building_blocks/stripped_crimson_hyphae":{"criteria":{"has_log":"2024-11-26 22:57:57 +0000"},"done":true},"minecraft:recipes/decorations/crimson_hanging_sign":{"criteria":{"has_stripped_logs":"2024-11-26 22:57:57 +0000"},"done":true},"minecraft:recipes/misc/bowl":{"criteria":{"has_mushroom_stew":"2024-11-26 23:21:22 +0000"},"done":true},"minecraft:recipes/food/mushroom_stew":{"criteria":{"has_mushroom_stew":"2024-11-26 23:21:22 +0000"},"done":true},"minecraft:recipes/misc/mojang_banner_pattern":{"criteria":{"has_enchanted_golden_apple":"2024-11-26 23:22:39 +0000"},"done":true},"minecraft:recipes/building_blocks/granite_stairs":{"criteria":{"has_granite":"2024-11-27 00:27:34 +0000"},"done":true},"minecraft:recipes/building_blocks/granite_stairs_from_granite_stonecutting":{"criteria":{"has_granite":"2024-11-27 00:27:34 +0000"},"done":true},"minecraft:recipes/decorations/granite_wall":{"criteria":{"has_granite":"2024-11-27 00:27:34 +0000"},"done":true},"minecraft:recipes/building_blocks/polished_granite_slab_from_granite_stonecutting":{"criteria":{"has_granite":"2024-11-27 00:27:34 +0000"},"done":true},"minecraft:recipes/building_blocks/granite_slab_from_granite_stonecutting":{"criteria":{"has_granite":"2024-11-27 00:27:34 +0000"},"done":true},"minecraft:recipes/building_blocks/polished_granite":{"criteria":{"has_granite":"2024-11-27 00:27:34 +0000"},"done":true},"minecraft:recipes/decorations/granite_wall_from_granite_stonecutting":{"criteria":{"has_granite":"2024-11-27 00:27:34 +0000"},"done":true},"minecraft:recipes/building_blocks/polished_granite_from_granite_stonecutting":{"criteria":{"has_granite":"2024-11-27 00:27:34 +0000"},"done":true},"minecraft:recipes/building_blocks/granite_slab":{"criteria":{"has_granite":"2024-11-27 00:27:34 +0000"},"done":true},"minecraft:recipes/building_blocks/polished_granite_stairs_from_granite_stonecutting":{"criteria":{"has_granite":"2024-11-27 00:27:34 +0000"},"done":true},"minecraft:recipes/building_blocks/smooth_red_sandstone_stairs_from_smooth_red_sandstone_stonecutting":{"criteria":{"has_smooth_red_sandstone":"2024-11-27 00:27:36 +0000"},"done":true},"minecraft:recipes/building_blocks/smooth_red_sandstone_slab":{"criteria":{"has_smooth_red_sandstone":"2024-11-27 00:27:36 +0000"},"done":true},"minecraft:recipes/building_blocks/smooth_red_sandstone_slab_from_smooth_red_sandstone_stonecutting":{"criteria":{"has_smooth_red_sandstone":"2024-11-27 00:27:36 +0000"},"done":true},"minecraft:recipes/decorations/armor_stand":{"criteria":{"has_stone_slab":"2024-11-27 00:27:36 +0000"},"done":true},"minecraft:recipes/building_blocks/smooth_red_sandstone_stairs":{"criteria":{"has_smooth_red_sandstone":"2024-11-27 00:27:36 +0000"},"done":true},"minecraft:recipes/building_blocks/quartz_stairs":{"criteria":{"has_quartz_block":"2024-11-27 00:50:27 +0000"},"done":true},"minecraft:recipes/building_blocks/smooth_quartz":{"criteria":{"has_quartz_block":"2024-11-27 00:50:27 +0000"},"done":true},"minecraft:recipes/building_blocks/quartz_slab":{"criteria":{"has_quartz_block":"2024-11-27 00:50:27 +0000"},"done":true},"minecraft:recipes/building_blocks/chiseled_quartz_block":{"criteria":{"has_quartz_block":"2024-11-27 00:50:27 +0000"},"done":true},"minecraft:recipes/building_blocks/quartz_bricks":{"criteria":{"has_quartz_block":"2024-11-27 00:50:27 +0000"},"done":true},"minecraft:recipes/building_blocks/quartz_bricks_from_quartz_block_stonecutting":{"criteria":{"has_quartz_block":"2024-11-27 00:50:27 +0000"},"done":true},"minecraft:recipes/building_blocks/chiseled_quartz_block_from_quartz_block_stonecutting":{"criteria":{"has_quartz_block":"2024-11-27 00:50:27 +0000"},"done":true},"minecraft:recipes/building_blocks/quartz_pillar_from_quartz_block_stonecutting":{"criteria":{"has_quartz_block":"2024-11-27 00:50:27 +0000"},"done":true},"minecraft:recipes/building_blocks/quartz_slab_from_stonecutting":{"criteria":{"has_quartz_block":"2024-11-27 00:50:27 +0000"},"done":true},"minecraft:recipes/building_blocks/quartz_pillar":{"criteria":{"has_quartz_block":"2024-11-27 00:50:27 +0000"},"done":true},"minecraft:recipes/building_blocks/quartz_stairs_from_quartz_block_stonecutting":{"criteria":{"has_quartz_block":"2024-11-27 00:50:27 +0000"},"done":true},"minecraft:recipes/misc/red_dye_from_tulip":{"criteria":{"has_red_flower":"2024-11-27 01:55:18 +0000"},"done":true},"minecraft:recipes/redstone/repeater":{"criteria":{"has_redstone_torch":"2024-11-27 01:55:18 +0000"},"done":true},"minecraft:recipes/decorations/spruce_hanging_sign":{"criteria":{"has_stripped_logs":"2024-11-27 02:10:06 +0000"},"done":true},"minecraft:recipes/building_blocks/stripped_spruce_wood":{"criteria":{"has_log":"2024-11-27 02:10:06 +0000"},"done":true},"minecraft:recipes/brewing/magma_cream":{"criteria":{"has_blaze_powder":"2024-11-27 04:17:52 +0000"},"done":true},"minecraft:recipes/misc/ender_eye":{"criteria":{"has_blaze_powder":"2024-11-27 04:17:52 +0000"},"done":true},"minecraft:recipes/misc/fire_charge":{"criteria":{"has_blaze_powder":"2024-11-27 04:17:52 +0000"},"done":true},"minecraft:end/dragon_breath":{"criteria":{"dragon_breath":"2024-11-27 04:17:54 +0000"},"done":true},"minecraft:recipes/misc/raw_gold":{"criteria":{"has_raw_gold_block":"2024-11-27 04:28:06 +0000"},"done":true},"minecraft:recipes/misc/sugar_from_honey_bottle":{"criteria":{"has_honey_bottle":"2024-11-27 04:31:47 +0000"},"done":true},"minecraft:recipes/redstone/honey_block":{"criteria":{"has_honey_bottle":"2024-11-27 04:31:47 +0000"},"done":true},"minecraft:recipes/building_blocks/netherite_block":{"criteria":{"has_netherite_ingot":"2024-12-06 03:53:54 +0000"},"done":true},"minecraft:recipes/combat/netherite_boots_smithing":{"criteria":{"has_netherite_ingot":"2024-12-06 03:53:54 +0000"},"done":true},"minecraft:recipes/tools/netherite_shovel_smithing":{"criteria":{"has_netherite_ingot":"2024-12-06 03:53:54 +0000"},"done":true},"minecraft:recipes/combat/netherite_chestplate_smithing":{"criteria":{"has_netherite_ingot":"2024-12-06 03:53:54 +0000"},"done":true},"minecraft:recipes/combat/netherite_sword_smithing":{"criteria":{"has_netherite_ingot":"2024-12-06 03:53:54 +0000"},"done":true},"minecraft:recipes/building_blocks/nether_bricks":{"criteria":{"has_nether_brick":"2024-12-06 03:53:56 +0000"},"done":true},"minecraft:recipes/combat/netherite_leggings_smithing":{"criteria":{"has_netherite_ingot":"2024-12-06 03:53:54 +0000"},"done":true},"minecraft:recipes/tools/netherite_axe_smithing":{"criteria":{"has_netherite_ingot":"2024-12-06 03:53:54 +0000"},"done":true},"minecraft:recipes/tools/netherite_hoe_smithing":{"criteria":{"has_netherite_ingot":"2024-12-06 03:53:54 +0000"},"done":true},"minecraft:recipes/misc/netherite_ingot":{"criteria":{"has_netherite_scrap":"2024-12-06 03:53:53 +0000"},"done":true},"minecraft:recipes/tools/netherite_pickaxe_smithing":{"criteria":{"has_netherite_ingot":"2024-12-06 03:53:54 +0000"},"done":true},"minecraft:recipes/decorations/lodestone":{"criteria":{"has_netherite_ingot":"2024-12-06 03:53:54 +0000"},"done":true},"minecraft:recipes/combat/netherite_helmet_smithing":{"criteria":{"has_netherite_ingot":"2024-12-06 03:53:54 +0000"},"done":true},"DataVersion":3955}