{"minecraft:recipes/decorations/crafting_table":{"criteria":{"unlock_right_away":"2024-11-12 04:11:17 +0000"},"done":true},"minecraft:adventure/adventuring_time":{"criteria":{"minecraft:flower_forest":"2024-11-12 04:32:54 +0000","minecraft:frozen_ocean":"2024-11-17 05:06:54 +0000","minecraft:desert":"2024-11-17 03:31:14 +0000","minecraft:ocean":"2024-11-17 03:36:22 +0000","minecraft:jungle":"2024-11-17 05:13:31 +0000","minecraft:river":"2024-11-12 04:16:21 +0000","minecraft:snowy_plains":"2024-11-17 03:21:55 +0000","minecraft:bamboo_jungle":"2024-11-17 05:28:15 +0000","minecraft:plains":"2024-11-12 04:11:18 +0000","minecraft:warm_ocean":"2024-11-17 03:31:59 +0000"},"done":false},"minecraft:recipes/food/cake":{"criteria":{"has_egg":"2024-11-12 04:11:32 +0000"},"done":true},"minecraft:recipes/misc/charcoal":{"criteria":{"has_log":"2024-11-12 04:11:38 +0000"},"done":true},"minecraft:recipes/building_blocks/oak_planks":{"criteria":{"has_logs":"2024-11-12 04:11:38 +0000"},"done":true},"minecraft:recipes/building_blocks/oak_wood":{"criteria":{"has_log":"2024-11-12 04:11:38 +0000"},"done":true},"minecraft:recipes/building_blocks/oak_slab":{"criteria":{"has_planks":"2024-11-12 04:13:42 +0000"},"done":true},"minecraft:recipes/decorations/oak_sign":{"criteria":{"has_planks":"2024-11-12 04:13:42 +0000"},"done":true},"minecraft:recipes/redstone/oak_trapdoor":{"criteria":{"has_planks":"2024-11-12 04:13:42 +0000"},"done":true},"minecraft:recipes/redstone/oak_fence_gate":{"criteria":{"has_planks":"2024-11-12 04:13:42 +0000"},"done":true},"minecraft:recipes/redstone/oak_pressure_plate":{"criteria":{"has_planks":"2024-11-12 04:13:42 +0000"},"done":true},"minecraft:recipes/redstone/oak_door":{"criteria":{"has_planks":"2024-11-12 04:13:42 +0000"},"done":true},"minecraft:recipes/misc/stick":{"criteria":{"has_planks":"2024-11-12 04:13:42 +0000"},"done":true},"minecraft:recipes/building_blocks/oak_stairs":{"criteria":{"has_planks":"2024-11-12 04:13:42 +0000"},"done":true},"minecraft:recipes/decorations/oak_fence":{"criteria":{"has_planks":"2024-11-12 04:13:42 +0000"},"done":true},"minecraft:recipes/decorations/barrel":{"criteria":{"has_planks":"2024-11-12 04:13:42 +0000"},"done":true},"minecraft:recipes/redstone/oak_button":{"criteria":{"has_planks":"2024-11-12 04:13:42 +0000"},"done":true},"minecraft:recipes/decorations/ladder":{"criteria":{"has_stick":"2024-11-12 04:13:45 +0000"},"done":true},"minecraft:recipes/decorations/campfire":{"criteria":{"has_stick":"2024-11-12 04:13:45 +0000"},"done":true},"minecraft:recipes/tools/wooden_hoe":{"criteria":{"has_stick":"2024-11-12 04:13:45 +0000"},"done":true},"minecraft:recipes/tools/wooden_pickaxe":{"criteria":{"has_stick":"2024-11-12 04:13:45 +0000"},"done":true},"minecraft:recipes/tools/wooden_axe":{"criteria":{"has_stick":"2024-11-12 04:13:45 +0000"},"done":true},"minecraft:recipes/tools/wooden_shovel":{"criteria":{"has_stick":"2024-11-12 04:13:45 +0000"},"done":true},"minecraft:recipes/combat/wooden_sword":{"criteria":{"has_stick":"2024-11-12 04:13:45 +0000"},"done":true},"minecraft:story/root":{"criteria":{"crafting_table":"2024-11-12 04:13:45 +0000"},"done":true},"minecraft:recipes/redstone/lever":{"criteria":{"has_cobblestone":"2024-11-12 04:14:16 +0000"},"done":true},"minecraft:recipes/combat/stone_sword":{"criteria":{"has_cobblestone":"2024-11-12 04:14:16 +0000"},"done":true},"minecraft:recipes/decorations/cobblestone_wall":{"criteria":{"has_cobblestone":"2024-11-12 04:14:16 +0000"},"done":true},"minecraft:recipes/tools/stone_pickaxe":{"criteria":{"has_cobblestone":"2024-11-12 04:14:16 +0000"},"done":true},"minecraft:recipes/tools/stone_axe":{"criteria":{"has_cobblestone":"2024-11-12 04:14:16 +0000"},"done":true},"minecraft:story/mine_stone":{"criteria":{"get_stone":"2024-11-12 04:14:16 +0000"},"done":true},"minecraft:recipes/decorations/furnace":{"criteria":{"has_cobblestone":"2024-11-12 04:14:16 +0000"},"done":true},"minecraft:recipes/building_blocks/cobblestone_slab":{"criteria":{"has_cobblestone":"2024-11-12 04:14:16 +0000"},"done":true},"minecraft:recipes/building_blocks/cobblestone_slab_from_cobblestone_stonecutting":{"criteria":{"has_cobblestone":"2024-11-12 04:14:16 +0000"},"done":true},"minecraft:recipes/building_blocks/stone":{"criteria":{"has_cobblestone":"2024-11-12 04:14:16 +0000"},"done":true},"minecraft:recipes/decorations/cobblestone_wall_from_cobblestone_stonecutting":{"criteria":{"has_cobblestone":"2024-11-12 04:14:16 +0000"},"done":true},"minecraft:recipes/building_blocks/cobblestone_stairs_from_cobblestone_stonecutting":{"criteria":{"has_cobblestone":"2024-11-12 04:14:16 +0000"},"done":true},"minecraft:recipes/building_blocks/cobblestone_stairs":{"criteria":{"has_cobblestone":"2024-11-12 04:14:16 +0000"},"done":true},"minecraft:recipes/tools/stone_hoe":{"criteria":{"has_cobblestone":"2024-11-12 04:14:16 +0000"},"done":true},"minecraft:recipes/tools/stone_shovel":{"criteria":{"has_cobblestone":"2024-11-12 04:14:16 +0000"},"done":true},"minecraft:recipes/decorations/chest":{"criteria":{"has_lots_of_items":"2024-11-12 04:17:23 +0000"},"done":true},"minecraft:recipes/decorations/torch":{"criteria":{"has_stone_pickaxe":"2024-11-12 04:17:25 +0000"},"done":true},"minecraft:story/upgrade_tools":{"criteria":{"stone_pickaxe":"2024-11-12 04:17:25 +0000"},"done":true},"minecraft:recipes/building_blocks/lime_concrete_powder":{"criteria":{"has_sand":"2024-11-12 04:19:23 +0000"},"done":true},"minecraft:recipes/building_blocks/light_gray_concrete_powder":{"criteria":{"has_sand":"2024-11-12 04:19:23 +0000"},"done":true},"minecraft:recipes/building_blocks/pink_concrete_powder":{"criteria":{"has_sand":"2024-11-12 04:19:23 +0000"},"done":true},"minecraft:recipes/building_blocks/orange_concrete_powder":{"criteria":{"has_sand":"2024-11-12 04:19:23 +0000"},"done":true},"minecraft:recipes/building_blocks/red_concrete_powder":{"criteria":{"has_sand":"2024-11-12 04:19:23 +0000"},"done":true},"minecraft:recipes/building_blocks/magenta_concrete_powder":{"criteria":{"has_sand":"2024-11-12 04:19:23 +0000"},"done":true},"minecraft:recipes/building_blocks/brown_concrete_powder":{"criteria":{"has_sand":"2024-11-12 04:19:23 +0000"},"done":true},"minecraft:recipes/building_blocks/light_blue_concrete_powder":{"criteria":{"has_sand":"2024-11-12 04:19:23 +0000"},"done":true},"minecraft:recipes/building_blocks/glass":{"criteria":{"has_smelts_to_glass":"2024-11-12 04:19:23 +0000"},"done":true},"minecraft:recipes/building_blocks/green_concrete_powder":{"criteria":{"has_sand":"2024-11-12 04:19:23 +0000"},"done":true},"minecraft:recipes/building_blocks/blue_concrete_powder":{"criteria":{"has_sand":"2024-11-12 04:19:23 +0000"},"done":true},"minecraft:recipes/building_blocks/yellow_concrete_powder":{"criteria":{"has_sand":"2024-11-12 04:19:23 +0000"},"done":true},"minecraft:recipes/building_blocks/sandstone":{"criteria":{"has_sand":"2024-11-12 04:19:23 +0000"},"done":true},"minecraft:recipes/building_blocks/white_concrete_powder":{"criteria":{"has_sand":"2024-11-12 04:19:23 +0000"},"done":true},"minecraft:recipes/building_blocks/gray_concrete_powder":{"criteria":{"has_sand":"2024-11-12 04:19:23 +0000"},"done":true},"minecraft:recipes/building_blocks/black_concrete_powder":{"criteria":{"has_sand":"2024-11-12 04:19:23 +0000"},"done":true},"minecraft:recipes/building_blocks/purple_concrete_powder":{"criteria":{"has_sand":"2024-11-12 04:19:23 +0000"},"done":true},"minecraft:recipes/building_blocks/cyan_concrete_powder":{"criteria":{"has_sand":"2024-11-12 04:19:23 +0000"},"done":true},"minecraft:recipes/transportation/mangrove_boat":{"criteria":{"in_water":"2024-11-12 04:19:28 +0000"},"done":true},"minecraft:recipes/transportation/acacia_boat":{"criteria":{"in_water":"2024-11-12 04:19:28 +0000"},"done":true},"minecraft:recipes/transportation/cherry_boat":{"criteria":{"in_water":"2024-11-12 04:19:28 +0000"},"done":true},"minecraft:recipes/transportation/bamboo_raft":{"criteria":{"in_water":"2024-11-12 04:19:28 +0000"},"done":true},"minecraft:recipes/transportation/spruce_boat":{"criteria":{"in_water":"2024-11-12 04:19:28 +0000"},"done":true},"minecraft:recipes/transportation/birch_boat":{"criteria":{"in_water":"2024-11-12 04:19:28 +0000"},"done":true},"minecraft:recipes/transportation/oak_boat":{"criteria":{"in_water":"2024-11-12 04:19:28 +0000"},"done":true},"minecraft:recipes/transportation/jungle_boat":{"criteria":{"in_water":"2024-11-12 04:19:28 +0000"},"done":true},"minecraft:recipes/transportation/dark_oak_boat":{"criteria":{"in_water":"2024-11-12 04:19:28 +0000"},"done":true},"minecraft:husbandry/plant_seed":{"criteria":{"wheat":"2024-11-12 04:19:40 +0000"},"done":true},"minecraft:recipes/misc/iron_ingot_from_smelting_raw_iron":{"criteria":{"has_raw_iron":"2024-11-12 04:23:53 +0000"},"done":true},"minecraft:recipes/building_blocks/raw_iron_block":{"criteria":{"has_raw_iron":"2024-11-12 04:23:53 +0000"},"done":true},"minecraft:recipes/misc/iron_ingot_from_blasting_raw_iron":{"criteria":{"has_raw_iron":"2024-11-12 04:23:53 +0000"},"done":true},"minecraft:recipes/combat/iron_sword":{"criteria":{"has_iron_ingot":"2024-11-12 04:24:48 +0000"},"done":true},"minecraft:recipes/tools/iron_pickaxe":{"criteria":{"has_iron_ingot":"2024-11-12 04:24:48 +0000"},"done":true},"minecraft:recipes/combat/iron_leggings":{"criteria":{"has_iron_ingot":"2024-11-12 04:24:48 +0000"},"done":true},"minecraft:recipes/combat/shield":{"criteria":{"has_iron_ingot":"2024-11-12 04:24:48 +0000"},"done":true},"minecraft:recipes/redstone/hopper":{"criteria":{"has_iron_ingot":"2024-11-12 04:24:48 +0000"},"done":true},"minecraft:recipes/decorations/iron_bars":{"criteria":{"has_iron_ingot":"2024-11-12 04:24:48 +0000"},"done":true},"minecraft:recipes/combat/iron_boots":{"criteria":{"has_iron_ingot":"2024-11-12 04:24:48 +0000"},"done":true},"minecraft:recipes/combat/iron_chestplate":{"criteria":{"has_iron_ingot":"2024-11-12 04:24:48 +0000"},"done":true},"minecraft:recipes/decorations/lantern":{"criteria":{"has_iron_ingot":"2024-11-12 04:24:48 +0000"},"done":true},"minecraft:recipes/misc/iron_nugget":{"criteria":{"has_iron_ingot":"2024-11-12 04:24:48 +0000"},"done":true},"minecraft:recipes/misc/bucket":{"criteria":{"has_iron_ingot":"2024-11-12 04:24:48 +0000"},"done":true},"minecraft:recipes/combat/iron_helmet":{"criteria":{"has_iron_ingot":"2024-11-12 04:24:48 +0000"},"done":true},"minecraft:recipes/transportation/minecart":{"criteria":{"has_iron_ingot":"2024-11-12 04:24:48 +0000"},"done":true},"minecraft:recipes/tools/iron_hoe":{"criteria":{"has_iron_ingot":"2024-11-12 04:24:48 +0000"},"done":true},"minecraft:recipes/tools/iron_shovel":{"criteria":{"has_iron_ingot":"2024-11-12 04:24:48 +0000"},"done":true},"minecraft:story/smelt_iron":{"criteria":{"iron":"2024-11-12 04:24:48 +0000"},"done":true},"minecraft:recipes/tools/shears":{"criteria":{"has_iron_ingot":"2024-11-12 04:24:48 +0000"},"done":true},"minecraft:recipes/redstone/iron_trapdoor":{"criteria":{"has_iron_ingot":"2024-11-12 04:24:48 +0000"},"done":true},"minecraft:recipes/decorations/chain":{"criteria":{"has_iron_ingot":"2024-11-12 04:24:48 +0000"},"done":true},"minecraft:recipes/building_blocks/iron_block":{"criteria":{"has_iron_ingot":"2024-11-12 04:24:48 +0000"},"done":true},"minecraft:recipes/tools/iron_axe":{"criteria":{"has_iron_ingot":"2024-11-12 04:24:48 +0000"},"done":true},"minecraft:recipes/combat/crossbow":{"criteria":{"has_iron_ingot":"2024-11-12 04:24:48 +0000"},"done":true},"minecraft:recipes/decorations/smithing_table":{"criteria":{"has_iron_ingot":"2024-11-12 04:24:48 +0000"},"done":true},"minecraft:recipes/redstone/iron_door":{"criteria":{"has_iron_ingot":"2024-11-12 04:24:48 +0000"},"done":true},"minecraft:recipes/redstone/heavy_weighted_pressure_plate":{"criteria":{"has_iron_ingot":"2024-11-12 04:24:48 +0000"},"done":true},"minecraft:recipes/brewing/cauldron":{"criteria":{"has_water_bucket":"2024-11-12 04:25:13 +0000"},"done":true},"minecraft:adventure/root":{"criteria":{"killed_something":"2024-11-12 04:30:27 +0000"},"done":true},"minecraft:adventure/kill_all_mobs":{"criteria":{"minecraft:cave_spider":"2024-11-17 03:43:08 +0000","minecraft:skeleton":"2024-11-12 04:30:38 +0000","minecraft:enderman":"2024-11-12 04:32:13 +0000","minecraft:witch":"2024-11-12 04:51:52 +0000","minecraft:spider":"2024-11-12 05:01:26 +0000","minecraft:zombie":"2024-11-12 04:30:27 +0000","minecraft:creeper":"2024-11-12 04:31:01 +0000","minecraft:zombie_villager":"2024-11-17 05:21:48 +0000","minecraft:husk":"2024-11-17 03:37:43 +0000"},"done":false},"minecraft:adventure/kill_a_mob":{"criteria":{"minecraft:zombie":"2024-11-12 04:30:27 +0000"},"done":true},"minecraft:story/deflect_arrow":{"criteria":{"deflected_projectile":"2024-11-12 04:30:37 +0000"},"done":true},"minecraft:recipes/misc/bone_meal":{"criteria":{"has_bone":"2024-11-12 04:30:40 +0000"},"done":true},"minecraft:recipes/misc/sugar_from_sugar_cane":{"criteria":{"has_sugar_cane":"2024-11-12 04:31:17 +0000"},"done":true},"minecraft:recipes/misc/paper":{"criteria":{"has_reeds":"2024-11-12 04:31:17 +0000"},"done":true},"minecraft:recipes/transportation/dark_oak_chest_boat":{"criteria":{"has_boat":"2024-11-12 04:32:02 +0000"},"done":true},"minecraft:recipes/transportation/bamboo_chest_raft":{"criteria":{"has_boat":"2024-11-12 04:32:02 +0000"},"done":true},"minecraft:recipes/transportation/spruce_chest_boat":{"criteria":{"has_boat":"2024-11-12 04:32:02 +0000"},"done":true},"minecraft:recipes/transportation/jungle_chest_boat":{"criteria":{"has_boat":"2024-11-12 04:32:02 +0000"},"done":true},"minecraft:recipes/transportation/acacia_chest_boat":{"criteria":{"has_boat":"2024-11-12 04:32:02 +0000"},"done":true},"minecraft:recipes/transportation/mangrove_chest_boat":{"criteria":{"has_boat":"2024-11-12 04:32:02 +0000"},"done":true},"minecraft:recipes/transportation/oak_chest_boat":{"criteria":{"has_boat":"2024-11-12 04:32:02 +0000"},"done":true},"minecraft:recipes/transportation/cherry_chest_boat":{"criteria":{"has_boat":"2024-11-12 04:32:02 +0000"},"done":true},"minecraft:recipes/transportation/birch_chest_boat":{"criteria":{"has_boat":"2024-11-12 04:32:02 +0000"},"done":true},"minecraft:recipes/misc/flower_banner_pattern":{"criteria":{"has_oxeye_daisy":"2024-11-12 04:34:57 +0000"},"done":true},"minecraft:recipes/misc/light_gray_dye_from_oxeye_daisy":{"criteria":{"has_oxeye_daisy":"2024-11-12 04:34:57 +0000"},"done":true},"minecraft:recipes/misc/blue_dye_from_cornflower":{"criteria":{"has_cornflower":"2024-11-12 04:34:58 +0000"},"done":true},"minecraft:recipes/building_blocks/coal_block":{"criteria":{"has_coal":"2024-11-12 04:36:55 +0000"},"done":true},"minecraft:recipes/misc/yellow_dye_from_dandelion":{"criteria":{"has_dandelion":"2024-11-12 04:40:07 +0000"},"done":true},"minecraft:recipes/misc/pink_dye_from_peony":{"criteria":{"has_peony":"2024-11-12 04:41:42 +0000"},"done":true},"minecraft:recipes/redstone/birch_button":{"criteria":{"has_planks":"2024-11-12 04:41:44 +0000"},"done":true},"minecraft:recipes/redstone/birch_door":{"criteria":{"has_planks":"2024-11-12 04:41:44 +0000"},"done":true},"minecraft:recipes/decorations/birch_fence":{"criteria":{"has_planks":"2024-11-12 04:41:44 +0000"},"done":true},"minecraft:recipes/redstone/birch_trapdoor":{"criteria":{"has_planks":"2024-11-12 04:41:44 +0000"},"done":true},"minecraft:recipes/decorations/birch_sign":{"criteria":{"has_planks":"2024-11-12 04:41:44 +0000"},"done":true},"minecraft:recipes/redstone/birch_fence_gate":{"criteria":{"has_planks":"2024-11-12 04:41:44 +0000"},"done":true},"minecraft:recipes/redstone/birch_pressure_plate":{"criteria":{"has_planks":"2024-11-12 04:41:44 +0000"},"done":true},"minecraft:recipes/building_blocks/birch_slab":{"criteria":{"has_planks":"2024-11-12 04:41:44 +0000"},"done":true},"minecraft:recipes/building_blocks/birch_stairs":{"criteria":{"has_planks":"2024-11-12 04:41:44 +0000"},"done":true},"minecraft:husbandry/balanced_diet":{"criteria":{"cooked_porkchop":"2024-11-12 05:54:53 +0000","bread":"2024-11-12 05:03:05 +0000","cooked_chicken":"2024-11-12 05:42:19 +0000","rotten_flesh":"2024-11-12 04:42:01 +0000","carrot":"2024-11-12 05:42:27 +0000"},"done":false},"minecraft:husbandry/root":{"criteria":{"consumed_item":"2024-11-12 04:42:01 +0000"},"done":true},"minecraft:recipes/building_blocks/stone_bricks":{"criteria":{"has_stone":"2024-11-12 04:45:21 +0000"},"done":true},"minecraft:recipes/building_blocks/stone_brick_slab_from_stone_stonecutting":{"criteria":{"has_stone":"2024-11-12 04:45:21 +0000"},"done":true},"minecraft:recipes/building_blocks/stone_brick_stairs_from_stone_stonecutting":{"criteria":{"has_stone":"2024-11-12 04:45:21 +0000"},"done":true},"minecraft:recipes/building_blocks/stone_slab_from_stone_stonecutting":{"criteria":{"has_stone":"2024-11-12 04:45:21 +0000"},"done":true},"minecraft:recipes/building_blocks/stone_bricks_from_stone_stonecutting":{"criteria":{"has_stone":"2024-11-12 04:45:21 +0000"},"done":true},"minecraft:recipes/building_blocks/stone_slab":{"criteria":{"has_stone":"2024-11-12 04:45:21 +0000"},"done":true},"minecraft:recipes/building_blocks/chiseled_stone_bricks_stone_from_stonecutting":{"criteria":{"has_stone":"2024-11-12 04:45:21 +0000"},"done":true},"minecraft:recipes/building_blocks/stone_stairs_from_stone_stonecutting":{"criteria":{"has_stone":"2024-11-12 04:45:21 +0000"},"done":true},"minecraft:recipes/redstone/stone_button":{"criteria":{"has_stone":"2024-11-12 04:45:21 +0000"},"done":true},"minecraft:recipes/decorations/stonecutter":{"criteria":{"has_stone":"2024-11-12 04:45:21 +0000"},"done":true},"minecraft:recipes/redstone/stone_pressure_plate":{"criteria":{"has_stone":"2024-11-12 04:45:21 +0000"},"done":true},"minecraft:recipes/building_blocks/smooth_stone":{"criteria":{"has_stone":"2024-11-12 04:45:21 +0000"},"done":true},"minecraft:recipes/decorations/stone_brick_walls_from_stone_stonecutting":{"criteria":{"has_stone":"2024-11-12 04:45:21 +0000"},"done":true},"minecraft:recipes/building_blocks/stone_stairs":{"criteria":{"has_stone":"2024-11-12 04:45:21 +0000"},"done":true},"minecraft:recipes/building_blocks/dark_oak_planks":{"criteria":{"has_log":"2024-11-12 04:47:28 +0000"},"done":true},"minecraft:recipes/decorations/dark_oak_hanging_sign":{"criteria":{"has_stripped_logs":"2024-11-12 04:47:28 +0000"},"done":true},"minecraft:recipes/building_blocks/stripped_dark_oak_wood":{"criteria":{"has_log":"2024-11-12 04:47:28 +0000"},"done":true},"minecraft:recipes/redstone/redstone_torch":{"criteria":{"has_redstone":"2024-11-12 04:51:53 +0000"},"done":true},"minecraft:recipes/tools/clock":{"criteria":{"has_redstone":"2024-11-12 04:51:53 +0000"},"done":true},"minecraft:recipes/redstone/dropper":{"criteria":{"has_redstone":"2024-11-12 04:51:53 +0000"},"done":true},"minecraft:recipes/redstone/redstone_block":{"criteria":{"has_redstone":"2024-11-12 04:51:53 +0000"},"done":true},"minecraft:recipes/redstone/note_block":{"criteria":{"has_redstone":"2024-11-12 04:51:53 +0000"},"done":true},"minecraft:recipes/redstone/target":{"criteria":{"has_redstone":"2024-11-12 04:51:53 +0000"},"done":true},"minecraft:recipes/tools/compass":{"criteria":{"has_redstone":"2024-11-12 04:51:53 +0000"},"done":true},"minecraft:recipes/redstone/piston":{"criteria":{"has_redstone":"2024-11-12 04:51:53 +0000"},"done":true},"minecraft:recipes/misc/light_gray_dye_from_azure_bluet":{"criteria":{"has_azure_bluet":"2024-11-12 04:52:38 +0000"},"done":true},"minecraft:recipes/redstone/dispenser":{"criteria":{"has_bow":"2024-11-12 04:53:15 +0000"},"done":true},"minecraft:recipes/misc/white_dye":{"criteria":{"has_bone_meal":"2024-11-12 04:53:45 +0000"},"done":true},"minecraft:recipes/building_blocks/bone_block":{"criteria":{"has_bone_meal":"2024-11-12 04:53:45 +0000"},"done":true},"minecraft:recipes/food/bread":{"criteria":{"has_wheat":"2024-11-12 04:55:43 +0000"},"done":true},"minecraft:recipes/building_blocks/hay_block":{"criteria":{"has_wheat":"2024-11-12 04:55:43 +0000"},"done":true},"minecraft:recipes/misc/red_dye_from_rose_bush":{"criteria":{"has_rose_bush":"2024-11-12 04:58:32 +0000"},"done":true},"minecraft:recipes/transportation/carrot_on_a_stick":{"criteria":{"has_carrot":"2024-11-12 05:09:13 +0000"},"done":true},"minecraft:recipes/food/cooked_mutton_from_smoking":{"criteria":{"has_mutton":"2024-11-12 05:10:26 +0000"},"done":true},"minecraft:recipes/food/cooked_mutton":{"criteria":{"has_mutton":"2024-11-12 05:10:26 +0000"},"done":true},"minecraft:recipes/food/cooked_mutton_from_campfire_cooking":{"criteria":{"has_mutton":"2024-11-12 05:10:26 +0000"},"done":true},"minecraft:recipes/misc/firework_rocket_simple":{"criteria":{"has_gunpowder":"2024-11-12 05:12:09 +0000"},"done":true},"minecraft:recipes/redstone/tnt":{"criteria":{"has_gunpowder":"2024-11-12 05:12:09 +0000"},"done":true},"minecraft:recipes/building_blocks/dark_oak_slab":{"criteria":{"has_planks":"2024-11-12 05:15:28 +0000"},"done":true},"minecraft:recipes/redstone/dark_oak_door":{"criteria":{"has_planks":"2024-11-12 05:15:28 +0000"},"done":true},"minecraft:recipes/redstone/dark_oak_fence_gate":{"criteria":{"has_planks":"2024-11-12 05:15:28 +0000"},"done":true},"minecraft:recipes/redstone/dark_oak_trapdoor":{"criteria":{"has_planks":"2024-11-12 05:15:28 +0000"},"done":true},"minecraft:recipes/redstone/dark_oak_button":{"criteria":{"has_planks":"2024-11-12 05:15:28 +0000"},"done":true},"minecraft:recipes/building_blocks/dark_oak_stairs":{"criteria":{"has_planks":"2024-11-12 05:15:28 +0000"},"done":true},"minecraft:recipes/decorations/dark_oak_sign":{"criteria":{"has_planks":"2024-11-12 05:15:28 +0000"},"done":true},"minecraft:recipes/redstone/dark_oak_pressure_plate":{"criteria":{"has_planks":"2024-11-12 05:15:28 +0000"},"done":true},"minecraft:recipes/decorations/dark_oak_fence":{"criteria":{"has_planks":"2024-11-12 05:15:28 +0000"},"done":true},"minecraft:recipes/misc/red_dye_from_poppy":{"criteria":{"has_poppy":"2024-11-12 05:22:28 +0000"},"done":true},"minecraft:recipes/brewing/fermented_spider_eye":{"criteria":{"has_spider_eye":"2024-11-12 05:47:07 +0000"},"done":true},"minecraft:adventure/sleep_in_bed":{"criteria":{"slept_in_bed":"2024-11-12 05:57:13 +0000"},"done":true},"minecraft:recipes/building_blocks/birch_planks":{"criteria":{"has_logs":"2024-11-14 04:51:08 +0000"},"done":true},"minecraft:recipes/building_blocks/birch_wood":{"criteria":{"has_log":"2024-11-14 04:51:08 +0000"},"done":true},"minecraft:recipes/combat/bow":{"criteria":{"has_string":"2024-11-14 05:35:23 +0000"},"done":true},"minecraft:recipes/tools/fishing_rod":{"criteria":{"has_string":"2024-11-14 05:35:23 +0000"},"done":true},"minecraft:recipes/building_blocks/white_wool_from_string":{"criteria":{"has_string":"2024-11-14 05:35:23 +0000"},"done":true},"minecraft:recipes/redstone/tripwire_hook":{"criteria":{"has_string":"2024-11-14 05:35:23 +0000"},"done":true},"minecraft:recipes/decorations/candle":{"criteria":{"has_string":"2024-11-14 05:35:23 +0000"},"done":true},"minecraft:recipes/decorations/loom":{"criteria":{"has_string":"2024-11-14 05:35:23 +0000"},"done":true},"minecraft:recipes/building_blocks/granite_stairs":{"criteria":{"has_granite":"2024-11-14 05:48:45 +0000"},"done":true},"minecraft:recipes/building_blocks/granite_stairs_from_granite_stonecutting":{"criteria":{"has_granite":"2024-11-14 05:48:45 +0000"},"done":true},"minecraft:recipes/decorations/granite_wall":{"criteria":{"has_granite":"2024-11-14 05:48:45 +0000"},"done":true},"minecraft:recipes/building_blocks/polished_granite_slab_from_granite_stonecutting":{"criteria":{"has_granite":"2024-11-14 05:48:45 +0000"},"done":true},"minecraft:recipes/building_blocks/granite_slab_from_granite_stonecutting":{"criteria":{"has_granite":"2024-11-14 05:48:45 +0000"},"done":true},"minecraft:recipes/building_blocks/polished_granite":{"criteria":{"has_granite":"2024-11-14 05:48:45 +0000"},"done":true},"minecraft:recipes/decorations/granite_wall_from_granite_stonecutting":{"criteria":{"has_granite":"2024-11-14 05:48:45 +0000"},"done":true},"minecraft:recipes/building_blocks/polished_granite_from_granite_stonecutting":{"criteria":{"has_granite":"2024-11-14 05:48:45 +0000"},"done":true},"minecraft:recipes/building_blocks/granite_slab":{"criteria":{"has_granite":"2024-11-14 05:48:45 +0000"},"done":true},"minecraft:recipes/building_blocks/polished_granite_stairs_from_granite_stonecutting":{"criteria":{"has_granite":"2024-11-14 05:48:45 +0000"},"done":true},"minecraft:recipes/building_blocks/glowstone":{"criteria":{"has_glowstone_dust":"2024-11-14 05:52:25 +0000"},"done":true},"minecraft:recipes/combat/spectral_arrow":{"criteria":{"has_glowstone_dust":"2024-11-14 05:52:25 +0000"},"done":true},"minecraft:recipes/combat/arrow":{"criteria":{"has_feather":"2024-11-14 05:55:02 +0000"},"done":true},"minecraft:recipes/food/cooked_chicken_from_campfire_cooking":{"criteria":{"has_chicken":"2024-11-14 05:55:04 +0000"},"done":true},"minecraft:recipes/food/cooked_chicken":{"criteria":{"has_chicken":"2024-11-14 05:55:04 +0000"},"done":true},"minecraft:recipes/food/cooked_chicken_from_smoking":{"criteria":{"has_chicken":"2024-11-14 05:55:04 +0000"},"done":true},"minecraft:recipes/building_blocks/emerald_block":{"criteria":{"has_emerald":"2024-11-17 02:44:55 +0000"},"done":true},"minecraft:recipes/misc/gold_ingot_from_smelting_raw_gold":{"criteria":{"has_raw_gold":"2024-11-17 02:45:40 +0000"},"done":true},"minecraft:recipes/building_blocks/raw_gold_block":{"criteria":{"has_raw_gold":"2024-11-17 02:45:40 +0000"},"done":true},"minecraft:recipes/misc/gold_ingot_from_blasting_raw_gold":{"criteria":{"has_raw_gold":"2024-11-17 02:45:40 +0000"},"done":true},"minecraft:recipes/food/baked_potato_from_campfire_cooking":{"criteria":{"has_potato":"2024-11-17 02:46:26 +0000"},"done":true},"minecraft:recipes/food/baked_potato_from_smoking":{"criteria":{"has_potato":"2024-11-17 02:46:26 +0000"},"done":true},"minecraft:recipes/food/baked_potato":{"criteria":{"has_potato":"2024-11-17 02:46:26 +0000"},"done":true},"minecraft:adventure/trade":{"criteria":{"traded":"2024-11-17 02:47:22 +0000"},"done":true},"minecraft:recipes/building_blocks/bookshelf":{"criteria":{"has_book":"2024-11-17 02:48:00 +0000"},"done":true},"minecraft:recipes/redstone/lectern":{"criteria":{"has_book":"2024-11-17 02:48:00 +0000"},"done":true},"minecraft:recipes/building_blocks/chiseled_bookshelf":{"criteria":{"has_book":"2024-11-17 02:48:00 +0000"},"done":true},"minecraft:recipes/misc/writable_book":{"criteria":{"has_book":"2024-11-17 02:48:00 +0000"},"done":true},"minecraft:recipes/misc/book":{"criteria":{"has_paper":"2024-11-17 02:52:00 +0000"},"done":true},"minecraft:recipes/decorations/cartography_table":{"criteria":{"has_paper":"2024-11-17 02:52:00 +0000"},"done":true},"minecraft:adventure/shoot_arrow":{"criteria":{"shot_arrow":"2024-11-17 02:55:00 +0000"},"done":true},"minecraft:recipes/building_blocks/sandstone_stairs":{"criteria":{"has_cut_sandstone":"2024-11-17 03:40:12 +0000"},"done":true},"minecraft:recipes/building_blocks/cut_sandstone_slab":{"criteria":{"has_cut_sandstone":"2024-11-17 03:40:12 +0000"},"done":true},"minecraft:recipes/building_blocks/cut_sandstone_slab_from_cut_sandstone_stonecutting":{"criteria":{"has_cut_sandstone":"2024-11-17 03:40:12 +0000"},"done":true},"minecraft:recipes/tools/golden_axe":{"criteria":{"has_gold_ingot":"2024-11-17 03:43:21 +0000"},"done":true},"minecraft:recipes/tools/golden_pickaxe":{"criteria":{"has_gold_ingot":"2024-11-17 03:43:21 +0000"},"done":true},"minecraft:recipes/misc/gold_nugget":{"criteria":{"has_gold_ingot":"2024-11-17 03:43:21 +0000"},"done":true},"minecraft:recipes/tools/golden_shovel":{"criteria":{"has_gold_ingot":"2024-11-17 03:43:21 +0000"},"done":true},"minecraft:recipes/food/golden_apple":{"criteria":{"has_gold_ingot":"2024-11-17 03:43:21 +0000"},"done":true},"minecraft:recipes/combat/golden_boots":{"criteria":{"has_gold_ingot":"2024-11-17 03:43:21 +0000"},"done":true},"minecraft:recipes/combat/golden_helmet":{"criteria":{"has_gold_ingot":"2024-11-17 03:43:21 +0000"},"done":true},"minecraft:recipes/combat/golden_sword":{"criteria":{"has_gold_ingot":"2024-11-17 03:43:21 +0000"},"done":true},"minecraft:recipes/building_blocks/gold_block":{"criteria":{"has_gold_ingot":"2024-11-17 03:43:21 +0000"},"done":true},"minecraft:recipes/combat/golden_chestplate":{"criteria":{"has_gold_ingot":"2024-11-17 03:43:21 +0000"},"done":true},"minecraft:recipes/tools/golden_hoe":{"criteria":{"has_gold_ingot":"2024-11-17 03:43:21 +0000"},"done":true},"minecraft:recipes/redstone/light_weighted_pressure_plate":{"criteria":{"has_gold_ingot":"2024-11-17 03:43:21 +0000"},"done":true},"minecraft:recipes/combat/golden_leggings":{"criteria":{"has_gold_ingot":"2024-11-17 03:43:21 +0000"},"done":true},"minecraft:recipes/building_blocks/sandstone_slab":{"criteria":{"has_sandstone":"2024-11-17 03:45:06 +0000"},"done":true},"minecraft:recipes/building_blocks/cut_sandstone_from_sandstone_stonecutting":{"criteria":{"has_sandstone":"2024-11-17 03:45:06 +0000"},"done":true},"minecraft:recipes/building_blocks/chiseled_sandstone_from_sandstone_stonecutting":{"criteria":{"has_sandstone":"2024-11-17 03:45:06 +0000"},"done":true},"minecraft:recipes/building_blocks/smooth_sandstone":{"criteria":{"has_sandstone":"2024-11-17 03:45:06 +0000"},"done":true},"minecraft:recipes/decorations/sandstone_wall_from_sandstone_stonecutting":{"criteria":{"has_sandstone":"2024-11-17 03:45:06 +0000"},"done":true},"minecraft:recipes/building_blocks/cut_sandstone_slab_from_sandstone_stonecutting":{"criteria":{"has_sandstone":"2024-11-17 03:45:06 +0000"},"done":true},"minecraft:recipes/building_blocks/cut_sandstone":{"criteria":{"has_sandstone":"2024-11-17 03:45:06 +0000"},"done":true},"minecraft:recipes/building_blocks/sandstone_slab_from_sandstone_stonecutting":{"criteria":{"has_sandstone":"2024-11-17 03:45:06 +0000"},"done":true},"minecraft:recipes/building_blocks/sandstone_stairs_from_sandstone_stonecutting":{"criteria":{"has_sandstone":"2024-11-17 03:45:06 +0000"},"done":true},"minecraft:recipes/decorations/sandstone_wall":{"criteria":{"has_sandstone":"2024-11-17 03:45:06 +0000"},"done":true},"minecraft:recipes/misc/blue_dye":{"criteria":{"has_lapis_lazuli":"2024-11-17 03:45:18 +0000"},"done":true},"minecraft:recipes/building_blocks/lapis_block":{"criteria":{"has_lapis_lazuli":"2024-11-17 03:45:18 +0000"},"done":true},"minecraft:husbandry/bred_all_animals":{"criteria":{"minecraft:cow":"2024-11-17 04:52:25 +0000","minecraft:sheep":"2024-11-17 04:52:16 +0000"},"done":false},"minecraft:husbandry/breed_an_animal":{"criteria":{"bred":"2024-11-17 04:52:16 +0000"},"done":true},"minecraft:husbandry/tame_an_animal":{"criteria":{"tamed_animal":"2024-11-17 05:19:58 +0000"},"done":true},"minecraft:recipes/misc/stick_from_bamboo_item":{"criteria":{"has_bamboo":"2024-11-17 05:22:16 +0000"},"done":true},"minecraft:recipes/building_blocks/bamboo_block":{"criteria":{"has_bamboo":"2024-11-17 05:22:16 +0000"},"done":true},"minecraft:recipes/decorations/scaffolding":{"criteria":{"has_bamboo":"2024-11-17 05:22:16 +0000"},"done":true},"minecraft:recipes/misc/iron_nugget_from_smelting":{"criteria":{"has_iron_pickaxe":"2024-11-18 03:24:12 +0000"},"done":true},"minecraft:story/iron_tools":{"criteria":{"iron_pickaxe":"2024-11-18 03:24:12 +0000"},"done":true},"minecraft:recipes/misc/iron_nugget_from_blasting":{"criteria":{"has_iron_pickaxe":"2024-11-18 03:24:12 +0000"},"done":true},"DataVersion":3955}